# Blender 4.5.4 LTS
# www.blender.org
mtllib Mesh.032.mtl
o LampJoined_Low
v 0.034492 -16.888159 8.005036
v 0.034492 -14.812362 8.927474
v 0.870690 -16.948032 8.139776
v 0.870690 -14.872234 9.062213
v 1.606030 -17.120434 8.527742
v 1.606029 -15.044636 9.450180
v 2.151819 -17.384569 9.122143
v 2.151820 -15.308776 10.044580
v 2.442228 -17.708584 9.851283
v 2.442228 -15.632788 10.773720
v 2.442228 -18.053392 10.627217
v 2.442227 -15.977596 11.549655
v 2.151820 -18.377411 11.356357
v 2.151819 -16.301613 12.278794
v 1.606030 -18.641548 11.950757
v 1.606030 -16.565752 12.873194
v 0.870690 -18.813955 12.338724
v 0.870690 -16.738157 13.261161
v 0.034493 -18.873833 12.473463
v 0.034494 -16.798038 13.395901
v -0.801706 -18.813959 12.338724
v -0.801705 -16.738167 13.261162
v -1.537045 -18.641558 11.950757
v -1.537047 -16.565762 12.873195
v -2.082835 -18.377422 11.356358
v -2.082835 -16.301624 12.278794
v -2.373242 -18.053410 10.627218
v -2.373243 -15.977612 11.549655
v -2.373244 -17.708599 9.851284
v -2.373243 -15.632805 10.773721
v -2.082835 -17.384584 9.122144
v -2.082836 -15.308788 10.044581
v -1.537047 -17.120443 8.527744
v -1.537047 -15.044646 9.450181
v -0.801707 -16.948036 8.139776
v -0.801707 -14.872239 9.062214
v 1.017791 -14.171018 8.871585
v 0.034492 -14.100615 8.713143
v 1.882490 -14.373749 9.327802
v 2.524292 -14.684351 10.026768
v 2.865788 -15.065364 10.884173
v 2.865787 -15.470829 11.796609
v 2.524291 -15.851847 12.654015
v 1.882488 -16.162451 13.352980
v 1.017790 -16.365189 13.809197
v 0.034493 -16.435598 13.967640
v -0.948805 -16.365196 13.809197
v -1.813504 -16.162466 13.352981
v -2.455307 -15.851861 12.654016
v -2.796803 -15.470850 11.796610
v -2.796803 -15.065385 10.884175
v -2.455309 -14.684367 10.026770
v -1.813506 -14.373758 9.327803
v -0.948807 -14.171025 8.871585
v 0.817604 -13.260613 9.885189
v 0.034493 -13.204542 9.759004
v 1.506259 -13.422069 10.248526
v 2.017400 -13.669437 10.805190
v 2.289371 -13.972881 11.488039
v 2.289370 -14.295798 12.214713
v 2.017400 -14.599245 12.897562
v 1.506259 -14.846615 13.454226
v 0.817603 -15.008077 13.817563
v 0.034492 -15.064153 13.943749
v -0.748619 -15.008081 13.817564
v -1.437274 -14.846625 13.454226
v -1.948414 -14.599257 12.897563
v -2.220387 -14.295814 12.214714
v -2.220387 -13.972896 11.488040
v -1.948416 -13.669451 10.805191
v -1.437275 -13.422080 10.248527
v -0.748620 -13.260617 9.885189
v -5.064508 3.157886 -11.933295
v -1.252560 -0.026869 -12.388917
v -8.985306 5.958506 -9.484949
v -10.904751 8.037209 -6.182669
v -12.228627 9.143262 -2.131829
v -12.228625 9.143261 2.178986
v -10.904748 8.037207 6.229827
v -8.416676 5.958508 9.532100
v -5.064508 3.157886 11.687508
v -1.252562 -0.026865 12.436074
v 2.559383 -3.211617 11.687508
v 6.438750 -6.272924 9.263135
v 8.441851 -8.090943 6.229829
v 9.723503 -9.196998 2.178990
v 9.723504 -9.196997 -2.131824
v 8.399632 -8.090947 -6.182663
v 5.911564 -6.012251 -9.484941
v 2.559393 -3.211626 -11.640350
v 3.732131 -2.267368 12.379234
v -10.530489 9.648565 -6.550730
v -0.305879 1.106252 -13.125037
v 7.810297 -5.494763 9.827037
v -11.932877 10.820213 -2.259655
v 9.960953 -7.436060 6.597889
v -11.932877 10.820213 2.306812
v 11.321116 -8.607707 2.306816
v -10.530487 9.648566 6.597887
v 11.321118 -8.607711 -2.259650
v -7.894862 7.446592 10.096002
v 9.918736 -7.436064 -6.550724
v -4.343895 4.479878 12.379234
v -4.343894 4.479879 -12.625024
v 7.283113 -5.234093 -10.048843
v -0.305881 1.106255 13.172194
v -8.463491 7.446588 -10.048850
v 3.732142 -2.267376 -12.332078
v 3.029977 -2.642762 11.679103
v -10.424453 8.597956 -6.178198
v -0.779220 0.539694 -12.379973
v 6.906926 -5.702047 9.256284
v -11.747375 9.703213 -2.130276
v 8.908234 -7.518569 6.225357
v -11.747375 9.703211 2.177433
v 10.188932 -8.623826 2.177437
v -10.424451 8.597954 6.225355
v 10.188932 -8.623826 -2.130271
v -7.938175 6.520756 9.525249
v 8.866016 -7.518573 -6.178192
v -4.588421 3.722152 11.679103
v -4.588419 3.722148 -11.924891
v 6.379740 -5.441373 -9.478090
v -0.779221 0.539693 12.427131
v -8.506803 6.520755 -9.478097
v 3.029987 -2.642770 -11.631945
v -5.200086 3.240720 -12.302320
v -1.267536 -0.044793 -12.781623
v -9.226938 6.129946 -9.785779
v -11.225098 8.274412 -6.379022
v -12.590858 9.415459 -2.200021
v -12.590858 9.415459 2.247179
v -11.225097 8.274410 6.426179
v -8.658310 6.129948 9.832931
v -5.200086 3.240720 12.056530
v -1.267538 -0.044789 12.828779
v 2.665009 -3.330300 12.056530
v 6.650431 -6.480211 9.563966
v 8.732248 -8.363995 6.426181
v 10.055783 -9.505038 2.247183
v 10.055786 -9.505041 -2.200016
v 8.690031 -8.363998 -6.379016
v 6.123244 -6.219537 -9.785771
v 2.665020 -3.330308 -12.009374
v 3.447948 -2.991961 12.958028
v -11.482791 9.482164 -6.858699
v -0.779220 0.539694 -13.740976
v 7.692457 -6.358332 10.298873
v -12.950874 10.708695 -2.366612
v 9.966575 -8.402777 6.905859
v -12.950872 10.708694 2.413769
v 11.392432 -9.629307 2.413773
v -11.482790 9.482161 6.905857
v 11.392435 -9.629311 -2.366606
v -8.723703 7.177040 10.567838
v 9.924356 -8.402781 -6.858693
v -5.006392 4.071352 12.958028
v -5.006392 4.071352 -13.203816
v 7.165270 -6.097658 -10.520679
v -0.779221 0.539693 13.788134
v -0.290906 1.124179 13.588189
v -9.292333 7.177036 -10.520686
v -8.688616 7.665107 -10.367521
v 3.447958 -2.991971 -12.910871
v 3.874871 -2.356187 -12.722984
v 7.538186 -5.416761 -10.367514
v -4.456673 4.604537 -13.015931
v -4.456673 4.604537 12.770142
v 10.257193 -7.688398 -6.758721
v -0.290904 1.124176 -13.541033
v -8.119986 7.665109 10.414673
v 11.703944 -8.897110 -2.331886
v -10.838999 9.936749 6.805884
v 11.703943 -8.897110 2.379053
v -12.285753 11.145464 2.379049
v 10.299411 -7.688394 6.805886
v -12.285755 11.145466 -2.331892
v 8.065372 -5.677435 10.145708
v -10.838997 9.936750 -6.758728
v 3.874861 -2.356179 12.770142
v 5.087148 3.157916 -12.585615
v 0.782528 -0.417908 -13.762988
v 8.439318 5.958559 -10.284668
v 10.927391 8.037273 -6.759403
v 12.251266 9.143336 -2.435031
v 12.251265 9.143335 2.166871
v 10.927387 8.037272 6.491244
v 8.439318 5.958559 10.016501
v 5.087148 3.157916 12.317452
v 0.707773 -0.417906 13.751531
v -2.536744 -3.211634 12.738659
v -5.888914 -6.012281 10.016502
v -8.376987 -8.090996 6.491245
v -9.700861 -9.197054 2.166875
v -9.700863 -9.197060 -2.435025
v -8.376991 -8.091002 -6.759397
v -5.888924 -6.012288 -10.284659
v -2.536754 -3.211641 -12.585612
v -3.709491 -2.267391 13.477095
v 10.553128 9.648632 -7.152317
v -0.164152 0.715206 -14.548815
v -7.260462 -5.234129 10.618482
v 11.955517 10.820284 -2.571488
v -9.896091 -7.436123 6.884159
v 11.955516 10.820284 2.303328
v -11.298476 -8.607779 2.303332
v 10.553128 9.648628 6.884157
v -11.298476 -8.607779 -2.571483
v 7.917504 7.446636 10.618481
v -9.896093 -7.436129 -7.152310
v 4.366534 4.479902 13.055888
v 4.366534 4.479902 -13.324052
v -7.260471 -5.234137 -10.886639
v -0.238908 0.715208 14.537357
v 7.917504 7.446636 -10.886646
v -3.709502 -2.267402 -13.324048
v -3.007337 -2.642783 12.729687
v 10.447092 8.598017 -6.754630
v 0.309188 0.148651 -13.753441
v -6.357092 -5.441407 10.009189
v 11.770014 9.703284 -2.433373
v -8.843372 -7.518626 6.486472
v 11.770013 9.703283 2.165213
v -10.166291 -8.623889 2.165217
v 10.447089 8.598016 6.486470
v -10.166293 -8.623890 -2.433367
v 7.960814 6.520803 10.009188
v -8.843375 -7.518631 -6.754623
v 4.611061 3.722176 12.308480
v 4.611060 3.722176 -12.576644
v -6.357101 -5.441418 -10.277346
v 0.234434 0.148649 13.741983
v 7.960814 6.520803 -10.277353
v -3.007347 -2.642790 -12.576639
v 5.222725 3.240750 -12.979557
v 0.797504 -0.435831 -14.182211
v 8.680949 6.129999 -10.605811
v 11.247738 8.274481 -6.969014
v 12.613499 9.415537 -2.507828
v 12.613498 9.415533 2.239668
v 11.247735 8.274481 6.700855
v 8.680949 6.129999 10.337646
v 5.222726 3.240750 12.711393
v 0.722749 -0.435830 14.170753
v -2.642370 -3.330318 13.132600
v -6.100595 -6.219568 10.337646
v -8.667386 -8.364052 6.700856
v -10.033144 -9.505102 2.239672
v -10.033147 -9.505108 -2.507822
v -8.667391 -8.364057 -6.969008
v -6.100604 -6.219574 -10.605803
v -2.642380 -3.330325 -12.979553
v -3.425308 -2.991986 14.094971
v 11.505431 9.482234 -7.481081
v 0.309188 0.148651 -15.206345
v -7.142620 -6.097695 11.122178
v 12.973513 10.708776 -2.685668
v -9.901712 -8.402840 7.212924
v 12.973513 10.708772 2.417507
v -11.369792 -9.629381 2.417511
v 11.505430 9.482229 7.212922
v -11.369794 -9.629381 -2.685661
v 8.746343 7.177092 11.122177
v -9.901716 -8.402844 -7.481075
v 5.029032 4.071383 13.673764
v 5.029032 4.071379 -13.941928
v -7.142629 -6.097702 -11.390335
v 0.234434 0.148649 15.194887
v -0.253882 0.733131 14.981441
v 8.746343 7.177092 -11.390343
v 8.142627 7.665157 -11.226835
v -3.425320 -2.991994 -13.941924
v -3.852230 -2.356211 -13.741351
v -7.515546 -5.416807 -11.226828
v 4.479312 4.604561 -13.741355
v 4.479312 4.604561 13.473191
v -10.234553 -7.688465 -7.374352
v -0.179128 0.733129 -14.992900
v 8.142627 7.665157 10.958670
v -11.681304 -8.897186 -2.648597
v 10.861638 9.936815 7.106199
v -11.681304 -8.897186 2.380447
v 12.308393 11.145540 2.380443
v -10.234549 -7.688463 7.106201
v 12.308394 11.145541 -2.648603
v -7.515537 -5.416800 10.958671
v 10.861639 9.936815 -7.374359
v -3.852221 -2.356204 13.894398
v -6.987989 30.069389 -1.050797
v -6.987989 30.069389 0.782618
v -6.987988 28.481600 1.699326
v -6.987988 26.893816 0.782618
v -6.987988 26.893816 -1.050797
v -6.987988 28.481600 -1.967504
v -7.748802 30.040936 -1.050796
v -7.748802 30.040936 0.782618
v -7.666117 28.455305 1.699326
v -7.583431 26.869671 0.782618
v -7.583431 26.869671 -1.050797
v -7.666117 28.455305 -1.967504
v -9.451625 29.861074 -1.050796
v -9.451625 29.861074 0.782618
v -9.177536 28.297125 1.699326
v -8.903446 26.733177 0.782618
v -8.903446 26.733177 -1.050797
v -9.177536 28.297125 -1.967505
v -11.390150 29.309074 -1.050797
v -11.390150 29.309074 0.782618
v -10.780788 27.842878 1.699326
v -10.171427 26.376678 0.782618
v -10.171427 26.376678 -1.050797
v -10.780788 27.842878 -1.967504
v -13.354918 28.125469 -1.050796
v -13.354918 28.125469 0.782618
v -12.337813 26.906223 1.699326
v -11.320712 25.686981 0.782618
v -11.320710 25.686981 -1.050797
v -12.337813 26.906223 -1.967504
v -15.061852 26.134520 -1.050797
v -15.061852 26.134520 0.782618
v -13.710558 25.300819 1.699326
v -12.359262 24.467115 0.782618
v -12.359262 24.467115 -1.050797
v -13.710556 25.300821 -1.967505
v -15.741717 24.820141 -1.050797
v -15.741717 24.820141 0.782618
v -14.284706 24.189135 1.699326
v -12.827695 23.558132 0.782618
v -12.827695 23.558132 -1.050797
v -14.284706 24.189135 -1.967504
v -16.726694 21.664852 -1.050797
v -16.726694 21.664852 0.782618
v -15.179625 21.307592 1.699326
v -13.632556 20.950333 0.782618
v -13.632556 20.950333 -1.050797
v -15.179625 21.307592 -1.967504
v -17.409389 17.916553 -1.050796
v -17.409389 17.916553 0.782618
v -15.839009 17.682121 1.699326
v -14.268628 17.447687 0.782618
v -14.268628 17.447687 -1.050797
v -15.839009 17.682121 -1.967504
v -17.971643 13.683675 -1.050796
v -17.971640 13.683676 0.782619
v -16.396086 13.487003 1.699326
v -14.820528 13.290330 0.782619
v -14.820528 13.290330 -1.050796
v -16.396086 13.487003 -1.967504
v -18.557110 9.112484 -1.050796
v -18.557110 9.112484 0.782619
v -16.984081 8.896523 1.699327
v -15.411053 8.680564 0.782619
v -15.411053 8.680564 -1.050796
v -16.984081 8.896523 -1.967503
v -19.737133 1.917776 -1.050795
v -19.737133 1.917776 0.782620
v -18.172525 1.647477 1.699328
v -16.607920 1.377173 0.782620
v -16.607920 1.377173 -1.050795
v -18.172525 1.647473 -1.967503
v -20.377939 -3.132084 -1.050794
v -20.377939 -3.132084 0.782621
v -18.792423 -3.216860 1.699329
v -17.206905 -3.301633 0.782621
v -17.206905 -3.301633 -1.050794
v -18.792423 -3.216860 -1.967502
v -20.375618 -5.719881 -1.050793
v -20.375618 -5.719881 0.782622
v -18.791185 -5.616769 1.699329
v -17.206751 -5.513657 0.782622
v -17.206751 -5.513657 -1.050794
v -18.791185 -5.616769 -1.967501
v -20.008028 -8.328982 -1.050793
v -20.008028 -8.328982 0.782622
v -18.459707 -7.977197 1.699329
v -16.911383 -7.625415 0.782622
v -16.911383 -7.625415 -1.050793
v -18.459707 -7.977197 -1.967500
v -19.160158 -10.922032 -1.050792
v -19.160154 -10.922031 0.782623
v -17.705917 -10.284656 1.699330
v -16.251677 -9.647280 0.782622
v -16.251682 -9.647277 -1.050793
v -17.705917 -10.284656 -1.967500
v -17.734695 -13.441572 -1.050791
v -17.734695 -13.441572 0.782623
v -16.437721 -12.525648 1.699330
v -15.140748 -11.609716 0.782623
v -15.140748 -11.609716 -1.050792
v -16.437721 -12.525648 -1.967499
v -15.662346 -15.832384 -1.050791
v -15.662346 -15.832384 0.782624
v -14.563047 -14.686692 1.699332
v -13.463746 -13.540998 0.782624
v -13.463750 -13.540999 -1.050792
v -14.563046 -14.686696 -1.967499
v -12.886189 -18.064859 -1.050790
v -12.886189 -18.064859 0.782625
v -11.989807 -16.754299 1.699332
v -11.093425 -15.443735 0.782624
v -11.093425 -15.443735 -1.050791
v -11.989807 -16.754299 -1.967498
v -10.705276 -19.309402 -1.050790
v -10.705276 -19.309399 0.782625
v -10.412447 -17.748850 1.699332
v -10.119618 -16.188295 0.782624
v -10.119619 -16.188301 -1.050791
v -10.412447 -17.748850 -1.967498
v 6.866467 30.069431 -1.050796
v 6.866467 30.069431 0.782619
v 6.866467 28.481646 1.699326
v 6.866468 26.893856 0.782619
v 6.866468 26.893856 -1.050796
v 6.866467 28.481646 -1.967504
v 7.627280 30.040983 -1.050796
v 7.627280 30.040983 0.782619
v 7.544595 28.455349 1.699326
v 7.461910 26.869717 0.782619
v 7.461910 26.869717 -1.050796
v 7.544595 28.455349 -1.967504
v 9.330105 29.861134 -1.050796
v 9.330105 29.861134 0.782619
v 9.056015 28.297182 1.699327
v 8.781925 26.733229 0.782619
v 8.781925 26.733229 -1.050796
v 9.056015 28.297182 -1.967504
v 11.268627 29.309145 -1.050796
v 11.268627 29.309145 0.782619
v 10.659266 27.842943 1.699327
v 10.049903 26.376741 0.782619
v 10.049903 26.376741 -1.050796
v 10.659266 27.842943 -1.967504
v 13.233395 28.125551 -1.050795
v 13.233395 28.125551 0.782619
v 12.216291 26.906301 1.699327
v 11.199193 25.687048 0.782619
v 11.199191 25.687048 -1.050796
v 12.216291 26.906301 -1.967503
v 14.940331 26.134611 -1.050795
v 14.940331 26.134611 0.782620
v 13.589037 25.300901 1.699327
v 12.237741 24.467194 0.782619
v 12.237741 24.467194 -1.050796
v 13.589037 25.300903 -1.967504
v 16.165318 23.321444 -1.050795
v 16.165318 23.321444 0.782620
v 14.648410 22.852337 1.699327
v 13.131504 22.383232 0.782620
v 13.131505 22.383230 -1.050796
v 14.648410 22.852337 -1.967503
v 16.971399 19.859335 -1.050795
v 16.971399 19.859335 0.782620
v 15.408909 19.577047 1.699327
v 13.846417 19.294762 0.782620
v 13.846417 19.294762 -1.050795
v 15.408909 19.577047 -1.967503
v 17.574682 15.852248 -1.050794
v 17.574682 15.852248 0.782620
v 16.000486 15.644971 1.699327
v 14.426289 15.437696 0.782620
v 14.426289 15.437696 -1.050795
v 16.000486 15.644971 -1.967502
v 18.131496 11.430471 -1.050794
v 18.131496 11.430471 0.782620
v 16.556372 11.230392 1.699327
v 14.981243 11.030315 0.782620
v 14.981243 11.030315 -1.050795
v 16.556372 11.230392 -1.967502
v 18.778772 6.751198 -1.050794
v 18.778772 6.751198 0.782621
v 17.209787 6.507595 1.699328
v 15.640800 6.263995 0.782621
v 15.640800 6.263995 -1.050794
v 17.209787 6.507596 -1.967501
v 19.615608 1.917898 -1.050793
v 19.615608 1.917898 0.782622
v 18.051003 1.647586 1.699329
v 16.486399 1.377274 0.782622
v 16.486399 1.377274 -1.050794
v 18.051003 1.647586 -1.967501
v 20.256424 -3.131959 -1.050792
v 20.256422 -3.131956 0.782623
v 18.670904 -3.216746 1.699330
v 17.085386 -3.301528 0.782623
v 17.085386 -3.301528 -1.050793
v 18.670904 -3.216746 -1.967500
v 20.254099 -5.719757 -1.050792
v 20.254099 -5.719757 0.782623
v 18.669664 -5.616657 1.699331
v 17.085230 -5.513554 0.782623
v 17.085230 -5.513554 -1.050792
v 18.669664 -5.616657 -1.967499
v 19.886511 -8.328861 -1.050791
v 19.886511 -8.328857 0.782624
v 18.338184 -7.977083 1.699331
v 16.789860 -7.625309 0.782623
v 16.789862 -7.625312 -1.050792
v 18.338184 -7.977083 -1.967499
v 19.038641 -10.921915 -1.050790
v 19.038637 -10.921915 0.782624
v 17.584396 -10.284546 1.699332
v 16.130154 -9.647177 0.782624
v 16.130159 -9.647180 -1.050792
v 17.584396 -10.284546 -1.967499
v 17.613176 -13.441464 -1.050790
v 17.613176 -13.441464 0.782625
v 16.316204 -12.525548 1.699332
v 15.019226 -11.609625 0.782624
v 15.019228 -11.609624 -1.050791
v 16.316204 -12.525548 -1.967498
v 15.540823 -15.832291 -1.050790
v 15.540825 -15.832291 0.782626
v 14.441525 -14.686604 1.699333
v 13.342228 -13.540915 0.782625
v 13.342228 -13.540919 -1.050791
v 14.441526 -14.686604 -1.967498
v 12.764668 -18.064785 -1.050789
v 12.764668 -18.064781 0.782626
v 11.868286 -16.754223 1.699333
v 10.971905 -15.443669 0.782625
v 10.971905 -15.443669 -1.050790
v 11.868286 -16.754223 -1.967497
v 10.583756 -19.309336 -1.050789
v 10.583757 -19.309336 0.782626
v 10.290928 -17.748787 1.699333
v 9.998098 -16.188236 0.782625
v 9.998099 -16.188240 -1.050790
v 10.290928 -17.748787 -1.967497
v -1.063941 38.185387 1.188794
v -1.063940 38.480614 1.188794
v -1.063941 38.185387 -1.456960
v -1.063940 38.480614 -1.456960
v 1.132921 38.185394 1.188794
v 1.132923 38.480618 1.188794
v 1.132921 38.185394 -1.456960
v 1.132923 38.480618 -1.456960
v 0.034490 38.564976 -1.456960
v 0.034490 38.860207 -1.456960
v 0.034490 38.564976 1.188794
v 0.034490 38.860207 1.188794
v -0.532872 38.185387 -1.456960
v -0.532873 38.480618 1.188794
v -0.532873 38.480618 -1.456960
v -0.532872 38.185387 1.188794
v 0.601855 38.480621 -1.456960
v 0.601855 38.185390 1.188794
v 0.601855 38.185390 -1.456960
v 0.601855 38.480621 1.188794
v 0.318173 38.429409 -1.456960
v 0.318172 38.724644 1.188794
v 0.318172 38.724644 -1.456960
v 0.318173 38.429409 1.188794
v -0.249190 38.724640 -1.456960
v -0.249191 38.429409 1.188794
v -0.249191 38.429409 -1.456960
v -0.249190 38.724640 1.188794
v -1.093982 42.450657 3.671219
v -1.088209 42.432873 3.532964
v -1.200241 42.386677 3.463838
v -1.318046 42.358265 3.532964
v -1.323818 42.376049 3.671219
v -1.211787 42.422245 3.740345
v -1.394622 43.376801 3.404382
v -1.377856 43.325150 3.275872
v -1.484391 43.262020 3.211616
v -1.607693 43.250542 3.275871
v -1.624458 43.302193 3.404382
v -1.517924 43.365322 3.468637
v -1.657656 44.187092 2.905883
v -1.631315 44.105949 2.795494
v -1.733064 44.028072 2.740300
v -1.861153 44.031338 2.795494
v -1.887493 44.112484 2.905883
v -1.785745 44.190361 2.961076
v -1.871766 44.846672 2.212423
v -1.837683 44.741676 2.127111
v -1.935560 44.651875 2.084455
v -2.067520 44.667065 2.127111
v -2.101604 44.772060 2.212423
v -2.003726 44.861866 2.255079
v -2.025680 45.320816 1.360505
v -1.986002 45.198586 1.306202
v -2.081082 45.100166 1.279050
v -2.215840 45.123974 1.306202
v -2.255517 45.246204 1.360505
v -2.160438 45.344627 1.387657
v -2.108068 45.574615 0.386789
v -2.065380 45.443115 0.368091
v -2.158956 45.340061 0.358742
v -2.295218 45.368504 0.368091
v -2.337905 45.500004 0.386789
v -2.244330 45.603062 0.396138
v -2.108068 45.574615 -0.654954
v -2.065380 45.443115 -0.636257
v -2.158956 45.340061 -0.626908
v -2.295218 45.368504 -0.636257
v -2.337905 45.500004 -0.654954
v -2.244330 45.603062 -0.664303
v -2.025680 45.320816 -1.628671
v -1.986002 45.198586 -1.574368
v -2.081082 45.100166 -1.547217
v -2.215840 45.123974 -1.574368
v -2.255517 45.246204 -1.628671
v -2.160438 45.344627 -1.655823
v -1.871766 44.846672 -2.480588
v -1.837683 44.741676 -2.395277
v -1.935560 44.651875 -2.352621
v -2.067520 44.667065 -2.395277
v -2.101604 44.772060 -2.480588
v -2.003726 44.861866 -2.523244
v -1.657656 44.187092 -3.174048
v -1.631315 44.105949 -3.063659
v -1.733064 44.028072 -3.008465
v -1.861153 44.031338 -3.063659
v -1.887493 44.112484 -3.174048
v -1.785745 44.190361 -3.229242
v -1.394622 43.376801 -3.672547
v -1.377856 43.325150 -3.544037
v -1.484391 43.262020 -3.479782
v -1.607693 43.250542 -3.544037
v -1.624458 43.302193 -3.672547
v -1.517924 43.365322 -3.736802
v -1.093982 42.450657 -3.939384
v -1.088209 42.432873 -3.801130
v -1.200241 42.386677 -3.732003
v -1.318046 42.358265 -3.801130
v -1.323818 42.376049 -3.939384
v -1.211787 42.422245 -4.008511
v -0.772339 41.459816 -3.939384
v -0.778112 41.477596 -3.801130
v -0.895917 41.449184 -3.732003
v -1.007948 41.402988 -3.801130
v -1.002175 41.385208 -3.939384
v -0.884371 41.413616 -4.008511
v -0.471699 40.533672 -3.672547
v -0.488465 40.585320 -3.544037
v -0.611767 40.573845 -3.479782
v -0.718301 40.510712 -3.544037
v -0.701535 40.459064 -3.672547
v -0.578234 40.470543 -3.736802
v -0.208665 39.723377 -3.174048
v -0.235006 39.804523 -3.063659
v -0.363094 39.807789 -3.008465
v -0.464842 39.729916 -3.063659
v -0.438502 39.648769 -3.174048
v -0.310414 39.645504 -3.229242
v 0.005445 39.063797 -2.480588
v -0.028638 39.168793 -2.395277
v -0.160598 39.183987 -2.352621
v -0.258474 39.094185 -2.395277
v -0.224391 38.989189 -2.480588
v -0.092433 38.973999 -2.523244
v 0.159359 38.589657 -1.628671
v 0.119681 38.711887 -1.574368
v -0.015077 38.735699 -1.547216
v -0.110155 38.637280 -1.574368
v -0.070478 38.515049 -1.628671
v 0.064279 38.491238 -1.655823
v 0.241747 38.335854 -0.654955
v 0.199059 38.467358 -0.636257
v 0.062797 38.495800 -0.626908
v -0.030777 38.392750 -0.636257
v 0.011910 38.261246 -0.654955
v 0.148171 38.232803 -0.664304
v 0.252572 38.302505 -0.134083
v 0.209497 38.435204 -0.134083
v 0.073041 38.464245 -0.134083
v -0.020339 38.360596 -0.134083
v 0.022735 38.227898 -0.134083
v 0.159191 38.198856 -0.134083
v 0.241747 38.335854 0.386789
v 0.199059 38.467358 0.368091
v 0.062797 38.495800 0.358742
v -0.030777 38.392750 0.368091
v 0.011910 38.261246 0.386789
v 0.148171 38.232803 0.396138
v 0.159359 38.589657 1.360505
v 0.119681 38.711887 1.306202
v -0.015077 38.735699 1.279051
v -0.110155 38.637280 1.306202
v -0.070478 38.515049 1.360505
v 0.064279 38.491238 1.387657
v 0.005445 39.063797 2.212423
v -0.028638 39.168793 2.127111
v -0.160598 39.183987 2.084455
v -0.258474 39.094185 2.127111
v -0.224391 38.989189 2.212423
v -0.092433 38.973999 2.255079
v -0.208665 39.723377 2.905883
v -0.235006 39.804523 2.795494
v -0.363094 39.807789 2.740300
v -0.464842 39.729916 2.795494
v -0.438502 39.648769 2.905883
v -0.310414 39.645504 2.961076
v -0.471699 40.533672 3.404382
v -0.488465 40.585320 3.275872
v -0.611767 40.573845 3.211616
v -0.718301 40.510712 3.275871
v -0.701535 40.459064 3.404382
v -0.578234 40.470543 3.468637
v -0.772339 41.459816 3.671219
v -0.778112 41.477596 3.532965
v -0.895917 41.449184 3.463838
v -1.007948 41.402988 3.532964
v -1.002175 41.385208 3.671219
v -0.884371 41.413616 3.740345
v -1.774056 62.855850 0.212331
v -1.618405 62.487370 0.212331
v -1.540579 62.303139 -0.134079
v -1.618405 62.487370 -0.480489
v -1.774056 62.855850 -0.480489
v -1.851885 63.040081 -0.134079
v -2.873810 62.373028 0.212331
v -2.707718 62.009140 0.212331
v -2.624670 61.827194 -0.134079
v -2.707718 62.009140 -0.480489
v -2.873810 62.373028 -0.480489
v -2.956853 62.554966 -0.134079
v -4.555826 61.556923 0.212331
v -4.372344 61.201488 0.212331
v -4.280605 61.023773 -0.134079
v -4.372344 61.201488 -0.480489
v -4.555826 61.556923 -0.480489
v -4.647568 61.734642 -0.134079
v -7.329372 59.951645 0.212331
v -7.110782 59.616650 0.212331
v -7.001487 59.449154 -0.134079
v -7.110782 59.616650 -0.480489
v -7.329372 59.951645 -0.480489
v -7.438669 60.119141 -0.134079
v -10.339808 57.618778 0.212331
v -10.065897 57.327274 0.212331
v -9.928944 57.181526 -0.134079
v -10.065897 57.327274 -0.480489
v -10.339808 57.618778 -0.480489
v -10.476763 57.764530 -0.134079
v -11.612316 56.283760 0.212331
v -11.307396 56.024879 0.212331
v -11.154934 55.895439 -0.134079
v -11.307396 56.024879 -0.480489
v -11.612316 56.283760 -0.480489
v -11.764775 56.413212 -0.134079
v -12.703861 54.830276 0.212331
v -12.369893 54.610123 0.212331
v -12.202909 54.500050 -0.134079
v -12.369893 54.610123 -0.480489
v -12.703861 54.830276 -0.480489
v -12.870842 54.940346 -0.134079
v -13.866417 52.696602 0.212331
v -13.500348 52.535381 0.212331
v -13.317310 52.454765 -0.134079
v -13.500346 52.535381 -0.480490
v -13.866417 52.696602 -0.480490
v -14.049450 52.777210 -0.134079
v -14.680796 50.326027 0.212330
v -14.293202 50.227184 0.212330
v -14.099401 50.177765 -0.134080
v -14.293202 50.227184 -0.480490
v -14.680796 50.326027 -0.480490
v -14.874593 50.375446 -0.134080
v -15.133731 47.704670 0.212330
v -14.735681 47.665230 0.212330
v -14.536654 47.645504 -0.134080
v -14.735681 47.665230 -0.480491
v -15.133731 47.704670 -0.480491
v -15.332756 47.724396 -0.134080
v -15.269464 44.846390 0.212329
v -14.869504 44.840660 0.212329
v -14.669523 44.837795 -0.134081
v -14.869504 44.840660 -0.480491
v -15.269464 44.846390 -0.480491
v -15.469443 44.849258 -0.134081
v -15.289000 41.811527 0.212328
v -14.889030 41.806526 0.212328
v -14.689045 41.804020 -0.134082
v -14.889030 41.806526 -0.480492
v -15.289000 41.811527 -0.480492
v -15.488982 41.814030 -0.134082
v -15.416809 38.663589 0.212328
v -15.018120 38.631241 0.212328
v -14.818775 38.615070 -0.134083
v -15.018122 38.631245 -0.480493
v -15.416809 38.663593 -0.480493
v -15.616156 38.679764 -0.134083
v -15.590634 37.067474 0.212327
v -15.194547 37.011669 0.212327
v -14.996502 36.983765 -0.134083
v -15.194545 37.011669 -0.480493
v -15.590634 37.067474 -0.480493
v -15.788678 37.095375 -0.134083
v -15.874415 35.467316 0.212327
v -15.483609 35.382050 0.212327
v -15.288207 35.339420 -0.134084
v -15.483609 35.382050 -0.480494
v -15.874415 35.467316 -0.480494
v -16.069818 35.509953 -0.134084
v -16.295036 33.869522 0.212326
v -15.912598 33.752304 0.212326
v -15.721377 33.693695 -0.134084
v -15.912598 33.752304 -0.480494
v -16.295036 33.869522 -0.480494
v -16.486256 33.928135 -0.134084
v -16.839655 32.270199 0.212326
v -16.463554 32.134010 0.212326
v -16.275503 32.065918 -0.134084
v -16.463554 32.134010 -0.480494
v -16.839655 32.270199 -0.480494
v -17.027706 32.338291 -0.134084
v -17.435724 30.665239 0.212326
v -17.060366 30.527012 0.212326
v -16.872688 30.457897 -0.134085
v -17.060366 30.527012 -0.480495
v -17.435724 30.665239 -0.480495
v -17.623402 30.734350 -0.134085
v -18.004673 29.052191 0.212325
v -17.624233 28.928631 0.212325
v -17.434013 28.866856 -0.134085
v -17.624233 28.928631 -0.480495
v -18.004673 29.052191 -0.480495
v -18.194893 29.113962 -0.134085
v -18.466972 27.427588 0.212325
v -18.077324 27.337189 0.212325
v -17.882496 27.291988 -0.134085
v -18.077324 27.337189 -0.480495
v -18.466972 27.427588 -0.480495
v -18.661797 27.472790 -0.134085
v -18.741627 25.787600 0.212325
v -18.343273 25.751387 0.212325
v -18.144094 25.733282 -0.134086
v -18.343273 25.751387 -0.480496
v -18.741627 25.787600 -0.480496
v -18.940807 25.805702 -0.134086
v -18.745735 24.129827 0.212324
v -18.347610 24.168476 0.212324
v -18.148548 24.187801 -0.134086
v -18.347610 24.168476 -0.480496
v -18.745735 24.129827 -0.480496
v -18.944805 24.110502 -0.134086
v -18.396059 22.456097 0.212324
v -18.016224 22.581497 0.212324
v -17.826309 22.644197 -0.134086
v -18.016224 22.581497 -0.480496
v -18.396059 22.456097 -0.480496
v -18.585979 22.393396 -0.134086
v -17.613178 20.772146 0.212324
v -17.271168 20.979576 0.212324
v -17.100161 21.083294 -0.134086
v -17.271166 20.979578 -0.480497
v -17.613178 20.772146 -0.480497
v -17.784185 20.668432 -0.134087
v -16.962210 19.868019 0.212323
v -16.791414 20.229723 0.212324
v -16.706013 20.410574 -0.134087
v -16.791412 20.229723 -0.480497
v -16.962210 19.868019 -0.480497
v -17.047609 19.687168 -0.134087
v -0.678396 63.169807 0.212331
v -0.661995 62.770142 0.212331
v -0.653794 62.570309 -0.134079
v -0.661995 62.770142 -0.480489
v -0.678396 63.169807 -0.480489
v -0.686596 63.369637 -0.134079
v 0.360504 62.861160 0.212331
v 0.208422 62.491203 0.212331
v 0.132379 62.306217 -0.134079
v 0.208422 62.491203 -0.480489
v 0.360504 62.861160 -0.480489
v 0.436542 63.046143 -0.134079
v 1.464872 62.389008 0.212331
v 1.302309 62.023529 0.212331
v 1.221023 61.840794 -0.134079
v 1.302309 62.023529 -0.480489
v 1.464872 62.389008 -0.480489
v 1.546156 62.571751 -0.134079
v 3.719890 61.298161 0.212331
v 3.533474 60.944252 0.212331
v 3.440262 60.767300 -0.134079
v 3.533474 60.944252 -0.480489
v 3.719890 61.298161 -0.480489
v 3.813097 61.475113 -0.134079
v 7.008951 59.293015 0.212331
v 6.776796 58.967274 0.212331
v 6.660719 58.804405 -0.134079
v 6.776796 58.967274 -0.480489
v 7.008951 59.293015 -0.480489
v 7.125029 59.455879 -0.134079
v 9.853073 56.838512 0.212331
v 9.561015 56.565201 0.212331
v 9.414978 56.428547 -0.134079
v 9.561011 56.565201 -0.480489
v 9.853073 56.838512 -0.480489
v 9.999108 56.975174 -0.134079
v 11.367426 54.941765 0.212331
v 11.035604 54.718388 0.212331
v 10.869692 54.606705 -0.134079
v 11.035604 54.718388 -0.480489
v 11.367426 54.941765 -0.480489
v 11.533338 55.053448 -0.134079
v 12.001348 53.909737 0.212331
v 11.652027 53.714867 0.212331
v 11.477368 53.617428 -0.134079
v 11.652027 53.714867 -0.480490
v 12.001348 53.909737 -0.480490
v 12.176008 54.007179 -0.134079
v 13.013298 51.669075 0.212331
v 12.636318 51.535339 0.212331
v 12.447830 51.468460 -0.134080
v 12.636318 51.535339 -0.480490
v 13.013298 51.669075 -0.480490
v 13.201789 51.735943 -0.134080
v 13.672602 49.181015 0.212330
v 13.279138 49.108982 0.212330
v 13.082410 49.072964 -0.134080
v 13.279138 49.108982 -0.480490
v 13.672602 49.181015 -0.480490
v 13.869331 49.217037 -0.134080
v 13.866112 47.840012 0.212330
v 13.468463 47.796715 0.212330
v 13.269637 47.775066 -0.134080
v 13.468463 47.796715 -0.480491
v 13.866112 47.840012 -0.480491
v 14.064939 47.861660 -0.134080
v 14.029488 44.983177 0.212329
v 13.629601 44.973576 0.212329
v 13.429660 44.968773 -0.134081
v 13.629601 44.973576 -0.480491
v 14.029488 44.983177 -0.480491
v 14.229431 44.987980 -0.134081
v 14.054167 43.484066 0.212329
v 13.654205 43.478542 0.212329
v 13.454224 43.475784 -0.134081
v 13.654205 43.478542 -0.480492
v 14.054167 43.484066 -0.480492
v 14.254148 43.486828 -0.134081
v 14.078382 41.948643 0.212328
v 13.678477 41.939770 0.212328
v 13.478526 41.935329 -0.134082
v 13.678477 41.939770 -0.480492
v 14.078382 41.948643 -0.480492
v 14.278332 41.953083 -0.134082
v 14.129974 40.385193 0.212328
v 13.730433 40.365997 0.212328
v 13.530666 40.356396 -0.134082
v 13.730433 40.365997 -0.480492
v 14.129974 40.385193 -0.480493
v 14.329741 40.394794 -0.134082
v 14.425890 37.207733 0.212327
v 14.030364 37.148098 0.212327
v 13.832596 37.118279 -0.134083
v 14.030360 37.148098 -0.480493
v 14.425890 37.207733 -0.480493
v 14.623658 37.237553 -0.134083
v 14.725142 35.610397 0.212327
v 14.335176 35.521355 0.212327
v 14.140194 35.476830 -0.134084
v 14.335176 35.521355 -0.480494
v 14.725142 35.610397 -0.480494
v 14.920120 35.654919 -0.134084
v 15.721263 32.422771 0.212326
v 15.346496 32.282951 0.212326
v 15.159111 32.213043 -0.134084
v 15.346496 32.282951 -0.480494
v 15.721263 32.422771 -0.480494
v 15.908647 32.492683 -0.134084
v 16.917355 29.216188 0.212325
v 16.538126 29.088957 0.212325
v 16.348515 29.025343 -0.134085
v 16.538126 29.088957 -0.480495
v 16.917355 29.216188 -0.480495
v 17.106966 29.279804 -0.134085
v 17.395348 27.596142 0.212325
v 17.006592 27.501974 0.212325
v 16.812210 27.454887 -0.134085
v 17.006592 27.501974 -0.480495
v 17.395348 27.596142 -0.480495
v 17.589727 27.643227 -0.134085
v 17.685854 25.958887 0.212325
v 17.287865 25.918819 0.212325
v 17.088871 25.898787 -0.134086
v 17.287865 25.918819 -0.480496
v 17.685854 25.958887 -0.480496
v 17.884850 25.978916 -0.134086
v 17.706003 24.301233 0.212324
v 17.307514 24.336023 0.212324
v 17.108274 24.353422 -0.134086
v 17.307514 24.336023 -0.480496
v 17.706003 24.301233 -0.480496
v 17.905243 24.283836 -0.134086
v 17.372532 22.624195 0.212324
v 16.991497 22.745913 0.212324
v 16.800983 22.806774 -0.134086
v 16.991497 22.745913 -0.480496
v 17.372532 22.624195 -0.480496
v 17.563046 22.563337 -0.134086
v 16.605972 20.932745 0.212324
v 16.261974 21.136856 0.212324
v 16.089966 21.238913 -0.134086
v 16.261969 21.136856 -0.480497
v 16.605972 20.932745 -0.480497
v 16.777977 20.830690 -0.134087
v 15.963780 20.022360 0.212323
v 15.789495 20.382393 0.212324
v 15.702346 20.562408 -0.134087
v 15.789495 20.382393 -0.480497
v 15.963780 20.022360 -0.480497
v 16.050922 19.842344 -0.134087
v 3.327476 -10.976809 -9.044033
v 0.034492 -10.976814 -9.615852
v 6.223274 -10.976799 -7.397542
v 8.372615 -10.976790 -4.874967
v 9.516256 -10.976789 -1.780573
v 9.516256 -10.976789 1.512412
v 8.372614 -10.976791 4.606806
v 6.223274 -10.976799 7.129377
v 3.327476 -10.976809 8.775870
v 0.034494 -10.976818 9.347692
v -3.258486 -10.976828 8.775870
v -6.154287 -10.976837 7.129378
v -8.303629 -10.976843 4.606807
v -9.447269 -10.976848 1.512415
v -9.447270 -10.976845 -1.780569
v -8.303631 -10.976844 -4.874962
v -6.154293 -10.976835 -7.397536
v -3.258496 -10.976828 -9.044031
v -3.453777 -9.997974 9.304274
v 8.867106 -9.997937 -5.156124
v 0.034493 -9.997963 -10.178167
v -6.521313 -9.997984 7.560137
v 10.078570 -9.997933 -1.878218
v -8.798120 -9.997993 4.887965
v 10.078569 -9.997934 1.610057
v -10.009581 -9.997995 1.610060
v 8.867105 -9.997938 4.887964
v -10.009583 -9.997995 -1.878214
v 6.590298 -9.997942 7.560136
v -8.798120 -9.997993 -5.156119
v 3.522765 -9.997954 9.304274
v 3.522765 -9.997954 -9.572436
v -6.521317 -9.997986 -7.828295
v 0.034494 -9.997962 9.910007
v 6.590298 -9.997942 -7.828300
v -3.453785 -9.997973 -9.572433
v -3.505194 -10.487401 9.443396
v 8.997299 -10.487364 -5.230150
v 0.034493 -10.487391 -10.326219
v -6.617943 -10.487411 7.673550
v 10.226620 -10.487358 -1.903927
v -8.928312 -10.487418 4.961991
v 10.226620 -10.487359 1.635766
v -10.157633 -10.487423 1.635769
v 8.997297 -10.487364 4.961989
v -10.157633 -10.487423 -1.903923
v 6.686931 -10.487369 7.673550
v -8.928314 -10.487419 -5.230145
v 3.574183 -10.487380 9.443396
v 3.574182 -10.487381 -9.711558
v -6.617952 -10.487411 -7.941709
v 0.034494 -10.487391 10.058058
v 6.686931 -10.487369 -7.941714
v -3.505203 -10.487399 -9.711555
v 3.431657 -10.992291 -9.325925
v 0.034493 -10.992300 -9.915836
v 6.419073 -10.992283 -7.627343
v 8.636414 -10.992274 -5.024958
v 9.816238 -10.992270 -1.832664
v 9.816236 -10.992270 1.564504
v 8.636414 -10.992274 4.756798
v 6.419073 -10.992283 7.359178
v 3.431658 -10.992291 9.057763
v 0.034494 -10.992300 9.647675
v -3.362669 -10.992311 9.057763
v -6.350086 -10.992321 7.359179
v -8.567429 -10.992326 4.756799
v -9.747249 -10.992332 1.564507
v -9.747253 -10.992331 -1.832660
v -8.567432 -10.992327 -5.024954
v -6.350094 -10.992320 -7.627337
v -3.362678 -10.992310 -9.325923
v -3.617181 -10.487401 9.746407
v 9.280862 -10.487362 -5.391378
v 0.034493 -10.487391 -10.648676
v -6.828410 -10.487411 7.920568
v 10.549076 -10.487358 -1.959921
v -9.211874 -10.487418 5.123219
v 10.549076 -10.487358 1.691760
v -10.480089 -10.487423 1.691764
v 9.280862 -10.487362 5.123218
v -10.480089 -10.487423 -1.959917
v 6.897400 -10.487369 7.920567
v -9.211878 -10.487419 -5.391374
v 3.686170 -10.487379 9.746407
v 3.686170 -10.487379 -10.014570
v -6.828419 -10.487411 -8.188725
v 0.034494 -10.487391 10.380516
v 0.034495 -9.982481 10.227780
v 6.897400 -10.487369 -8.188731
v 6.797710 -9.982459 -8.071729
v -3.617190 -10.487400 -10.014567
v -3.564147 -9.982490 -9.871043
v -6.728729 -9.982503 -8.071723
v 3.633126 -9.982468 -9.871046
v 3.633126 -9.982468 9.602883
v -9.077568 -9.982508 -5.315006
v 0.034492 -9.982478 -10.495941
v 6.797710 -9.982459 7.803565
v -10.327357 -9.982511 -1.933395
v 9.146547 -9.982450 5.046851
v -10.327355 -9.982511 1.665241
v 10.396341 -9.982450 1.665238
v -9.077565 -9.982506 5.046852
v 10.396342 -9.982450 -1.933399
v -6.728723 -9.982500 7.803566
v 9.146549 -9.982450 -5.315011
v -3.564137 -9.982491 9.602883
v 0.034493 -26.839607 -17.947767
v 0.034493 -24.425589 -17.306765
v 6.221119 -26.839586 -16.873470
v 5.998501 -24.425568 -16.271124
v 11.661548 -26.839571 -13.780157
v 11.243162 -24.425550 -13.289120
v 15.699583 -26.839558 -9.040924
v 15.135891 -24.425539 -8.720423
v 17.848175 -26.839550 -3.227395
v 17.207172 -24.425539 -3.116086
v 17.848175 -26.839550 2.959233
v 17.207172 -24.425539 2.847924
v 15.699581 -26.839558 8.772760
v 15.135891 -24.425539 8.452259
v 11.661548 -26.839571 13.511992
v 11.243162 -24.425550 13.020954
v 6.221121 -26.839586 16.605305
v 5.998503 -24.425568 16.002958
v 0.034496 -26.839605 17.679602
v 0.034495 -24.425589 17.038599
v -6.152129 -26.839628 16.605307
v -5.929512 -24.425608 16.002960
v -11.592559 -26.839643 13.511994
v -11.174171 -24.425621 13.020957
v -15.630590 -26.839657 8.772764
v -15.066901 -24.425634 8.452263
v -17.779186 -26.839663 2.959239
v -17.138180 -24.425642 2.847929
v -17.779186 -26.839663 -3.227388
v -17.138184 -24.425642 -3.116079
v -15.630602 -26.839657 -9.040916
v -15.066910 -24.425632 -8.720414
v -11.592571 -26.839643 -13.780149
v -11.174183 -24.425621 -13.289112
v -6.152146 -26.839626 -16.873466
v -5.929527 -24.425604 -16.271120
v 5.434680 -22.946648 -14.745573
v 0.034493 -22.946665 -15.683306
v 10.183523 -22.946629 -12.045478
v 13.708249 -22.946623 -7.908693
v 15.583713 -22.946619 -2.834175
v 15.583711 -22.946611 2.566014
v 13.708247 -22.946623 7.640531
v 10.183523 -22.946629 11.777314
v 5.434681 -22.946648 14.477408
v 0.034495 -22.946665 15.415141
v -5.365690 -22.946682 14.477408
v -10.114536 -22.946695 11.777315
v -13.639256 -22.946703 7.640534
v -15.514721 -22.946709 2.566019
v -15.514725 -22.946711 -2.834169
v -13.639263 -22.946707 -7.908686
v -10.114545 -22.946695 -12.045471
v -5.365702 -22.946682 -14.745568
v 4.832268 -22.764446 -13.115603
v 0.034493 -22.764462 -13.948729
v 9.051359 -22.764431 -10.716715
v 12.182884 -22.764425 -7.041404
v 13.849134 -22.764421 -2.532969
v 13.849131 -22.764414 2.264808
v 12.182884 -22.764425 6.773242
v 9.051359 -22.764431 10.448551
v 4.832268 -22.764446 12.847439
v 0.034495 -22.764462 13.680566
v -4.763276 -22.764477 12.847439
v -8.982372 -22.764488 10.448552
v -12.113896 -22.764502 6.773245
v -13.780146 -22.764503 2.264812
v -13.780146 -22.764503 -2.532963
v -12.113900 -22.764496 -7.041399
v -8.982380 -22.764488 -10.716709
v -4.763289 -22.764477 -13.115600
v 4.550628 -19.024284 -12.353563
v 0.034494 -19.024300 -13.137781
v 8.522052 -19.024275 -10.095494
v 11.469750 -19.024263 -6.635931
v 13.038188 -19.024260 -2.392150
v 13.038187 -19.024260 2.123988
v 11.469748 -19.024265 6.367769
v 8.522052 -19.024275 9.827331
v 4.550629 -19.024284 12.085399
v 0.034495 -19.024300 12.869618
v -4.481639 -19.024315 12.085399
v -8.453064 -19.024324 9.827332
v -11.400761 -19.024334 6.367772
v -12.969198 -19.024340 2.123993
v -12.969198 -19.024340 -2.392144
v -11.400765 -19.024332 -6.635926
v -8.453074 -19.024324 -10.095489
v -4.481651 -19.024315 -12.353559
v 4.076929 -16.709448 -11.071855
v 0.034492 -16.709461 -11.773815
v 7.631784 -16.709438 -9.050635
v 10.270298 -16.709429 -5.953948
v 11.674223 -16.709425 -2.155299
v 11.674221 -16.709425 1.887138
v 10.270298 -16.709429 5.685787
v 7.631784 -16.709438 8.782473
v 4.076929 -16.709448 10.803692
v 0.034494 -16.709459 11.505653
v -4.007940 -16.709473 10.803692
v -7.562797 -16.709484 8.782474
v -10.201310 -16.709494 5.685789
v -11.605234 -16.709497 1.887142
v -11.605234 -16.709497 -2.155295
v -10.201315 -16.709494 -5.953943
v -7.562806 -16.709484 -9.050631
v -4.007949 -16.709475 -11.071851
v 3.167917 -15.294826 -8.612311
v 0.034492 -15.294834 -9.156424
v 5.923405 -15.294819 -7.045598
v 7.968603 -15.294811 -4.645253
v 9.056832 -15.294808 -1.700794
v 9.056831 -15.294809 1.432633
v 7.968602 -15.294811 4.377091
v 5.923405 -15.294819 6.777435
v 3.167917 -15.294826 8.344150
v 0.034492 -15.294834 8.888264
v -3.098930 -15.294847 8.344150
v -5.854419 -15.294855 6.777436
v -7.899616 -15.294863 4.377093
v -8.987844 -15.294863 1.432636
v -8.987844 -15.294863 -1.700791
v -7.899621 -15.294860 -4.645248
v -5.854425 -15.294856 -7.045594
v -3.098938 -15.294846 -8.612309
v 1.406905 -15.294832 -3.847472
v 0.034492 -15.294834 -4.085789
v 2.613786 -15.294827 -3.161266
v 3.509564 -15.294825 -2.109935
v 3.986199 -15.294824 -0.820287
v 3.986199 -15.294824 0.552127
v 3.509564 -15.294825 1.841775
v 2.613786 -15.294827 2.893105
v 1.406906 -15.294831 3.579312
v 0.034492 -15.294834 3.817629
v -1.337921 -15.294838 3.579312
v -2.544802 -15.294843 2.893105
v -3.440580 -15.294846 1.841775
v -3.917215 -15.294849 0.552129
v -3.917216 -15.294846 -0.820285
v -3.440582 -15.294846 -2.109933
v -2.544803 -15.294844 -3.161264
v -1.337923 -15.294839 -3.847471
v 1.587913 -13.750596 -4.337232
v 0.034493 -13.750601 -4.606980
v 2.953968 -13.750591 -3.560522
v 3.967891 -13.750587 -2.370530
v 4.507390 -13.750586 -0.910791
v 4.507389 -13.750586 0.642631
v 3.967891 -13.750587 2.102371
v 2.953968 -13.750591 3.292360
v 1.587913 -13.750596 4.069071
v 0.034493 -13.750601 4.338820
v -1.518927 -13.750607 4.069071
v -2.884983 -13.750612 3.292360
v -3.898907 -13.750613 2.102371
v -4.438404 -13.750613 0.642633
v -4.438404 -13.750613 -0.910789
v -3.898907 -13.750613 -2.370528
v -2.884986 -13.750608 -3.560519
v -1.518931 -13.750604 -4.337231
v 1.356644 -12.327134 -3.711481
v 0.034492 -12.327138 -3.941070
v 2.519326 -12.327132 -3.050405
v 3.382300 -12.327128 -2.037575
v 3.841480 -12.327128 -0.795157
v 3.841480 -12.327128 0.526997
v 3.382300 -12.327128 1.769415
v 2.519326 -12.327132 2.782243
v 1.356645 -12.327133 3.443321
v 0.034492 -12.327138 3.672910
v -1.287659 -12.327144 3.443321
v -2.450342 -12.327147 2.782244
v -3.313316 -12.327149 1.769416
v -3.772493 -12.327149 0.526998
v -3.772495 -12.327150 -0.795155
v -3.313318 -12.327150 -2.037574
v -2.450344 -12.327148 -3.050402
v -1.287664 -12.327142 -3.711480
v 3.203231 -10.976805 -8.707862
v 0.034492 -10.976814 -9.258106
v 5.989771 -10.976797 -7.123493
v 8.058018 -10.976790 -4.696094
v 9.158510 -10.976787 -1.718451
v 9.158510 -10.976787 1.450290
v 8.058017 -10.976790 4.427933
v 5.989771 -10.976797 6.855328
v 3.203231 -10.976805 8.439699
v 0.034493 -10.976814 8.989945
v -3.134244 -10.976824 8.439699
v -5.920786 -10.976833 6.855329
v -7.989032 -10.976843 4.427934
v -9.089524 -10.976843 1.450293
v -9.089524 -10.976843 -1.718447
v -7.989037 -10.976840 -4.696090
v -5.920792 -10.976835 -7.123487
v -3.134252 -10.976827 -8.707859
v 3.659935 -7.054439 -9.943588
v 0.034492 -7.054453 -10.573140
v 6.848097 -7.054430 -8.130866
v 9.214436 -7.054422 -5.353611
v 10.473541 -7.054419 -1.946805
v 10.473540 -7.054420 1.678643
v 9.214436 -7.054423 5.085450
v 6.848097 -7.054430 7.862702
v 3.659936 -7.054439 9.675426
v 0.034494 -7.054452 10.304979
v -3.590949 -7.054462 9.675426
v -6.779109 -7.054472 7.862703
v -9.145452 -7.054480 5.085451
v -10.404554 -7.054483 1.678647
v -10.404554 -7.054483 -1.946800
v -9.145456 -7.054477 -5.353606
v -6.779118 -7.054471 -8.130860
v -3.590958 -7.054461 -9.943586
v 4.398057 -0.109922 -11.940755
v 0.034492 -0.109938 -12.698479
v 8.235311 -0.109910 -9.758971
v 11.083426 -0.109903 -6.416281
v 12.598877 -0.109895 -2.315866
v 12.598875 -0.109895 2.047705
v 11.083425 -0.109903 6.148119
v 8.235311 -0.109910 9.490806
v 4.398057 -0.109922 11.672591
v 0.034494 -0.109937 12.430319
v -4.329070 -0.109948 11.672591
v -8.166326 -0.109961 9.490807
v -11.014441 -0.109972 6.148121
v -12.529891 -0.109973 2.047709
v -12.529893 -0.109973 -2.315860
v -11.014445 -0.109969 -6.416276
v -8.166335 -0.109960 -9.758965
v -4.329081 -0.109948 -11.940752
v 4.398057 6.127283 -11.940755
v 0.034491 6.127267 -12.698479
v 8.235310 6.127295 -9.758971
v 11.083426 6.127303 -6.416281
v 12.598876 6.127306 -2.315866
v 12.598874 6.127306 2.047705
v 11.083423 6.127301 6.148119
v 8.235310 6.127295 9.490806
v 4.398057 6.127283 11.672591
v 0.034492 6.127268 12.430319
v -4.329070 6.127253 11.672591
v -8.166327 6.127242 9.490807
v -11.014441 6.127233 6.148121
v -12.529892 6.127228 2.047709
v -12.529894 6.127228 -2.315860
v -11.014447 6.127235 -6.416276
v -8.166335 6.127242 -9.758965
v -4.329082 6.127253 -11.940752
v 3.891944 11.721472 -10.571346
v 0.034490 11.721460 -11.241185
v 7.284129 11.721483 -8.642620
v 9.801901 11.721493 -5.687634
v 11.141581 11.721495 -2.062809
v 11.141581 11.721495 1.794648
v 9.801899 11.721493 5.419472
v 7.284129 11.721483 8.374454
v 3.891944 11.721472 10.303185
v 0.034492 11.721460 10.973026
v -3.822960 11.721449 10.303185
v -7.215147 11.721437 8.374455
v -9.732922 11.721430 5.419473
v -11.072598 11.721425 1.794652
v -11.072603 11.721428 -2.062804
v -9.732925 11.721429 -5.687630
v -7.215155 11.721437 -8.642613
v -3.822970 11.721450 -10.571343
v 4.028669 12.042971 -10.941286
v 0.034491 12.042958 -11.634868
v 7.541086 12.042980 -8.944198
v 10.148099 12.042990 -5.884476
v 11.535264 12.042994 -2.131172
v 11.535262 12.042993 1.863010
v 10.148097 12.042990 5.616313
v 7.541086 12.042980 8.676032
v 4.028669 12.042971 10.673124
v 0.034493 12.042959 11.366709
v -3.959682 12.042947 10.673124
v -7.472102 12.042936 8.676033
v -10.079115 12.042927 5.616314
v -11.466278 12.042924 1.863014
v -11.466282 12.042923 -2.131166
v -10.079123 12.042929 -5.884471
v -7.472110 12.042934 -8.944191
v -3.959692 12.042948 -10.941283
v 3.909472 12.814582 -10.618773
v 0.034489 12.814571 -11.291657
v 7.317070 12.814595 -8.681283
v 9.846283 12.814602 -5.712871
v 11.192053 12.814607 -2.071574
v 11.192051 12.814606 1.803412
v 9.846283 12.814602 5.444708
v 7.317070 12.814595 8.413118
v 3.909472 12.814582 10.350612
v 0.034491 12.814571 11.023499
v -3.840489 12.814562 10.350612
v -7.248090 12.814550 8.413119
v -9.777304 12.814540 5.444709
v -11.123072 12.814535 1.803416
v -11.123072 12.814535 -2.071569
v -9.777311 12.814542 -5.712866
v -7.248096 12.814548 -8.681277
v -3.840497 12.814559 -10.618771
v 3.455194 15.450926 -9.389617
v 0.034490 15.450912 -9.983616
v 6.463309 15.450933 -7.679265
v 8.696013 15.450939 -5.058850
v 9.884010 15.450946 -1.844435
v 9.884010 15.450946 1.576274
v 8.696013 15.450939 4.790687
v 6.463309 15.450933 7.411101
v 3.455194 15.450926 9.121455
v 0.034492 15.450913 9.715457
v -3.386210 15.450902 9.121455
v -6.394326 15.450892 7.411101
v -8.627031 15.450887 4.790689
v -9.815027 15.450884 1.576277
v -9.815031 15.450883 -1.844430
v -8.627035 15.450885 -5.058846
v -6.394332 15.450894 -7.679260
v -3.386218 15.450903 -9.389614
v 2.614224 16.801241 -7.114170
v 0.034490 16.801231 -7.562136
v 4.882803 16.801249 -5.824303
v 6.566603 16.801254 -3.848109
v 7.462536 16.801254 -1.423949
v 7.462534 16.801254 1.155788
v 6.566601 16.801252 3.579947
v 4.882803 16.801249 5.556140
v 2.614224 16.801241 6.846009
v 0.034491 16.801231 7.293976
v -2.545240 16.801222 6.846009
v -4.813820 16.801218 5.556141
v -6.497621 16.801212 3.579948
v -7.393553 16.801208 1.155791
v -7.393554 16.801207 -1.423946
v -6.497624 16.801212 -3.848106
v -4.813825 16.801216 -5.824298
v -2.545247 16.801224 -7.114168
v 2.614224 19.501890 -7.114170
v 0.034490 19.501881 -7.562136
v 4.882803 19.501894 -5.824303
v 6.566603 19.501902 -3.848109
v 7.462535 19.501904 -1.423949
v 7.462533 19.501902 1.155788
v 6.566601 19.501902 3.579947
v 4.882803 19.501894 5.556140
v 2.614224 19.501890 6.846009
v 0.034491 19.501881 7.293976
v -2.545241 19.501871 6.846009
v -4.813821 19.501867 5.556141
v -6.497621 19.501862 3.579948
v -7.393553 19.501858 1.155791
v -7.393554 19.501858 -1.423946
v -6.497625 19.501860 -3.848106
v -4.813825 19.501865 -5.824298
v -2.545247 19.501873 -7.114168
v 3.474342 20.337809 -9.441427
v 0.034490 20.337795 -10.038752
v 6.499296 20.337814 -7.721501
v 8.744498 20.337824 -5.086418
v 9.939148 20.337828 -1.854009
v 9.939146 20.337826 1.585848
v 8.744498 20.337824 4.818255
v 6.499296 20.337814 7.453338
v 3.474342 20.337809 9.173266
v 0.034491 20.337795 9.770592
v -3.405358 20.337786 9.173266
v -6.430314 20.337776 7.453339
v -8.675516 20.337769 4.818256
v -9.870165 20.337767 1.585851
v -9.870166 20.337767 -1.854005
v -8.675520 20.337767 -5.086413
v -6.430319 20.337774 -7.721495
v -3.405366 20.337786 -9.441425
v 2.825768 22.009634 -7.686556
v 0.034490 22.009623 -8.171257
v 5.280375 22.009642 -6.290917
v 7.102252 22.009645 -4.152670
v 8.071655 22.009647 -1.529722
v 8.071653 22.009651 1.261561
v 7.102252 22.009645 3.884508
v 5.280375 22.009642 6.022754
v 2.825768 22.009634 7.418396
v 0.034491 22.009624 7.903097
v -2.756786 22.009615 7.418396
v -5.211395 22.009611 6.022755
v -7.033272 22.009602 3.884509
v -8.002674 22.009600 1.261564
v -8.002674 22.009600 -1.529718
v -7.033276 22.009602 -4.152667
v -5.211401 22.009609 -6.290912
v -2.756793 22.009617 -7.686554
v 2.825767 25.481892 -7.686556
v 0.034489 25.481882 -8.171257
v 5.280376 25.481899 -6.290917
v 7.102253 25.481903 -4.152670
v 8.071655 25.481907 -1.529722
v 8.071651 25.481909 1.261561
v 7.102252 25.481907 3.884508
v 5.280376 25.481899 6.022754
v 2.825767 25.481892 7.418396
v 0.034490 25.481882 7.903097
v -2.756787 25.481873 7.418396
v -5.211395 25.481863 6.022755
v -7.033274 25.481861 3.884509
v -8.002674 25.481857 1.261564
v -8.002674 25.481857 -1.529718
v -7.033276 25.481859 -4.152667
v -5.211401 25.481867 -6.290912
v -2.756794 25.481874 -7.686554
v 2.565563 26.767908 -6.982506
v 0.034490 26.767902 -7.422022
v 4.791348 26.767920 -5.716969
v 6.443388 26.767921 -3.778053
v 7.322420 26.767925 -1.399618
v 7.322420 26.767925 1.131458
v 6.443387 26.767920 3.509891
v 4.791348 26.767920 5.448807
v 2.565563 26.767908 6.714345
v 0.034491 26.767902 7.153862
v -2.496579 26.767895 6.714345
v -4.722368 26.767889 5.448808
v -6.374406 26.767883 3.509892
v -7.253438 26.767881 1.131460
v -7.253440 26.767881 -1.399615
v -6.374410 26.767881 -3.778049
v -4.722372 26.767887 -5.716965
v -2.496585 26.767893 -6.982504
v 2.565562 30.175863 -6.982506
v 0.034490 30.175856 -7.422022
v 4.791347 30.175873 -5.716969
v 6.443390 30.175875 -3.778053
v 7.322419 30.175880 -1.399618
v 7.322419 30.175880 1.131458
v 6.443388 30.175875 3.509891
v 4.791347 30.175873 5.448807
v 2.565562 30.175863 6.714345
v 0.034490 30.175856 7.153862
v -2.496580 30.175850 6.714345
v -4.722368 30.175842 5.448808
v -6.374406 30.175837 3.509892
v -7.253439 30.175837 1.131460
v -7.253439 30.175837 -1.399615
v -6.374409 30.175837 -3.778049
v -4.722371 30.175842 -5.716965
v -2.496585 30.175848 -6.982504
v 2.182590 30.175863 -5.946289
v 0.034490 30.175856 -6.319303
v 4.071600 30.175867 -4.872237
v 5.473674 30.175875 -3.226692
v 6.219704 30.175877 -1.208133
v 6.219702 30.175877 0.939973
v 5.473672 30.175875 2.958531
v 4.071600 30.175867 4.604075
v 2.182590 30.175863 5.678128
v 0.034490 30.175856 6.051143
v -2.113610 30.175850 5.678128
v -4.002619 30.175844 4.604075
v -5.404691 30.175838 2.958532
v -6.150718 30.175837 0.939975
v -6.150720 30.175837 -1.208130
v -5.404695 30.175842 -3.226690
v -4.002622 30.175844 -4.872233
v -2.113616 30.175852 -5.946287
v 1.962302 31.590490 -5.350240
v 0.034489 31.590485 -5.685001
v 3.657588 31.590496 -4.386333
v 4.915878 31.590498 -2.909541
v 5.585400 31.590502 -1.097988
v 5.585400 31.590502 0.829827
v 4.915878 31.590498 2.641381
v 3.657588 31.590496 4.118172
v 1.962302 31.590490 5.082079
v 0.034489 31.590485 5.416841
v -1.893321 31.590481 5.082079
v -3.588610 31.590473 4.118173
v -4.846898 31.590469 2.641381
v -5.516420 31.590467 0.829829
v -5.516420 31.590467 -1.097985
v -4.846899 31.590469 -2.909539
v -3.588613 31.590471 -4.386330
v -1.893324 31.590479 -5.350238
v 2.301594 31.911997 -6.268275
v 0.034490 31.911989 -6.661953
v 4.295248 31.912004 -5.134723
v 5.774994 31.912012 -3.398018
v 6.562353 31.912016 -1.267634
v 6.562349 31.912012 0.999474
v 5.774994 31.912012 3.129857
v 4.295248 31.912004 4.866561
v 2.301594 31.911997 6.000115
v 0.034490 31.911989 6.393794
v -2.232610 31.911985 6.000115
v -4.226268 31.911982 4.866562
v -5.706013 31.911978 3.129857
v -6.493368 31.911970 0.999475
v -6.493369 31.911970 -1.267631
v -5.706015 31.911974 -3.398015
v -4.226272 31.911978 -5.134719
v -2.232615 31.911985 -6.268273
v 2.301593 34.805542 -6.268275
v 0.034489 34.805538 -6.661953
v 4.295246 34.805553 -5.134723
v 5.774992 34.805557 -3.398018
v 6.562353 34.805561 -1.267634
v 6.562349 34.805557 0.999474
v 5.774992 34.805557 3.129857
v 4.295246 34.805553 4.866561
v 2.301593 34.805542 6.000115
v 0.034491 34.805538 6.393794
v -2.232612 34.805534 6.000115
v -4.226268 34.805527 4.866562
v -5.706013 34.805523 3.129857
v -6.493368 34.805519 0.999475
v -6.493369 34.805519 -1.267631
v -5.706016 34.805519 -3.398015
v -4.226273 34.805527 -5.134719
v -2.232616 34.805531 -6.268273
v 2.985529 35.191353 -8.118822
v 0.034491 35.191345 -8.631264
v 5.580623 35.191360 -6.643302
v 7.506772 35.191368 -4.382674
v 8.531661 35.191372 -1.609601
v 8.531657 35.191372 1.341441
v 7.506772 35.191368 4.114511
v 5.580623 35.191360 6.375140
v 2.985529 35.191353 7.850661
v 0.034493 35.191345 8.363105
v -2.916542 35.191334 7.850661
v -5.511638 35.191330 6.375142
v -7.437787 35.191319 4.114512
v -8.462670 35.191319 1.341443
v -8.462671 35.191319 -1.609597
v -7.437790 35.191322 -4.382670
v -5.511643 35.191326 -6.643297
v -2.916548 35.191334 -8.118818
v 2.556154 36.541676 -6.957053
v 0.034490 36.541664 -7.394935
v 4.773667 36.541683 -5.696219
v 6.419567 36.541683 -3.764509
v 7.295332 36.541687 -1.394915
v 7.295332 36.541687 1.126754
v 6.419567 36.541683 3.496348
v 4.773667 36.541683 5.428058
v 2.556154 36.541676 6.688893
v 0.034492 36.541664 7.126777
v -2.487170 36.541656 6.688893
v -4.704686 36.541653 5.428059
v -6.350584 36.541645 3.496348
v -7.226346 36.541641 1.126757
v -7.226348 36.541641 -1.394911
v -6.350585 36.541645 -3.764506
v -4.704690 36.541649 -5.696215
v -2.487177 36.541656 -6.957050
v 0.825620 38.342091 -2.274671
v 0.034489 38.342091 -2.412049
v 1.521326 38.342094 -1.879106
v 2.037699 38.342098 -1.273065
v 2.312456 38.342098 -0.529645
v 2.312456 38.342098 0.261486
v 2.037699 38.342098 1.004905
v 1.521326 38.342094 1.610946
v 0.825620 38.342091 2.006512
v 0.034489 38.342091 2.143890
v -0.756639 38.342087 2.006512
v -1.452345 38.342087 1.610947
v -1.968717 38.342083 1.004905
v -2.243473 38.342087 0.261486
v -2.243473 38.342087 -0.529644
v -1.968719 38.342083 -1.273064
v -1.452347 38.342087 -1.879104
v -0.756641 38.342087 -2.274670
v 0.034494 -9.997962 9.531045
v -3.322163 -9.997976 8.948166
v 6.342948 -9.997943 -7.537999
v 8.533852 -9.997938 -4.966643
v -3.322173 -9.997975 -9.216326
v 0.034492 -9.997963 -9.799205
v -6.273962 -9.997984 7.269835
v 9.699608 -9.997932 -1.812412
v -8.464865 -9.997992 4.698484
v 9.699607 -9.997932 1.544251
v -9.630622 -9.997993 1.544254
v 8.533851 -9.997938 4.698483
v -9.630624 -9.997994 -1.812408
v 6.342948 -9.997943 7.269835
v -8.464869 -9.997989 -4.966639
v 3.391153 -9.997952 8.948166
v 3.391152 -9.997952 -9.216329
v -6.273967 -9.997985 -7.537993
v 3.066766 -10.870191 -8.338622
v 0.034491 -10.870199 -8.865170
v 5.733301 -10.870183 -6.822485
v 7.712476 -10.870177 -4.499625
v 8.765574 -10.870173 -1.650218
v 8.765574 -10.870173 1.382058
v 7.712475 -10.870178 4.231465
v 5.733301 -10.870183 6.554321
v 3.066766 -10.870191 8.070459
v 0.034493 -10.870199 8.597009
v -2.997779 -10.870209 8.070459
v -5.664315 -10.870220 6.554323
v -7.643490 -10.870226 4.231466
v -8.696587 -10.870225 1.382060
v -8.696590 -10.870226 -1.650215
v -7.643494 -10.870226 -4.499621
v -5.664322 -10.870218 -6.822482
v -2.997785 -10.870210 -8.338621
v -3.177606 -10.104590 8.557028
v 8.167818 -10.104554 -4.758523
v 0.034492 -10.104578 -9.382965
v -6.002282 -10.104597 6.950977
v 9.283367 -10.104551 -1.740133
v -8.098831 -10.104606 4.490364
v 9.283367 -10.104551 1.471972
v -9.214380 -10.104609 1.471975
v 8.167816 -10.104555 4.490363
v -9.214382 -10.104610 -1.740129
v 6.071268 -10.104560 6.950976
v -8.098835 -10.104604 -4.758520
v 3.246594 -10.104568 8.557028
v 3.246593 -10.104569 -8.825191
v -6.002288 -10.104599 -7.219136
v 0.034493 -10.104578 9.114806
v 6.071268 -10.104560 -7.219141
v -3.177615 -10.104589 -8.825190
v -4.144671 -3.582206 11.173659
v -7.819769 -3.582220 9.084073
v 10.616512 -3.582162 -6.150805
v 12.067921 -3.582155 -2.223667
v -10.547527 -3.582225 5.882644
v 12.067921 -3.582155 1.955505
v -11.998937 -3.582232 1.955509
v 10.616512 -3.582162 5.882643
v -11.998939 -3.582232 -2.223661
v 7.888757 -3.582170 9.084072
v -10.547533 -3.582227 -6.150798
v 4.213659 -3.582180 11.173659
v 0.034492 -3.582191 -12.167526
v 4.213659 -3.582180 -11.441822
v -7.819778 -3.582215 -9.352231
v 0.034493 -3.582191 11.899365
v 7.888757 -3.582170 -9.352238
v -4.144681 -3.582205 -11.441819
v -9.758997 11.607605 5.434299
v -11.102250 11.607600 1.799801
v 11.171232 11.607670 1.799797
v 9.827974 11.607668 5.434298
v -11.102255 11.607603 -2.067953
v 7.303483 11.607658 8.397169
v -9.759001 11.607604 -5.702456
v 3.902242 11.607647 10.331048
v 0.034490 11.607635 -11.270837
v 3.902242 11.607647 -10.599210
v -7.234509 11.607613 -8.665328
v 0.034492 11.607635 11.002678
v 7.303483 11.607658 -8.665335
v -3.833267 11.607625 -10.599207
v -3.833258 11.607624 10.331048
v 9.827976 11.607668 -5.702460
v -7.234500 11.607612 8.397170
v 11.171232 11.607670 -2.067958
v -11.390776 12.212678 -2.118055
v -10.012724 12.212684 -5.846718
v 7.491802 12.212735 8.618192
v 4.002446 12.212725 10.602172
v 0.034491 12.212713 -11.559361
v 4.002446 12.212725 -10.870334
v -7.422827 12.212689 -8.886350
v 0.034492 12.212714 11.291203
v 7.491802 12.212735 -8.886356
v -3.933469 12.212702 -10.870330
v -3.933460 12.212703 10.602172
v 10.081699 12.212745 -5.846723
v -7.422820 12.212691 8.618192
v 11.459758 12.212749 -2.118060
v -10.012716 12.212682 5.578561
v 11.459756 12.212748 1.849899
v -11.390773 12.212679 1.849902
v 10.081698 12.212745 5.578560
v 8.091129 20.087048 -4.714925
v 9.196164 20.087051 -1.724991
v -5.945366 20.087004 6.884179
v -8.022148 20.086996 4.446764
v 9.196162 20.087048 1.456830
v -9.127181 20.086994 1.456833
v 8.091129 20.087048 4.446763
v -9.127182 20.086994 -1.724987
v 6.014348 20.087038 6.884178
v -8.022152 20.086994 -4.714921
v 3.216306 20.087032 8.475089
v 0.034490 20.087021 -9.295767
v 3.216306 20.087032 -8.743250
v -5.945371 20.087002 -7.152336
v 0.034491 20.087021 9.027607
v 6.014348 20.087038 -7.152341
v -3.147331 20.087011 -8.743248
v -3.147323 20.087011 8.475089
v 9.602267 20.639412 -1.795510
v 9.602265 20.639410 1.527349
v -8.379269 20.639355 4.649816
v -9.533284 20.639353 1.527352
v 8.448250 20.639408 4.649814
v -9.533285 20.639353 -1.795506
v 6.279412 20.639399 7.195271
v -8.379272 20.639353 -4.917973
v 3.357344 20.639393 8.856702
v 0.034490 20.639380 -9.701870
v 3.357344 20.639393 -9.124863
v -6.210436 20.639360 -7.463428
v 0.034491 20.639380 9.433710
v 6.279412 20.639399 -7.463435
v -3.288369 20.639370 -9.124860
v -3.288361 20.639370 8.856702
v 8.448250 20.639408 -4.917977
v -6.210431 20.639362 7.195272
v 2.501733 30.175863 6.541642
v 0.034490 30.175856 6.970076
v 2.501733 30.175863 -6.809803
v 4.671389 30.175873 -5.576181
v -4.602413 30.175842 -5.576176
v -2.432757 30.175848 -6.809801
v -2.432751 30.175850 6.541642
v 6.281771 30.175875 -3.686159
v 0.034490 30.175856 -7.238236
v -4.602410 30.175842 5.308019
v 7.138633 30.175880 -1.367704
v -6.212787 30.175837 3.417998
v 7.138633 30.175880 1.099544
v -7.069652 30.175837 1.099546
v 6.281769 30.175875 3.417998
v -7.069653 30.175837 -1.367701
v 4.671389 30.175873 5.308019
v -6.212790 30.175838 -3.686156
v 4.791347 29.954987 5.448807
v 2.565562 29.954977 6.714345
v 0.034490 29.954969 -7.422022
v 2.565562 29.954977 -6.982506
v -6.374409 29.954950 -3.778049
v -4.722371 29.954956 -5.716965
v 0.034490 29.954969 7.153862
v 4.791347 29.954987 -5.716969
v -2.496585 29.954962 -6.982504
v -2.496580 29.954964 6.714345
v 6.443390 29.954988 -3.778053
v -4.722368 29.954956 5.448808
v 7.322419 29.954994 -1.399618
v -6.374406 29.954950 3.509892
v 7.322419 29.954994 1.131458
v -7.253439 29.954950 1.131460
v 6.443388 29.954988 3.509891
v -7.253439 29.954950 -1.399615
v -4.226268 34.500942 4.866562
v -5.706013 34.500938 3.129857
v 6.562353 34.500977 -1.267634
v 6.562349 34.500973 0.999474
v -6.493368 34.500935 0.999475
v 5.774992 34.500973 3.129857
v -6.493369 34.500935 -1.267631
v 4.295246 34.500969 4.866561
v -5.706016 34.500935 -3.398015
v 2.301593 34.500957 6.000115
v 0.034490 34.500954 -6.661953
v 2.301593 34.500957 -6.268275
v -4.226273 34.500942 -5.134719
v 0.034491 34.500954 6.393794
v 4.295246 34.500969 -5.134723
v -2.232616 34.500946 -6.268273
v -2.232612 34.500950 6.000115
v 5.774992 34.500973 -3.398018
v 0.034490 30.883169 5.501660
v -1.922777 30.883165 5.161784
v 3.712950 30.883181 -4.451309
v 4.990467 30.883186 -2.951951
v -1.922782 30.883165 -5.429942
v 0.034490 30.883169 -5.769820
v -3.643971 30.883158 4.183148
v 5.670221 30.883188 -1.112717
v -4.921486 30.883154 2.683791
v 5.670220 30.883188 0.844556
v -5.601238 30.883152 0.844558
v 4.990466 30.883186 2.683790
v -5.601239 30.883152 -1.112714
v 3.712950 30.883181 4.183147
v -4.921488 30.883156 -2.951949
v 1.991758 30.883177 5.161784
v 1.991758 30.883177 -5.429945
v -3.643975 30.883158 -4.451305
vn -0.0000 0.0487 -0.9988
vn 0.2539 -0.3290 -0.9096
vn -0.0000 -0.3109 -0.9505
vn 0.3204 0.0275 -0.9469
vn 0.4772 -0.3814 -0.7917
vn 0.6030 -0.0336 -0.7970
vn 0.6429 -0.4616 -0.6113
vn 0.8141 -0.1274 -0.5666
vn 0.7310 -0.5600 -0.3899
vn 0.9303 -0.3660 0.0214
vn 0.7311 -0.6646 -0.1543
vn 0.8200 -0.4822 0.3084
vn 0.6429 -0.7630 0.0671
vn 0.4772 -0.8432 0.2476
vn 0.3248 -0.6391 0.6972
vn 0.2539 -0.8956 0.3654
vn -0.0000 -0.6607 0.7507
vn -0.0000 -0.9137 0.4063
vn -0.3248 -0.6391 0.6972
vn -0.2539 -0.8956 0.3654
vn -0.6097 -0.5771 0.5434
vn -0.4772 -0.8432 0.2476
vn -0.8200 -0.4822 0.3084
vn -0.6429 -0.7630 0.0671
vn -0.9303 -0.3661 0.0214
vn -0.7311 -0.6646 -0.1543
vn -0.7310 -0.5600 -0.3899
vn -0.9280 -0.2428 -0.2825
vn -0.6429 -0.4616 -0.6113
vn -0.8141 -0.1274 -0.5666
vn -0.9787 -0.0244 -0.2038
vn -0.8588 0.0992 -0.5026
vn -0.4771 -0.3814 -0.7918
vn -0.6030 -0.0336 -0.7970
vn -0.2539 -0.3290 -0.9096
vn 0.8645 -0.2804 0.4172
vn 0.5671 0.7063 0.4237
vn 0.4991 0.6295 0.5955
vn 0.8588 0.0992 -0.5026
vn 0.6097 -0.5771 0.5434
vn 0.3424 -0.4480 0.8259
vn 0.3382 0.2654 -0.9029
vn -0.8645 -0.2804 0.4172
vn -0.9809 -0.1562 0.1156
vn -0.3382 0.2654 -0.9029
vn -0.0000 0.2882 -0.9576
vn -0.3424 -0.4480 0.8259
vn -0.6428 -0.3817 0.6642
vn -0.6364 0.1998 -0.7451
vn 0.9787 -0.0244 -0.2038
vn 0.9280 -0.2428 -0.2825
vn -0.0000 -0.4710 0.8821
vn 0.6364 0.1998 -0.7451
vn 0.6428 -0.3817 0.6642
vn -0.3204 0.0275 -0.9469
vn 0.9809 -0.1562 0.1156
vn -0.5666 0.7879 0.2412
vn 0.3707 0.5668 0.7357
vn -0.4978 0.8645 0.0700
vn 0.1973 0.5259 0.8274
vn -0.0000 0.9814 -0.1917
vn 0.1964 0.9674 -0.1602
vn -0.3692 0.9267 -0.0694
vn -0.0000 0.5116 0.8592
vn 0.3692 0.9267 -0.0694
vn -0.1964 0.9674 -0.1602
vn -0.1973 0.5259 0.8274
vn 0.4978 0.8645 0.0700
vn -0.3707 0.5668 0.7357
vn 0.5666 0.7879 0.2412
vn -0.4991 0.6295 0.5955
vn -0.5671 0.7063 0.4237
vn -0.1455 0.6539 0.7425
vn 0.5082 0.7848 0.3548
vn 0.0460 0.4789 0.8766
vn 0.6898 -0.0603 0.7215
vn 0.6542 0.6651 0.3601
vn 0.7736 0.5713 0.2740
vn 0.4631 0.1305 -0.8766
vn 0.5937 0.7107 -0.3774
vn 0.2519 0.3015 -0.9196
vn -0.3041 0.8060 0.5079
vn 0.4350 0.8527 0.2892
vn 0.4416 0.1608 0.8827
vn 0.5841 0.7156 0.3831
vn 0.6694 -0.0268 -0.7425
vn 0.6819 0.6397 -0.3548
vn -0.3981 0.8991 0.1823
vn 0.3826 0.9045 0.1882
vn 0.8472 -0.1559 -0.5079
vn 0.7617 0.5798 -0.2892
vn -0.3995 0.8988 -0.1806
vn 0.3558 0.9323 0.0651
vn 0.9555 -0.2318 -0.1823
vn 0.8221 0.5374 -0.1882
vn 0.3811 0.9033 -0.1969
vn 0.3553 0.9323 -0.0671
vn 0.9555 -0.2318 0.1823
vn 0.8541 0.5160 -0.0651
vn -0.3161 0.8103 -0.4934
vn 0.4354 0.8559 -0.2790
vn 0.8414 0.5200 0.1468
vn 0.8541 0.5160 0.0651
vn -0.1505 0.6703 -0.7267
vn 0.5001 0.7914 -0.3517
vn 0.2290 0.3169 0.9204
vn 0.8715 -0.1673 0.4610
vn 0.0411 0.4796 -0.8765
vn -0.4642 -0.5557 -0.6897
vn -0.6163 -0.4331 -0.6577
vn -0.0176 -0.9182 0.3957
vn -0.4755 -0.5374 0.6965
vn -0.7846 -0.2963 -0.5446
vn 0.0309 -0.9904 0.1347
vn -0.9171 -0.1898 -0.3506
vn 0.0309 -0.9904 -0.1347
vn -0.9809 -0.1450 -0.1299
vn -0.0400 -0.9254 -0.3769
vn -0.9801 -0.1458 0.1347
vn -0.1609 -0.8168 -0.5541
vn -0.9035 -0.2039 0.3769
vn -0.3075 -0.6887 -0.6567
vn -0.3022 -0.6957 0.6516
vn -0.7751 -0.3036 0.5541
vn -0.1707 -0.8373 0.5194
vn -0.6230 -0.4250 0.6567
vn 0.0276 -0.4176 -0.9082
vn 0.7796 0.3664 -0.5079
vn 0.2363 -0.5960 -0.7675
vn 0.1921 0.8362 -0.5137
vn -0.3885 -0.0518 -0.9200
vn -0.6629 0.1296 -0.7374
vn -0.1933 -0.2313 0.9535
vn 0.3585 0.7178 0.5968
vn -0.4159 -0.0471 0.9082
vn 0.8976 0.2684 -0.3496
vn 0.4116 -0.7461 -0.5234
vn 0.3510 0.7240 -0.5939
vn -0.1755 -0.2489 -0.9525
vn 0.2219 0.8324 0.5079
vn -0.6285 0.1266 0.7675
vn 0.9698 0.2086 -0.1261
vn 0.5165 -0.8355 -0.1874
vn 0.1045 0.9310 0.3496
vn -0.8074 0.2724 0.5234
vn 0.9704 0.2083 0.1222
vn 0.5159 -0.8364 0.1854
vn 0.0328 0.9915 0.1261
vn -0.9140 0.3597 0.1874
vn 0.4154 -0.7547 0.5077
vn -0.9141 0.3597 -0.1874
vn 0.9084 0.2627 0.3253
vn 0.2551 -0.5998 0.7584
vn 0.0328 0.9915 -0.1261
vn -0.8196 0.2921 -0.4929
vn 0.7888 0.3587 0.4991
vn 0.0268 -0.4222 0.9061
vn 0.6426 0.4804 -0.5968
vn 0.6349 0.4842 0.6021
vn -0.5251 -0.7928 0.3095
vn -0.6049 -0.7241 0.3313
vn -0.8235 -0.5514 -0.1333
vn -0.7617 -0.5983 -0.2486
vn -0.5323 -0.7858 -0.3148
vn -0.5986 -0.7319 -0.3257
vn -0.4575 -0.8485 0.2659
vn -0.8410 -0.5373 -0.0637
vn -0.4162 -0.8910 0.1814
vn -0.8410 -0.5373 0.0637
vn -0.3801 -0.9226 0.0651
vn -0.8067 -0.5633 0.1788
vn -0.3792 -0.9231 -0.0637
vn -0.7485 -0.6081 0.2643
vn -0.4109 -0.8940 -0.1788
vn -0.6786 -0.6636 0.3148
vn -0.6490 -0.6817 -0.3378
vn -0.4653 -0.8448 -0.2643
vn 0.5005 0.5990 0.6250
vn 0.5165 0.5920 -0.6187
vn 0.1215 0.9300 -0.3470
vn -0.4949 0.7990 0.3416
vn 0.1543 0.6752 0.7213
vn -0.0047 0.5262 0.8504
vn -0.6919 -0.0317 0.7213
vn -0.6913 0.6376 0.3399
vn -0.4990 0.1169 0.8586
vn -0.2769 0.3182 -0.9067
vn -0.6937 0.6335 -0.3427
vn -0.5102 0.1038 -0.8537
vn -0.4367 0.8565 0.2752
vn 0.3115 0.8179 0.4838
vn -0.2483 0.3388 0.9075
vn -0.6919 -0.0317 -0.7213
vn -0.3822 0.9065 0.1793
vn 0.4005 0.9002 0.1712
vn -0.7651 0.5821 -0.2752
vn -0.8602 -0.1611 -0.4838
vn -0.3538 0.9333 0.0622
vn 0.4005 0.9002 -0.1712
vn -0.8241 0.5373 -0.1793
vn -0.9571 -0.2340 -0.1712
vn -0.3822 0.9065 -0.1793
vn 0.3115 0.8179 -0.4838
vn -0.8555 0.5141 -0.0622
vn -0.9571 -0.2340 0.1712
vn -0.4257 0.8627 -0.2729
vn 0.1777 0.6902 -0.7015
vn -0.8241 0.5373 0.1793
vn -0.8602 -0.1611 0.4838
vn -0.4989 0.8006 -0.3319
vn 0.0037 0.5387 -0.8425
vn -0.7651 0.5821 0.2752
vn 0.4746 -0.5744 -0.6669
vn 0.6741 -0.3888 -0.6280
vn 0.1504 -0.8279 0.5403
vn 0.0311 -0.9319 0.3613
vn 0.4934 -0.5599 0.6656
vn 0.6566 -0.3859 0.6480
vn 0.8019 -0.2725 -0.5317
vn -0.0360 -0.9912 0.1275
vn 0.9115 -0.1964 -0.3613
vn -0.0360 -0.9912 -0.1275
vn 0.9818 -0.1408 -0.1275
vn 0.0311 -0.9319 -0.3613
vn 0.9818 -0.1408 0.1275
vn 0.1504 -0.8279 -0.5403
vn 0.9115 -0.1964 0.3613
vn 0.2676 -0.7145 -0.6464
vn 0.2837 -0.7061 0.6488
vn 0.7880 -0.2952 0.5403
vn -0.0638 -0.4602 -0.8855
vn -0.7920 0.3592 -0.4937
vn -0.6778 0.4653 -0.5693
vn 0.4458 -0.0313 -0.8946
vn -0.2126 0.8432 -0.4937
vn 0.6457 0.1368 -0.7513
vn 0.4593 -0.0239 0.8880
vn -0.4917 0.5950 0.6357
vn 0.1960 -0.2229 0.9549
vn -0.2494 -0.6111 -0.7513
vn -0.9051 0.2652 -0.3324
vn -0.5076 0.5810 -0.6362
vn -0.3446 0.7376 -0.5806
vn -0.2126 0.8432 0.4937
vn -0.3367 0.7480 0.5719
vn -0.4199 -0.7554 -0.5031
vn -0.9704 0.2110 -0.1179
vn 0.6457 0.1368 0.7513
vn -0.1000 0.9378 0.3324
vn -0.5169 -0.8374 0.1778
vn -0.5168 -0.8374 -0.1778
vn 0.8180 0.2789 0.5031
vn -0.0351 0.9924 0.1179
vn -0.4199 -0.7554 0.5031
vn -0.9704 0.2110 0.1179
vn 0.9160 0.3597 0.1778
vn -0.0351 0.9924 -0.1179
vn -0.2643 -0.6278 0.7321
vn -0.9051 0.2652 0.3324
vn 0.8180 0.2789 -0.5031
vn 0.9160 0.3597 -0.1778
vn -0.0767 -0.4674 0.8807
vn -0.8050 0.3562 0.4745
vn 0.1749 -0.2445 -0.9537
vn -0.1000 0.9378 -0.3324
vn -0.6858 0.4461 0.5750
vn 0.6079 -0.7204 0.3337
vn 0.5198 -0.8019 0.2946
vn 0.8090 -0.5637 -0.1667
vn 0.5975 -0.7299 -0.3321
vn 0.4617 -0.8546 0.2375
vn 0.8402 -0.5391 -0.0587
vn 0.4109 -0.8963 0.1667
vn 0.8402 -0.5391 0.0587
vn 0.3811 -0.9227 0.0587
vn 0.8090 -0.5637 0.1667
vn 0.3811 -0.9227 -0.0587
vn 0.7536 -0.6079 0.2502
vn 0.4109 -0.8963 -0.1667
vn 0.6906 -0.6626 0.2899
vn 0.6886 -0.6625 -0.2948
vn 0.4642 -0.8497 -0.2502
vn 0.7536 -0.6079 -0.2502
vn 0.5256 -0.8010 -0.2865
vn -0.6052 0.7179 -0.3440
vn -0.5954 0.7255 0.3453
vn -0.3538 0.9333 -0.0622
vn -0.8555 0.5141 0.0622
vn -0.4941 -0.7202 0.4870
vn -0.0198 -0.0204 0.9996
vn -0.6057 -0.6285 0.4880
vn -0.0042 -0.0134 0.9999
vn 0.5953 0.6186 0.5128
vn -0.8555 0.1249 -0.5024
vn -0.0007 0.0001 -1.0000
vn 0.0055 -0.0008 -1.0000
vn -0.0075 0.0013 1.0000
vn 0.8365 -0.2044 0.5084
vn -0.0185 0.0050 0.9998
vn -0.0198 -0.0204 -0.9996
vn -0.4941 -0.7202 -0.4870
vn -0.6057 -0.6285 -0.4880
vn -0.8456 0.2079 -0.4917
vn -0.0258 0.0102 -0.9996
vn -0.0185 0.0050 -0.9998
vn -0.8692 0.0545 0.4914
vn -0.0220 -0.0017 0.9998
vn -0.0201 0.0014 0.9998
vn -0.0075 0.0013 -1.0000
vn 0.8365 -0.2044 -0.5084
vn 0.8536 -0.1341 -0.5033
vn -0.0272 -0.0065 0.9996
vn -0.8692 -0.0612 0.4906
vn -0.8501 -0.1972 0.4882
vn 0.8590 -0.0548 -0.5090
vn -0.0056 0.0006 -1.0000
vn 0.8556 -0.1248 -0.5024
vn 0.8366 0.1935 0.5126
vn 0.7847 0.3460 -0.5143
vn 0.8366 0.1935 -0.5126
vn -0.8071 0.3320 0.4883
vn -0.7258 0.4883 -0.4845
vn -0.8071 0.3319 -0.4883
vn 0.3390 -0.7845 0.5193
vn 0.1613 -0.8436 -0.5122
vn 0.1613 -0.8436 0.5122
vn -0.8589 0.1120 -0.4997
vn -0.8555 0.1249 0.5024
vn -0.8589 0.1120 0.4997
vn -0.0056 0.0006 1.0000
vn -0.8585 0.1250 0.4974
vn 0.3487 0.8035 -0.4826
vn 0.0331 0.0387 -0.9987
vn 0.0175 0.0383 -0.9991
vn -0.8574 0.1349 0.4967
vn -0.8574 0.1349 -0.4967
vn 0.8582 0.0599 0.5098
vn 0.8590 -0.0548 0.5090
vn -0.1656 0.8567 -0.4884
vn -0.0175 0.0383 -0.9991
vn -0.3487 0.8035 -0.4826
vn 0.5508 -0.6497 0.5239
vn -0.0175 0.0383 0.9991
vn -0.0331 0.0387 0.9987
vn 0.5508 -0.6498 -0.5239
vn 0.3390 -0.7845 -0.5193
vn -0.0259 -0.0182 0.9995
vn 0.7847 0.3460 0.5143
vn -0.0289 -0.0129 0.9995
vn 0.7005 0.4948 -0.5143
vn 0.7005 0.4948 0.5143
vn 0.7950 -0.3244 0.5126
vn -0.0258 0.0102 0.9996
vn 0.8583 -0.1252 0.4976
vn 0.8556 -0.1248 0.5024
vn 0.8586 -0.1120 -0.5003
vn 0.7950 -0.3244 -0.5126
vn 0.5953 0.6186 -0.5128
vn -0.7137 -0.5037 0.4868
vn -0.7137 -0.5037 -0.4868
vn 0.8536 -0.1341 0.5033
vn 0.8586 -0.1120 0.5003
vn -0.0618 0.8665 0.4953
vn -0.0004 0.0122 0.9999
vn -0.0325 0.8685 0.4947
vn -0.0272 -0.0065 -0.9996
vn -0.8692 -0.0612 -0.4906
vn -0.0220 -0.0017 -0.9998
vn -0.8456 0.2079 0.4916
vn -0.0007 0.0001 1.0000
vn 0.0055 -0.0008 1.0000
vn -0.7992 -0.3525 -0.4868
vn -0.7992 -0.3525 0.4868
vn -0.0058 0.0266 -0.9996
vn 0.8582 0.0599 -0.5098
vn -0.0010 0.0103 0.9999
vn 0.0620 -0.8613 0.5043
vn 0.0620 -0.8613 -0.5043
vn -0.0618 0.8665 -0.4953
vn -0.0058 0.0266 0.9996
vn -0.1656 0.8567 0.4884
vn 0.7109 -0.4776 -0.5163
vn -0.0294 0.0218 -0.9993
vn -0.0010 0.0103 -0.9999
vn -0.0289 -0.0129 -0.9995
vn -0.0259 -0.0182 -0.9995
vn 0.7109 -0.4776 0.5163
vn -0.0294 0.0218 0.9993
vn -0.0331 0.0387 -0.9987
vn -0.5667 0.6702 -0.4792
vn -0.7258 0.4883 0.4845
vn -0.5667 0.6702 0.4792
vn -0.8585 0.1250 -0.4974
vn -0.3487 0.8035 0.4826
vn -0.8501 -0.1972 -0.4882
vn -0.0004 0.0122 -0.9999
vn -0.0325 0.8685 -0.4947
vn 0.5338 0.6811 -0.5012
vn -0.0201 0.0014 -0.9998
vn 0.8583 -0.1252 -0.4976
vn 0.0348 -0.8621 0.5055
vn -0.0042 -0.0134 -0.9999
vn 0.0348 -0.8621 -0.5055
vn -0.8692 0.0545 -0.4914
vn -0.0538 -0.1034 -0.9932
vn -0.4452 -0.7802 -0.4393
vn -0.4452 -0.7802 0.4393
vn -0.0538 -0.1034 0.9932
vn 0.4962 0.6733 0.5481
vn 0.5338 0.6811 0.5012
vn 0.4962 0.6733 -0.5481
vn 0.0122 0.0025 -0.9999
vn 0.8588 0.1187 -0.4983
vn 0.0038 0.0006 -1.0000
vn 0.4941 -0.7202 0.4870
vn 0.0198 -0.0204 0.9996
vn 0.0042 -0.0134 0.9999
vn -0.5953 0.6186 0.5128
vn 0.0122 0.0025 0.9999
vn 0.8588 0.1187 0.4983
vn 0.8537 0.1633 0.4946
vn -0.8476 -0.1616 -0.5055
vn -0.8569 -0.1184 -0.5017
vn 0.4941 -0.7202 -0.4870
vn 0.0198 -0.0204 -0.9996
vn 0.6057 -0.6285 -0.4880
vn -0.8476 -0.1616 0.5055
vn 0.8581 0.1134 0.5008
vn 0.0038 0.0006 1.0000
vn -0.0019 -0.0003 1.0000
vn 0.8289 0.2740 0.4877
vn 0.7433 0.4654 -0.4805
vn 0.7433 0.4654 0.4805
vn 0.0220 -0.0017 0.9998
vn 0.8692 0.0545 0.4914
vn 0.0201 0.0014 0.9998
vn 0.0070 0.0008 1.0000
vn 0.8544 0.1330 0.5024
vn -0.0053 -0.0008 1.0000
vn -0.8569 -0.1184 0.5017
vn -0.8590 -0.1135 -0.4992
vn -0.8590 -0.1135 0.4992
vn 0.8581 0.1134 -0.5008
vn 0.0272 -0.0065 0.9996
vn 0.8692 -0.0612 0.4906
vn 0.0070 0.0008 -1.0000
vn -0.8590 -0.0548 -0.5090
vn -0.8547 -0.1285 -0.5030
vn -0.8366 0.1935 -0.5126
vn -0.7847 0.3460 0.5143
vn -0.8366 0.1935 0.5126
vn 0.8537 0.1633 -0.4946
vn -0.3390 -0.7845 0.5193
vn -0.1613 -0.8436 -0.5122
vn -0.3390 -0.7845 -0.5193
vn 0.8582 0.1288 0.4968
vn -0.8582 0.0599 0.5098
vn -0.8590 -0.0548 0.5090
vn 0.1656 0.8568 -0.4884
vn 0.0058 0.0266 -0.9996
vn -0.5508 -0.6497 0.5239
vn 0.0175 0.0383 0.9991
vn -0.5508 -0.6498 -0.5239
vn 0.0259 -0.0182 0.9995
vn -0.7005 0.4948 0.5143
vn -0.7005 0.4948 -0.5143
vn -0.7847 0.3460 -0.5143
vn -0.8159 -0.2674 0.5126
vn -0.8547 -0.1285 0.5030
vn -0.8570 -0.1334 -0.4977
vn 0.8544 0.1330 -0.5024
vn -0.0019 -0.0003 -1.0000
vn -0.8159 -0.2674 -0.5126
vn -0.5953 0.6186 -0.5128
vn 0.6057 -0.6285 0.4880
vn 0.7137 -0.5037 -0.4868
vn 0.7137 -0.5037 0.4868
vn 0.0004 0.0122 0.9999
vn 0.0618 0.8666 0.4953
vn 0.0325 0.8685 0.4947
vn 0.8692 -0.0612 -0.4906
vn 0.0272 -0.0065 -0.9996
vn 0.0220 -0.0017 -0.9998
vn 0.0267 0.0097 0.9996
vn 0.0259 -0.0182 -0.9995
vn 0.8289 0.2740 -0.4877
vn 0.0397 0.0255 -0.9989
vn 0.7992 -0.3525 0.4868
vn 0.0289 -0.0129 0.9995
vn -0.8582 0.0599 -0.5098
vn 0.0201 0.0014 -0.9998
vn 0.8582 0.1288 -0.4968
vn 0.8692 0.0545 -0.4914
vn 0.0010 0.0103 0.9999
vn -0.1613 -0.8436 0.5122
vn 0.0058 0.0266 0.9996
vn -0.0620 -0.8613 0.5043
vn -0.0620 -0.8613 -0.5043
vn 0.0618 0.8665 -0.4953
vn 0.0010 0.0103 -0.9999
vn 0.0397 0.0255 0.9989
vn 0.1656 0.8567 0.4884
vn 0.3487 0.8035 0.4826
vn 0.0289 -0.0129 -0.9995
vn 0.7992 -0.3525 -0.4868
vn 0.5667 0.6702 -0.4792
vn 0.5667 0.6702 0.4792
vn 0.0331 0.0387 0.9987
vn -0.7246 -0.4500 0.5220
vn -0.7246 -0.4500 -0.5220
vn 0.0267 0.0097 -0.9996
vn 0.8501 -0.1972 -0.4882
vn 0.8501 -0.1972 0.4882
vn 0.0004 0.0122 -0.9999
vn 0.0325 0.8685 -0.4947
vn -0.5338 0.6811 0.5012
vn -0.0053 -0.0008 -1.0000
vn -0.0348 -0.8621 0.5055
vn -0.0348 -0.8621 -0.5055
vn 0.0042 -0.0134 -0.9999
vn 0.0538 -0.1034 -0.9932
vn 0.4452 -0.7802 0.4393
vn 0.0538 -0.1034 0.9932
vn -0.4962 0.6733 0.5481
vn -0.5338 0.6811 -0.5012
vn -0.4962 0.6733 -0.5481
vn 0.2112 0.5695 -0.7944
vn 0.5774 -0.5773 -0.5773
vn -0.2682 -0.7231 -0.6366
vn -0.5774 0.5774 0.5773
vn 0.2682 -0.7231 0.6366
vn -0.2112 0.5695 0.7944
vn -0.0000 0.7833 -0.6217
vn 0.4014 0.6152 0.6786
vn 0.4014 0.6152 -0.6786
vn -0.0000 -0.5750 -0.8181
vn 0.3687 -0.5651 0.7380
vn 0.3687 -0.5651 -0.7380
vn -0.5774 0.5773 -0.5773
vn 0.2682 -0.7231 -0.6366
vn -0.5774 -0.5773 -0.5774
vn -0.2112 0.5695 -0.7944
vn -0.4014 0.6152 0.6786
vn -0.4014 0.6152 -0.6786
vn 0.2112 0.5695 0.7944
vn 0.5774 -0.5774 0.5773
vn 0.5774 0.5773 0.5774
vn -0.3687 -0.5651 0.7380
vn -0.3687 -0.5651 -0.7380
vn -0.0000 -0.5750 0.8181
vn -0.0000 0.7833 0.6217
vn -0.5774 -0.5773 0.5774
vn 0.5774 0.5773 -0.5773
vn -0.2682 -0.7231 0.6366
vn 0.8604 0.2138 -0.4626
vn 0.7431 0.4574 0.4885
vn 0.7844 0.3290 0.5258
vn 0.1887 -0.5812 -0.7916
vn -0.7431 -0.4574 -0.4885
vn 0.1198 -0.3691 -0.9216
vn -0.7071 -0.5696 -0.4190
vn -0.8968 -0.1004 0.4308
vn 0.3060 -0.9427 0.1333
vn 0.9738 -0.1368 0.1814
vn 0.9840 -0.1669 0.0623
vn -0.7071 -0.5696 0.4190
vn 0.2444 -0.7529 0.6111
vn 0.1887 -0.5812 0.7916
vn -0.1887 0.5812 -0.7916
vn 0.7260 0.6253 -0.2861
vn -0.2444 0.7529 -0.6111
vn -0.8604 -0.2138 0.4626
vn -0.7844 -0.3290 -0.5258
vn -0.0412 0.1268 0.9911
vn -0.7844 -0.3290 0.5258
vn 0.0412 -0.1269 0.9911
vn -0.9549 0.0797 -0.2861
vn -0.2846 0.8766 -0.3880
vn -0.9738 0.1368 -0.1814
vn 0.9068 -0.0457 0.4190
vn 0.7521 0.5450 -0.3706
vn 0.7071 0.5696 0.4190
vn 0.8968 0.1004 -0.4308
vn 0.9288 0.0007 -0.3706
vn -0.0412 0.1268 -0.9911
vn 0.7848 0.4455 -0.4308
vn -0.1198 0.3690 -0.9217
vn -0.9288 -0.0007 -0.3706
vn -0.8968 -0.1004 -0.4308
vn 0.6439 0.7619 0.0707
vn -0.2846 0.8766 0.3880
vn 0.6558 0.7264 0.2056
vn 0.1198 -0.3691 0.9216
vn 0.8281 0.1944 0.5258
vn 0.7848 0.4455 0.4308
vn 0.8220 0.3323 0.4626
vn -0.9574 0.2028 0.2056
vn -0.2444 0.7529 0.6111
vn 0.6920 0.7176 0.0787
vn 0.9574 -0.2028 -0.2056
vn 0.7078 0.6827 0.1814
vn 0.3060 -0.9426 -0.1333
vn -0.7078 -0.6827 -0.1814
vn -0.6983 -0.7131 -0.0623
vn -0.9686 0.2384 0.0707
vn -0.3044 0.9377 0.1677
vn 0.9549 -0.0797 -0.2861
vn -0.7431 -0.4574 0.4885
vn -0.8604 -0.2138 -0.4626
vn 0.9363 -0.1366 -0.3234
vn 0.7260 0.6253 0.2861
vn -0.1887 0.5812 0.7916
vn -0.1198 0.3691 0.9216
vn 0.2846 -0.8766 0.3880
vn -0.6513 -0.7538 0.0877
vn 0.3045 -0.9380 0.1656
vn 0.9840 -0.1669 -0.0623
vn 0.9738 -0.1368 -0.1814
vn -0.3044 0.9377 -0.1677
vn 0.7078 0.6827 -0.1814
vn 0.6920 0.7176 -0.0787
vn 0.9698 -0.2275 -0.0877
vn 0.2846 -0.8766 -0.3880
vn -0.6776 -0.6605 -0.3234
vn -0.9738 0.1368 0.1814
vn -0.9549 0.0797 0.2861
vn 0.8220 0.3323 -0.4626
vn 0.8701 0.0663 0.4885
vn -0.7260 -0.6253 0.2861
vn -0.3060 0.9427 0.1334
vn -0.8281 -0.1944 -0.5258
vn 0.6776 0.6605 0.3234
vn 0.9068 -0.0457 -0.4190
vn 0.7521 0.5450 0.3706
vn -0.9288 -0.0007 0.3706
vn 0.2444 -0.7529 -0.6111
vn -0.3060 0.9426 -0.1334
vn 0.6439 0.7619 -0.0707
vn 0.7844 0.3290 -0.5258
vn -0.1198 0.3691 -0.9216
vn 0.7431 0.4574 -0.4885
vn 0.0412 -0.1268 -0.9911
vn 0.7071 0.5696 -0.4190
vn 0.9549 -0.0797 0.2861
vn 0.9288 0.0007 0.3706
vn 0.0412 -0.1268 0.9911
vn 0.8968 0.1004 0.4308
vn 0.1198 -0.3690 0.9217
vn 0.8604 0.2138 0.4626
vn -0.8701 -0.0663 -0.4885
vn -0.8220 -0.3323 0.4626
vn -0.7848 -0.4455 0.4308
vn -0.9068 0.0457 -0.4190
vn 0.9698 -0.2276 0.0877
vn 0.9574 -0.2028 0.2056
vn 0.8281 0.1944 -0.5258
vn -0.9574 0.2028 -0.2056
vn -0.9363 0.1366 0.3234
vn -0.9068 0.0457 0.4190
vn -0.6513 -0.7538 -0.0877
vn -0.6557 -0.7264 -0.2056
vn -0.7260 -0.6254 -0.2861
vn -0.7521 -0.5450 -0.3706
vn -0.9815 0.1743 0.0787
vn -0.9363 0.1366 -0.3234
vn -0.7521 -0.5450 0.3706
vn 0.6776 0.6605 -0.3234
vn 0.8701 0.0663 -0.4885
vn 0.6558 0.7264 -0.2056
vn -0.6984 -0.7130 0.0623
vn -0.9686 0.2384 -0.0707
vn -0.6776 -0.6605 0.3234
vn -0.6557 -0.7265 0.2056
vn -0.9815 0.1744 -0.0787
vn -0.7078 -0.6827 0.1814
vn 0.1198 -0.3690 -0.9217
vn -0.7848 -0.4455 -0.4308
vn -0.8701 -0.0663 0.4885
vn -0.8281 -0.1944 0.5258
vn 0.3087 -0.9511 -0.0000
vn 0.3045 -0.9380 -0.1656
vn 0.6832 0.7302 -0.0000
vn -0.3087 0.9511 -0.0000
vn -0.9818 0.1897 -0.0000
vn 0.9741 -0.2260 -0.0000
vn -0.6557 -0.7550 -0.0000
vn -0.8220 -0.3323 -0.4626
vn -0.1198 0.3690 0.9217
vn 0.9363 -0.1366 0.3234
vn 0.0041 0.5607 0.8280
vn 0.3394 0.9407 -0.0000
vn -0.0010 1.0000 -0.0000
vn 0.1680 -0.4554 -0.8743
vn -0.0182 -0.9998 -0.0000
vn 0.3450 -0.9386 -0.0000
vn -0.1746 0.4856 -0.8566
vn -0.0030 -0.4223 -0.9064
vn -0.0030 -0.4223 0.9064
vn -0.1746 0.4856 0.8566
vn 0.1680 -0.4554 0.8743
vn -0.3402 0.9404 -0.0000
vn 0.0041 0.5607 -0.8280
vn 0.6696 -0.7427 -0.0000
vn 0.2697 -0.4015 0.8753
vn 0.3229 -0.3574 0.8763
vn 0.5066 -0.0378 -0.8613
vn 0.9997 -0.0235 -0.0000
vn 0.9972 -0.0746 -0.0000
vn -0.5213 -0.0533 0.8517
vn -0.9964 0.0842 -0.0000
vn -0.9948 -0.1015 -0.0000
vn -0.9941 0.1089 -0.0000
vn -0.5023 0.1288 -0.8550
vn -0.5114 0.0562 -0.8575
vn 0.9490 0.3152 -0.0000
vn 0.4719 0.0480 0.8804
vn 0.4476 0.1486 0.8818
vn 0.9152 -0.4031 -0.0000
vn 0.4056 -0.2610 -0.8760
vn 0.8412 -0.5407 -0.0000
vn 0.5039 -0.0119 0.8637
vn 0.9996 -0.0269 -0.0000
vn 0.4949 -0.0133 0.8688
vn 0.2303 -0.4339 -0.8710
vn 0.5581 -0.8297 -0.0000
vn 0.2697 -0.4015 -0.8753
vn 0.4310 0.2297 0.8726
vn 0.4310 0.2297 -0.8726
vn 0.4476 0.1486 -0.8818
vn -0.9996 0.0269 -0.0000
vn -0.5047 0.0136 -0.8632
vn 0.2077 -0.4498 0.8686
vn 0.4691 -0.8831 -0.0000
vn 0.4194 -0.9078 -0.0000
vn -0.4193 0.9078 -0.0000
vn -0.2386 0.4492 0.8610
vn -0.2116 0.4580 0.8634
vn -0.4689 0.8832 -0.0000
vn -0.2879 0.4279 -0.8567
vn -0.5578 0.8300 -0.0000
vn -0.2116 0.4580 -0.8634
vn -0.2386 0.4492 -0.8610
vn 0.2303 -0.4339 0.8710
vn 0.2077 -0.4498 -0.8686
vn 0.4741 -0.1687 0.8641
vn -0.4705 0.1419 0.8709
vn -0.4680 0.1666 0.8679
vn 0.4821 -0.0527 0.8745
vn -0.5047 0.0136 0.8632
vn -0.4754 0.2094 -0.8545
vn -0.8410 0.5411 -0.0000
vn -0.4349 0.2795 -0.8560
vn -0.7630 0.6464 -0.0000
vn -0.4349 0.2795 0.8560
vn -0.3920 0.3320 0.8579
vn -0.4787 0.1053 0.8717
vn 0.5028 -0.0719 0.8614
vn -0.4870 0.0696 0.8706
vn -0.5114 0.0562 0.8575
vn 0.9574 -0.2886 -0.0000
vn 0.4977 -0.1095 -0.8604
vn 0.9767 -0.2148 -0.0000
vn 0.4977 -0.1095 0.8604
vn 0.9899 -0.1415 -0.0000
vn -0.2879 0.4279 0.8567
vn -0.3466 0.3843 0.8557
vn -0.3466 0.3843 -0.8557
vn 0.4387 -0.1932 0.8776
vn -0.4754 0.2094 0.8545
vn -0.9403 0.3404 -0.0000
vn -0.4834 0.1538 0.8618
vn -0.4720 0.1709 0.8649
vn 0.4741 -0.1687 -0.8641
vn -0.4705 0.1419 -0.8709
vn 0.4867 -0.1467 -0.8612
vn 0.4654 -0.1193 -0.8770
vn 0.9687 -0.2483 -0.0000
vn -0.4787 0.1053 -0.8717
vn 0.5028 -0.0719 -0.8614
vn -0.9997 0.0236 -0.0000
vn -0.4958 0.0116 0.8684
vn -0.5023 0.1288 0.8550
vn 0.3706 -0.3140 0.8741
vn 0.7630 -0.6463 -0.0000
vn 0.3229 -0.3574 -0.8763
vn -0.3920 0.3320 -0.8579
vn -0.6704 0.7420 -0.0000
vn 0.3706 -0.3140 -0.8741
vn -0.4680 0.1666 -0.8679
vn -0.9574 0.2886 -0.0000
vn -0.4995 -0.1659 0.8503
vn 0.9421 -0.3353 -0.0000
vn 0.4821 -0.0527 -0.8745
vn 0.9940 -0.1092 -0.0000
vn 0.4056 -0.2610 0.8760
vn 0.5039 -0.0119 -0.8637
vn 0.4387 -0.1932 -0.8776
vn -0.5213 -0.0533 -0.8517
vn 0.4719 0.0480 -0.8804
vn -0.4505 -0.2634 -0.8530
vn -0.4995 -0.1659 -0.8503
vn 0.4654 -0.1193 0.8770
vn -0.9421 0.3353 -0.0000
vn -0.9972 0.0744 -0.0000
vn -0.4958 0.0116 -0.8684
vn -0.4904 0.0366 -0.8707
vn -0.8617 -0.5075 -0.0000
vn -0.9491 -0.3150 -0.0000
vn 0.4783 -0.0406 -0.8773
vn -0.5005 0.1127 -0.8584
vn 0.4746 -0.1071 -0.8737
vn 0.4783 -0.0406 0.8773
vn 0.9948 0.1015 -0.0000
vn 0.9964 -0.0843 -0.0000
vn -0.5172 0.0435 0.8548
vn -0.5005 0.1127 0.8584
vn -0.4904 0.0366 0.8707
vn -0.4834 0.1538 -0.8618
vn -0.4720 0.1709 -0.8649
vn 0.4693 -0.1495 -0.8703
vn 0.4683 -0.1696 -0.8672
vn -0.9755 0.2198 -0.0000
vn 0.4867 -0.1467 0.8612
vn 0.4683 -0.1696 0.8672
vn 0.4693 -0.1495 0.8703
vn -0.5172 0.0435 -0.8548
vn 0.9755 -0.2199 -0.0000
vn 0.9529 -0.3034 -0.0000
vn 0.9403 -0.3404 -0.0000
vn -0.9529 0.3033 -0.0000
vn 0.4949 -0.0133 -0.8688
vn -0.9767 0.2148 -0.0000
vn -0.9899 0.1415 -0.0000
vn 0.4746 -0.1071 0.8737
vn -0.9687 0.2484 -0.0000
vn -0.4870 0.0696 -0.8706
vn 0.5066 -0.0378 0.8613
vn -0.9152 0.4031 -0.0000
vn -0.4505 -0.2634 0.8530
vn -0.5173 -0.3854 0.7641
vn 0.3345 0.2140 0.9178
vn 0.8476 0.5307 -0.0000
vn 0.8862 0.4633 -0.0000
vn 0.3345 0.2140 -0.9178
vn -0.5173 -0.3854 -0.7641
vn -0.7998 -0.6003 -0.0000
vn -0.1738 -0.4584 -0.8716
vn 0.1740 0.4833 -0.8580
vn 0.1740 0.4833 0.8580
vn -0.1738 -0.4584 0.8716
vn 0.4892 0.1740 0.8547
vn -0.4281 -0.2272 0.8747
vn -0.4521 -0.1607 0.8774
vn 0.4918 0.0309 -0.8701
vn -0.5019 -0.0122 -0.8648
vn 0.4978 0.0121 -0.8672
vn 0.4918 0.0309 0.8701
vn -0.5019 -0.0122 0.8648
vn -0.5061 -0.0320 0.8619
vn 0.5218 -0.0483 0.8517
vn 0.9956 0.0938 -0.0000
vn 0.5167 0.0485 0.8548
vn -0.4787 -0.8780 -0.0000
vn -0.2049 -0.4500 -0.8692
vn -0.2336 -0.4288 -0.8727
vn -0.9520 0.3060 -0.0000
vn -0.4723 0.0434 0.8804
vn -0.9958 0.0919 -0.0000
vn 0.4209 0.2958 -0.8575
vn -0.4281 -0.2272 -0.8747
vn -0.3970 -0.2787 -0.8745
vn -0.4999 -0.0081 -0.8661
vn -0.9993 -0.0368 -0.0000
vn -0.4948 -0.0181 -0.8688
vn -0.4999 -0.0081 0.8661
vn -0.4948 -0.0181 0.8688
vn -0.4332 0.2255 0.8726
vn -0.4490 0.1443 0.8818
vn -0.4332 0.2255 -0.8726
vn -0.4490 0.1443 -0.8818
vn 0.9993 0.0367 -0.0000
vn 0.5076 0.0510 -0.8601
vn 0.9950 0.1002 -0.0000
vn 0.5887 0.8083 -0.0000
vn 0.3756 0.3618 0.8533
vn 0.7208 0.6932 -0.0000
vn 0.4784 0.8782 -0.0000
vn 0.3059 0.4195 -0.8547
vn 0.2448 0.4490 -0.8593
vn -0.4871 -0.0490 0.8720
vn -0.9798 -0.2001 -0.0000
vn -0.9950 -0.0999 -0.0000
vn 0.4714 0.1172 -0.8741
vn -0.5059 -0.0708 -0.8597
vn 0.4841 0.0678 -0.8724
vn -0.4762 -0.0969 0.8740
vn -0.9422 -0.3350 -0.0000
vn -0.3440 -0.3309 -0.8787
vn 0.3756 0.3618 -0.8533
vn 0.2448 0.4490 0.8593
vn -0.2825 -0.3880 0.8773
vn 0.3059 0.4195 0.8547
vn -0.5061 -0.0320 -0.8619
vn 0.5000 0.0081 0.8660
vn 0.9997 0.0244 -0.0000
vn 0.9999 0.0161 -0.0000
vn -0.8837 -0.4680 -0.0000
vn -0.3971 -0.2787 0.8745
vn -0.8181 -0.5751 -0.0000
vn 0.4209 0.2958 0.8575
vn 0.9703 0.2420 -0.0000
vn 0.4669 0.1600 0.8697
vn 0.9461 0.3238 -0.0000
vn 0.4714 0.1172 0.8741
vn -0.5059 -0.0708 0.8597
vn -0.4985 -0.1243 0.8579
vn 0.5076 0.0510 0.8601
vn -0.9903 -0.1388 -0.0000
vn 0.2095 0.4600 -0.8628
vn 0.4143 0.9101 -0.0000
vn 0.5032 0.1028 -0.8580
vn -0.4521 -0.1607 -0.8774
vn 0.4892 0.1740 -0.8547
vn 0.5045 0.0186 0.8632
vn -0.4871 -0.0490 -0.8720
vn -0.4762 -0.0969 -0.8740
vn -0.9733 -0.2293 -0.0000
vn -0.4663 -0.1556 0.8708
vn -0.9486 -0.3165 -0.0000
vn 0.9799 0.1995 -0.0000
vn 0.9422 0.3350 -0.0000
vn 0.4550 0.2410 0.8573
vn 0.5000 0.0081 -0.8660
vn -0.3440 -0.3309 0.8787
vn 0.9904 0.1384 -0.0000
vn 0.4841 0.0678 0.8724
vn 0.2095 0.4600 0.8628
vn -0.4792 -0.1640 0.8622
vn 0.5045 0.0186 -0.8632
vn -0.4663 -0.1556 -0.8708
vn 0.4669 0.1600 -0.8697
vn 0.4822 0.1608 -0.8612
vn -0.5890 -0.8081 -0.0000
vn 0.4994 0.1175 0.8584
vn 0.9486 0.3164 -0.0000
vn 0.4822 0.1608 0.8612
vn -0.4145 -0.9101 -0.0000
vn -0.3557 -0.9346 -0.0000
vn 0.4550 0.2410 -0.8573
vn 0.5218 -0.0483 -0.8517
vn -0.4723 0.0434 -0.8804
vn 0.4531 -0.2591 -0.8530
vn 0.5011 -0.1610 -0.8503
vn -0.9460 -0.3242 -0.0000
vn -0.9980 -0.0628 -0.0000
vn -0.7201 -0.6939 -0.0000
vn 0.8665 -0.4991 -0.0000
vn 0.5011 -0.1610 0.8503
vn 0.4531 -0.2591 0.8530
vn -0.4779 -0.0452 -0.8773
vn 0.4994 0.1175 -0.8584
vn 0.5167 0.0485 -0.8548
vn -0.4779 -0.0452 0.8773
vn -0.9956 -0.0939 -0.0000
vn -0.4735 -0.1117 0.8737
vn -0.2336 -0.4288 0.8727
vn -0.2049 -0.4500 0.8692
vn 0.9958 -0.0918 -0.0000
vn -0.9997 -0.0244 -0.0000
vn 0.9980 0.0630 -0.0000
vn 0.5032 0.1028 0.8580
vn 0.9734 0.2293 -0.0000
vn -0.4792 -0.1640 -0.8622
vn -0.4735 -0.1117 -0.8737
vn -0.9999 -0.0161 -0.0000
vn 0.9521 -0.3058 -0.0000
vn -0.4985 -0.1243 -0.8579
vn 0.8186 0.5744 -0.0000
vn 0.4978 0.0121 0.8672
vn 0.5210 -0.3804 0.7641
vn -0.3365 0.2107 0.9178
vn -0.8527 0.5225 -0.0000
vn -0.8906 0.4547 -0.0000
vn -0.3365 0.2107 -0.9178
vn 0.5210 -0.3804 -0.7641
vn 0.8833 0.4688 -0.0000
vn -0.2825 -0.3880 -0.8773
vn 0.3212 0.3121 0.8941
vn 0.4995 0.6205 0.6046
vn 0.6060 0.3123 0.7316
vn -0.4995 0.6205 0.6046
vn -0.3212 0.3121 0.8941
vn -0.6060 0.3123 0.7316
vn -0.0000 0.3121 -0.9501
vn -0.2646 0.6205 -0.7383
vn -0.3212 0.3121 -0.8941
vn 0.6765 0.6205 0.3967
vn 0.8200 0.3125 0.4796
vn -0.2646 0.6205 0.7383
vn -0.0000 0.3121 0.9501
vn -0.4995 0.6205 -0.6046
vn -0.6060 0.3123 -0.7316
vn 0.7719 0.6205 0.1382
vn 0.9351 0.3127 0.1670
vn -0.6765 0.6205 -0.3967
vn -0.8200 0.3125 -0.4796
vn 0.9351 0.3127 -0.1670
vn -0.7719 0.6205 -0.1382
vn -0.9351 0.3127 -0.1670
vn 0.7719 0.6205 -0.1382
vn 0.8200 0.3125 -0.4796
vn -0.7719 0.6205 0.1382
vn -0.9351 0.3127 0.1670
vn 0.6765 0.6205 -0.3967
vn 0.6060 0.3123 -0.7316
vn -0.8200 0.3125 0.4796
vn 0.4995 0.6205 -0.6046
vn 0.3212 0.3121 -0.8941
vn 0.2646 0.6205 0.7383
vn -0.6765 0.6205 0.3967
vn 0.2646 0.6205 -0.7383
vn 0.3208 -0.3036 -0.8972
vn -0.0000 -0.3039 -0.9527
vn -0.8219 -0.3022 0.4829
vn -0.6062 -0.3029 0.7353
vn 0.3208 -0.3036 0.8972
vn -0.0000 -0.3039 0.9527
vn 0.6062 -0.3029 -0.7353
vn -0.9384 -0.3017 0.1684
vn 0.8219 -0.3022 -0.4829
vn -0.9384 -0.3017 -0.1684
vn 0.9384 -0.3017 -0.1684
vn -0.8219 -0.3022 -0.4829
vn 0.9384 -0.3017 0.1684
vn -0.6062 -0.3029 -0.7353
vn 0.8219 -0.3022 0.4829
vn -0.3208 -0.3036 -0.8972
vn -0.3208 -0.3036 0.8972
vn 0.6063 -0.3029 0.7353
vn -0.3212 -0.3121 -0.8941
vn -0.3935 0.7863 -0.4763
vn -0.2084 0.7863 -0.5817
vn 0.3212 -0.3121 -0.8941
vn 0.3935 0.7863 -0.4763
vn 0.6060 -0.3123 -0.7316
vn -0.0000 -0.3121 0.9501
vn 0.2084 0.7863 0.5817
vn -0.0000 0.7863 0.6179
vn -0.6060 -0.3123 -0.7316
vn -0.5328 0.7864 -0.3125
vn -0.0000 -0.3121 -0.9501
vn 0.2084 0.7863 -0.5816
vn 0.3212 -0.3121 0.8941
vn 0.3935 0.7863 0.4763
vn -0.8200 -0.3125 -0.4796
vn -0.6079 0.7865 -0.1089
vn 0.6060 -0.3123 0.7316
vn 0.5328 0.7864 0.3125
vn -0.9351 -0.3127 0.1670
vn -0.9351 -0.3127 -0.1670
vn 0.8200 -0.3125 0.4796
vn 0.6079 0.7865 0.1089
vn -0.8200 -0.3126 0.4796
vn -0.6079 0.7865 0.1089
vn 0.9351 -0.3127 -0.1670
vn 0.9351 -0.3127 0.1670
vn -0.6060 -0.3123 0.7316
vn -0.5328 0.7864 0.3125
vn 0.8200 -0.3125 -0.4796
vn 0.6079 0.7865 -0.1089
vn -0.3212 -0.3121 0.8941
vn -0.3935 0.7863 0.4763
vn -0.0000 0.7863 -0.6179
vn 0.5328 0.7864 -0.3125
vn -0.2084 0.7863 0.5817
vn -0.1023 -0.9527 0.2863
vn 0.2608 -0.9531 -0.1533
vn -0.1023 -0.9527 -0.2863
vn -0.0000 -0.9526 -0.3043
vn -0.1929 -0.9529 0.2341
vn 0.2972 -0.9533 -0.0534
vn -0.2608 -0.9531 0.1533
vn 0.2972 -0.9533 0.0534
vn -0.2972 -0.9533 0.0534
vn 0.2608 -0.9531 0.1533
vn -0.2972 -0.9533 -0.0534
vn 0.1929 -0.9529 0.2341
vn -0.2608 -0.9531 -0.1533
vn 0.1023 -0.9527 0.2863
vn 0.1023 -0.9527 -0.2863
vn -0.1929 -0.9529 -0.2341
vn -0.0000 -0.9526 0.3043
vn 0.1929 -0.9529 -0.2341
vn -0.0000 0.6205 -0.7842
vn -0.0000 0.6205 0.7842
vn -0.0000 -0.5711 -0.8209
vn 0.2913 0.5064 -0.8116
vn 0.2775 -0.5707 -0.7728
vn 0.5492 0.5076 -0.6638
vn 0.5239 -0.5700 -0.6329
vn 0.7428 0.5091 -0.4349
vn 0.7097 -0.5691 -0.4153
vn 0.8467 0.5101 -0.1514
vn 0.8098 -0.5685 -0.1447
vn 0.8098 -0.5685 0.1447
vn 0.8467 0.5100 0.1514
vn 0.7096 -0.5691 0.4153
vn 0.7428 0.5091 0.4349
vn 0.5239 -0.5700 0.6329
vn 0.5492 0.5076 0.6638
vn 0.2775 -0.5708 0.7728
vn 0.2913 0.5064 0.8116
vn -0.0000 -0.5711 0.8209
vn -0.2913 0.5064 0.8116
vn -0.2775 -0.5708 0.7728
vn -0.5492 0.5076 0.6638
vn -0.5239 -0.5700 0.6329
vn -0.7428 0.5091 0.4349
vn -0.7096 -0.5691 0.4153
vn -0.8467 0.5100 0.1514
vn -0.8098 -0.5685 0.1447
vn -0.8098 -0.5686 -0.1447
vn -0.8467 0.5100 -0.1514
vn -0.7097 -0.5691 -0.4153
vn -0.7428 0.5091 -0.4349
vn -0.5239 -0.5700 -0.6329
vn -0.3746 0.9008 0.2199
vn -0.5492 0.5076 -0.6638
vn -0.2775 -0.5707 -0.7728
vn -0.2913 0.5064 -0.8116
vn -0.2772 0.9002 0.3359
vn -0.5407 0.7793 0.3166
vn -0.2772 0.9002 -0.3359
vn -0.1471 0.8997 -0.4110
vn 0.4267 0.9011 -0.0765
vn 0.4267 0.9011 0.0765
vn -0.0000 0.5058 0.8626
vn -0.1471 0.8997 0.4110
vn -0.4267 0.9011 -0.0765
vn -0.3746 0.9008 -0.2199
vn 0.3746 0.9008 -0.2199
vn 0.2772 0.9002 0.3359
vn 0.1471 0.8997 0.4110
vn -0.0000 0.5058 -0.8626
vn 0.1471 0.8997 -0.4110
vn -0.4268 0.9011 0.0765
vn -0.0000 0.8995 -0.4370
vn 0.3746 0.9008 0.2199
vn -0.0000 0.8995 0.4370
vn 0.2772 0.9002 -0.3359
vn -0.9173 0.3628 0.1640
vn -0.6161 0.7799 0.1102
vn 0.6161 0.7799 -0.1102
vn 0.6161 0.7799 0.1102
vn 0.5407 0.7793 0.3166
vn -0.6161 0.7799 -0.1102
vn 0.4001 0.7785 0.4836
vn -0.5407 0.7793 -0.3166
vn 0.2123 0.7777 0.5917
vn 0.2123 0.7777 -0.5917
vn -0.4001 0.7785 -0.4836
vn -0.0000 0.7774 0.6290
vn 0.4001 0.7785 -0.4836
vn -0.2123 0.7777 -0.5917
vn -0.2123 0.7777 0.5917
vn 0.5407 0.7793 -0.3166
vn -0.0000 0.7774 -0.6290
vn -0.4001 0.7785 0.4836
vn -0.6935 0.7097 -0.1241
vn -0.9173 0.3628 -0.1640
vn 0.9173 0.3628 0.1640
vn 0.8045 0.3619 0.4710
vn 0.5946 0.3604 0.7187
vn -0.8045 0.3619 -0.4710
vn 0.3152 0.3592 0.8784
vn 0.3152 0.3592 -0.8784
vn -0.5946 0.3604 -0.7187
vn -0.0000 0.3587 0.9335
vn 0.5946 0.3604 -0.7187
vn -0.3152 0.3592 -0.8784
vn -0.3152 0.3592 0.8784
vn 0.8045 0.3619 -0.4710
vn -0.0000 0.3587 -0.9335
vn -0.5946 0.3604 0.7187
vn 0.9173 0.3628 -0.1640
vn -0.8045 0.3619 0.4710
vn -0.6086 0.7088 -0.3566
vn -0.2634 0.9635 -0.0473
vn -0.2312 0.9634 -0.1359
vn 0.6086 0.7088 0.3566
vn 0.4504 0.7074 0.5447
vn 0.2390 0.7062 0.6665
vn 0.2390 0.7062 -0.6665
vn -0.4504 0.7074 -0.5447
vn -0.0000 0.7057 0.7085
vn 0.4504 0.7074 -0.5447
vn -0.2390 0.7062 -0.6665
vn -0.2390 0.7062 0.6665
vn 0.6086 0.7088 -0.3566
vn -0.0000 0.7057 -0.7085
vn -0.4504 0.7074 0.5447
vn 0.6935 0.7097 -0.1241
vn -0.6086 0.7088 0.3566
vn 0.6935 0.7097 0.1241
vn -0.6935 0.7097 0.1241
vn 0.2312 0.9634 0.1359
vn 0.7655 0.6287 0.1371
vn 0.6708 0.6288 0.3933
vn 0.1711 0.9631 0.2076
vn 0.0908 0.9629 0.2541
vn 0.0908 0.9629 -0.2541
vn -0.1711 0.9631 -0.2076
vn -0.0000 0.9628 0.2701
vn 0.1711 0.9631 -0.2076
vn -0.0908 0.9629 -0.2541
vn -0.0908 0.9629 0.2541
vn 0.2312 0.9634 -0.1359
vn -0.0000 0.9628 -0.2701
vn -0.1711 0.9631 0.2076
vn 0.2634 0.9635 -0.0473
vn -0.2312 0.9634 0.1359
vn 0.2634 0.9635 0.0473
vn -0.2634 0.9635 0.0473
vn 0.6369 0.0541 0.7691
vn 0.4952 0.6289 0.5994
vn -0.7655 0.6287 0.1371
vn -0.7655 0.6287 -0.1371
vn -0.6708 0.6288 -0.3933
vn 0.2623 0.6290 0.7318
vn 0.2623 0.6290 -0.7318
vn -0.4952 0.6289 -0.5994
vn -0.0000 0.6291 0.7774
vn 0.4952 0.6289 -0.5994
vn -0.2623 0.6290 -0.7318
vn -0.2623 0.6290 0.7318
vn 0.6708 0.6288 -0.3933
vn -0.0000 0.6291 -0.7774
vn -0.4952 0.6289 0.5994
vn 0.7655 0.6287 -0.1371
vn -0.6708 0.6288 0.3933
vn 0.3375 0.0539 0.9398
vn 0.5638 -0.4643 0.6830
vn 0.2986 -0.4642 0.8339
vn -0.8619 0.0542 -0.5042
vn -0.0000 0.0539 -0.9985
vn 0.3375 0.0539 -0.9398
vn -0.6369 0.0541 -0.7691
vn -0.0000 0.0539 0.9985
vn 0.6369 0.0541 -0.7691
vn -0.3375 0.0539 -0.9398
vn -0.3375 0.0539 0.9398
vn 0.8619 0.0542 -0.5042
vn -0.6369 0.0541 0.7691
vn 0.9830 0.0544 -0.1756
vn -0.8619 0.0542 0.5042
vn 0.9830 0.0544 0.1756
vn -0.9830 0.0544 0.1756
vn 0.8619 0.0542 0.5042
vn -0.9830 0.0544 -0.1756
vn -0.0000 -0.0073 1.0000
vn -0.0000 -0.4642 0.8857
vn 0.2986 -0.4642 -0.8339
vn -0.7638 -0.4644 -0.4483
vn -0.5638 -0.4643 -0.6830
vn 0.5638 -0.4643 -0.6830
vn -0.2986 -0.4642 -0.8339
vn -0.2986 -0.4642 0.8339
vn 0.7638 -0.4644 -0.4483
vn -0.0000 -0.4642 -0.8857
vn -0.5638 -0.4643 0.6830
vn 0.8717 -0.4644 -0.1562
vn -0.7638 -0.4644 0.4483
vn 0.8717 -0.4644 0.1563
vn -0.8717 -0.4644 0.1563
vn 0.7638 -0.4644 0.4483
vn -0.8717 -0.4644 -0.1562
vn -0.2466 -0.6829 0.6876
vn -0.0000 -0.3401 0.9404
vn -0.3174 -0.3406 0.8850
vn 0.3385 -0.0073 -0.9409
vn 0.6384 -0.0073 -0.7697
vn -0.3385 -0.0074 -0.9409
vn -0.3385 -0.0073 0.9409
vn 0.8635 -0.0073 -0.5044
vn -0.0000 -0.0073 -1.0000
vn -0.6384 -0.0073 0.7697
vn 0.9844 -0.0073 -0.1756
vn -0.8635 -0.0073 0.5044
vn 0.9844 -0.0072 0.1756
vn -0.9844 -0.0073 0.1756
vn 0.8635 -0.0073 0.5044
vn -0.9844 -0.0072 -0.1756
vn 0.6384 -0.0073 0.7697
vn -0.8635 -0.0073 -0.5044
vn 0.3385 -0.0073 0.9409
vn -0.6384 -0.0073 -0.7697
vn -0.6111 -0.2844 0.7386
vn -0.3368 -0.0753 0.9386
vn -0.6356 -0.0756 0.7683
vn 0.6293 -0.6841 -0.3687
vn 0.5988 -0.3420 -0.7242
vn 0.8103 -0.3436 -0.4748
vn -0.2466 -0.6829 -0.6876
vn -0.0000 -0.3401 -0.9404
vn -0.0000 -0.6827 -0.7307
vn -0.4652 -0.6835 0.5625
vn -0.5988 -0.3420 0.7242
vn 0.7176 -0.6845 -0.1284
vn 0.9241 -0.3446 -0.1654
vn -0.6293 -0.6841 0.3687
vn -0.8103 -0.3436 0.4748
vn 0.9241 -0.3446 0.1654
vn 0.7176 -0.6845 0.1284
vn -0.7176 -0.6845 0.1284
vn -0.9241 -0.3446 0.1654
vn 0.8103 -0.3436 0.4748
vn 0.6293 -0.6841 0.3687
vn -0.9241 -0.3446 -0.1654
vn -0.7176 -0.6845 -0.1284
vn 0.5988 -0.3420 0.7242
vn 0.4652 -0.6835 0.5625
vn -0.8103 -0.3436 -0.4748
vn -0.6293 -0.6841 -0.3687
vn 0.3174 -0.3406 0.8850
vn 0.2466 -0.6829 0.6876
vn 0.2466 -0.6829 -0.6876
vn 0.3174 -0.3406 -0.8850
vn -0.5988 -0.3420 -0.7242
vn -0.4652 -0.6835 -0.5625
vn -0.0000 -0.6827 0.7307
vn 0.4652 -0.6835 -0.5625
vn -0.3174 -0.3406 -0.8850
vn -0.8560 0.1267 0.5012
vn -0.8604 -0.0760 0.5038
vn 0.9431 -0.2865 -0.1687
vn 0.8604 -0.0760 -0.5038
vn 0.9815 -0.0763 -0.1755
vn -0.8270 -0.2857 0.4842
vn 0.9815 -0.0763 0.1755
vn 0.9431 -0.2865 0.1687
vn -0.9431 -0.2865 0.1687
vn -0.9815 -0.0763 0.1755
vn 0.8604 -0.0760 0.5038
vn 0.8270 -0.2857 0.4842
vn -0.9815 -0.0763 -0.1755
vn -0.9431 -0.2865 -0.1687
vn 0.6356 -0.0756 0.7683
vn 0.6111 -0.2844 0.7386
vn -0.8604 -0.0760 -0.5038
vn -0.8270 -0.2857 -0.4842
vn 0.3368 -0.0753 0.9386
vn 0.3239 -0.2834 0.9026
vn 0.3239 -0.2834 -0.9026
vn -0.0000 -0.0752 -0.9972
vn 0.3368 -0.0753 -0.9386
vn -0.6356 -0.0756 -0.7683
vn -0.6111 -0.2844 -0.7386
vn -0.0000 -0.0752 0.9972
vn -0.0000 -0.2829 0.9591
vn 0.6111 -0.2844 -0.7386
vn 0.6356 -0.0756 -0.7683
vn -0.3368 -0.0753 -0.9386
vn -0.3239 -0.2834 -0.9026
vn -0.3239 -0.2834 0.9026
vn 0.8270 -0.2857 -0.4842
vn -0.0000 -0.2829 -0.9591
vn -0.8344 0.2548 0.4887
vn -0.9286 -0.3318 0.1664
vn -0.9517 0.2556 0.1702
vn 0.9764 0.1271 0.1746
vn -0.9764 0.1271 0.1746
vn 0.8560 0.1267 0.5012
vn -0.9764 0.1271 -0.1746
vn 0.6324 0.1261 0.7643
vn -0.8560 0.1267 -0.5012
vn 0.3351 0.1256 0.9338
vn -0.0000 0.1254 -0.9921
vn 0.3351 0.1256 -0.9338
vn -0.6324 0.1261 -0.7643
vn -0.0000 0.1254 0.9921
vn 0.6324 0.1261 -0.7643
vn -0.3351 0.1256 -0.9338
vn -0.3351 0.1256 0.9338
vn 0.8560 0.1267 -0.5012
vn -0.6324 0.1261 0.7643
vn 0.9764 0.1271 -0.1746
vn -0.9286 -0.3318 -0.1664
vn -0.9607 -0.2183 0.1716
vn -0.9607 -0.2183 -0.1716
vn 0.8344 0.2548 0.4887
vn 0.9286 -0.3318 0.1664
vn 0.8138 -0.3312 0.4775
vn -0.9517 0.2556 -0.1702
vn 0.6165 0.2536 0.7454
vn 0.6010 -0.3303 0.7278
vn -0.8344 0.2548 -0.4887
vn -0.8138 -0.3312 -0.4775
vn 0.3267 0.2525 0.9108
vn 0.3184 -0.3295 0.8889
vn -0.0000 0.2521 -0.9677
vn 0.3184 -0.3295 -0.8889
vn 0.3267 0.2525 -0.9108
vn -0.6165 0.2536 -0.7454
vn -0.6010 -0.3303 -0.7278
vn -0.0000 0.2521 0.9677
vn -0.0000 -0.3292 0.9443
vn 0.6010 -0.3303 -0.7278
vn 0.6165 0.2536 -0.7454
vn -0.3267 0.2525 -0.9108
vn -0.3184 -0.3295 -0.8889
vn -0.3184 -0.3295 0.8889
vn -0.3267 0.2525 0.9108
vn 0.8138 -0.3312 -0.4775
vn 0.8344 0.2548 -0.4887
vn -0.0000 -0.3292 -0.9443
vn -0.6010 -0.3303 0.7278
vn -0.6165 0.2536 0.7454
vn 0.9286 -0.3318 -0.1664
vn 0.9517 0.2556 -0.1702
vn -0.8138 -0.3312 0.4775
vn 0.9517 0.2556 0.1702
vn -0.7869 0.4103 -0.4610
vn -0.8888 0.4298 -0.1590
vn -0.7796 0.4286 -0.4567
vn 0.6226 -0.2181 0.7515
vn -0.8424 -0.2182 -0.4926
vn 0.3301 -0.2180 0.9184
vn -0.0000 -0.2180 -0.9760
vn 0.3301 -0.2180 -0.9184
vn -0.6226 -0.2181 -0.7515
vn -0.0000 -0.2180 0.9760
vn 0.6226 -0.2181 -0.7515
vn -0.3301 -0.2180 -0.9184
vn -0.3301 -0.2180 0.9184
vn 0.8424 -0.2182 -0.4926
vn -0.6226 -0.2181 0.7515
vn 0.9607 -0.2183 -0.1716
vn -0.8424 -0.2182 0.4926
vn 0.9607 -0.2183 0.1716
vn 0.8424 -0.2182 0.4926
vn -0.0000 0.4246 -0.9054
vn 0.2492 0.6746 -0.6948
vn 0.3056 0.4253 -0.8519
vn 0.3084 0.4070 0.8598
vn 0.5763 0.4268 0.6969
vn 0.3056 0.4253 0.8519
vn -0.0000 0.4064 -0.9137
vn 0.3084 0.4070 -0.8598
vn -0.5817 0.4085 -0.7034
vn -0.5763 0.4268 -0.6969
vn -0.0000 0.4064 0.9137
vn -0.0000 0.4246 0.9054
vn 0.5763 0.4268 -0.6969
vn 0.5817 0.4085 -0.7034
vn -0.3084 0.4070 -0.8598
vn -0.3056 0.4253 -0.8519
vn -0.3056 0.4253 0.8519
vn -0.3084 0.4070 0.8598
vn 0.7796 0.4286 -0.4567
vn 0.7869 0.4103 -0.4610
vn -0.5763 0.4268 0.6969
vn -0.5817 0.4085 0.7034
vn 0.8888 0.4298 -0.1590
vn 0.8972 0.4115 -0.1605
vn -0.7796 0.4286 0.4567
vn -0.7869 0.4103 0.4610
vn 0.8888 0.4298 0.1590
vn 0.8972 0.4115 0.1605
vn -0.8888 0.4298 0.1590
vn -0.8972 0.4115 0.1605
vn 0.7869 0.4103 0.4610
vn 0.7796 0.4286 0.4567
vn -0.8972 0.4115 -0.1605
vn 0.5817 0.4085 0.7034
vn 0.5386 0.5337 -0.6520
vn 0.4697 0.6758 -0.5680
vn -0.6349 0.6772 -0.3720
vn -0.4697 0.6758 -0.5680
vn 0.2492 0.6746 0.6948
vn -0.0000 0.6741 0.7386
vn -0.2492 0.6746 -0.6948
vn -0.2492 0.6746 0.6948
vn 0.6349 0.6772 -0.3720
vn -0.0000 0.6741 -0.7386
vn -0.4697 0.6758 0.5680
vn 0.7235 0.6781 -0.1295
vn -0.6349 0.6772 0.3720
vn 0.7235 0.6781 0.1295
vn -0.7235 0.6781 0.1295
vn 0.6349 0.6772 0.3720
vn -0.7235 0.6781 -0.1295
vn 0.4697 0.6758 0.5680
vn 0.7288 0.5350 -0.4274
vn 0.5015 -0.6165 -0.6069
vn 0.6785 -0.6176 -0.3978
vn -0.5386 0.5337 -0.6520
vn -0.2855 0.5326 -0.7968
vn -0.2855 0.5326 0.7968
vn -0.0000 0.5321 -0.8467
vn -0.5386 0.5337 0.6520
vn 0.8311 0.5359 -0.1488
vn -0.7288 0.5350 0.4274
vn 0.8311 0.5359 0.1488
vn -0.8311 0.5359 0.1488
vn 0.7288 0.5350 0.4274
vn -0.8311 0.5359 -0.1488
vn 0.5386 0.5337 0.6520
vn -0.7288 0.5350 -0.4274
vn 0.2855 0.5326 0.7968
vn 0.2855 0.5326 -0.7968
vn -0.0000 0.5321 0.8467
vn 0.3106 -0.9489 -0.0556
vn 0.8488 -0.1832 -0.4960
vn 0.9679 -0.1828 -0.1727
vn -0.2659 -0.6156 -0.7418
vn -0.0000 -0.6153 -0.7883
vn -0.5015 -0.6165 0.6069
vn 0.7737 -0.6183 -0.1385
vn -0.6785 -0.6176 0.3978
vn 0.7737 -0.6182 0.1385
vn -0.7737 -0.6182 0.1385
vn 0.6785 -0.6176 0.3978
vn -0.7737 -0.6182 -0.1385
vn 0.5015 -0.6165 0.6069
vn -0.6785 -0.6176 -0.3978
vn 0.2659 -0.6156 0.7418
vn 0.2659 -0.6156 -0.7418
vn -0.5015 -0.6165 -0.6069
vn -0.0000 -0.6153 0.7883
vn -0.2659 -0.6156 0.7418
vn 0.6511 0.7500 0.1165
vn 0.8888 0.4298 -0.1592
vn 0.8888 0.4298 0.1592
vn -0.2731 -0.9486 0.1601
vn -0.6274 -0.1838 0.7567
vn -0.8488 -0.1832 0.4960
vn 0.9679 -0.1828 0.1727
vn 0.3106 -0.9489 0.0556
vn -0.3106 -0.9489 0.0556
vn -0.9679 -0.1828 0.1727
vn 0.8488 -0.1832 0.4960
vn 0.2731 -0.9486 0.1601
vn -0.3106 -0.9489 -0.0556
vn -0.9679 -0.1828 -0.1727
vn 0.6274 -0.1838 0.7567
vn 0.2026 -0.9481 0.2451
vn -0.8488 -0.1832 -0.4960
vn -0.2731 -0.9486 -0.1601
vn 0.3326 -0.1844 0.9249
vn 0.1077 -0.9477 0.3006
vn 0.1077 -0.9477 -0.3006
vn -0.0000 -0.1846 -0.9828
vn 0.3326 -0.1844 -0.9249
vn -0.6274 -0.1838 -0.7567
vn -0.2026 -0.9481 -0.2451
vn -0.0000 -0.1846 0.9828
vn -0.0000 -0.9475 0.3198
vn 0.2026 -0.9481 -0.2451
vn 0.6274 -0.1838 -0.7567
vn -0.3326 -0.1844 -0.9249
vn -0.1077 -0.9477 -0.3006
vn -0.1077 -0.9477 0.3006
vn -0.3326 -0.1844 0.9249
vn 0.2731 -0.9486 -0.1601
vn -0.0000 -0.9475 -0.3198
vn -0.2026 -0.9481 0.2451
vn 0.8343 0.2560 0.4883
vn 0.7793 0.4288 0.4570
vn -0.5718 0.7488 0.3351
vn -0.8888 0.4298 0.1592
vn -0.6511 0.7500 0.1165
vn 0.5718 0.7488 0.3351
vn -0.8888 0.4298 -0.1592
vn -0.6511 0.7500 -0.1165
vn 0.4235 0.7471 0.5123
vn 0.5758 0.4273 0.6970
vn -0.5718 0.7488 -0.3351
vn -0.7793 0.4288 -0.4570
vn 0.2249 0.7456 0.6272
vn 0.3052 0.4261 0.8517
vn -0.0000 0.7451 -0.6670
vn 0.3052 0.4261 -0.8517
vn 0.2249 0.7456 -0.6272
vn -0.4235 0.7471 -0.5123
vn -0.5758 0.4273 -0.6970
vn -0.0000 0.7451 0.6670
vn -0.0000 0.4256 0.9049
vn 0.5758 0.4273 -0.6970
vn 0.4235 0.7471 -0.5123
vn -0.2249 0.7456 -0.6272
vn -0.3052 0.4261 -0.8517
vn -0.3052 0.4261 0.8517
vn -0.2249 0.7456 0.6272
vn 0.7793 0.4288 -0.4570
vn 0.5718 0.7488 -0.3351
vn -0.0000 0.4256 -0.9049
vn -0.5758 0.4273 0.6970
vn -0.4235 0.7471 0.5123
vn 0.6511 0.7500 -0.1165
vn -0.7793 0.4288 0.4570
vn 0.6165 0.2550 0.7449
vn 0.8304 0.2709 0.4868
vn 0.6134 0.2696 0.7423
vn -0.9514 0.2566 -0.1701
vn -0.8343 0.2560 -0.4883
vn 0.3268 0.2542 0.9103
vn -0.0000 0.2538 -0.9672
vn 0.3268 0.2542 -0.9103
vn -0.6165 0.2550 -0.7449
vn -0.0000 0.2538 0.9672
vn 0.6165 0.2550 -0.7449
vn -0.3268 0.2542 -0.9103
vn -0.3268 0.2542 0.9103
vn 0.8343 0.2560 -0.4883
vn -0.6165 0.2550 0.7449
vn 0.9514 0.2566 -0.1701
vn -0.8343 0.2560 0.4883
vn 0.9514 0.2566 0.1701
vn -0.9514 0.2566 0.1701
vn 0.6374 -0.0000 0.7706
vn 0.2506 0.6704 0.6984
vn 0.3377 -0.0000 0.9413
vn -0.9473 0.2717 -0.1696
vn -0.8304 0.2709 -0.4868
vn 0.3250 0.2686 0.9068
vn 0.3250 0.2686 -0.9068
vn -0.6134 0.2696 -0.7423
vn -0.0000 0.2682 0.9634
vn 0.6134 0.2696 -0.7423
vn -0.3250 0.2686 -0.9068
vn -0.3250 0.2686 0.9068
vn 0.8304 0.2709 -0.4868
vn -0.0000 0.2682 -0.9634
vn -0.6134 0.2696 0.7423
vn 0.9473 0.2717 -0.1696
vn -0.8304 0.2709 0.4868
vn 0.9473 0.2717 0.1696
vn -0.9473 0.2717 0.1696
vn -0.0000 1.0000 -0.0000
vn 0.1349 0.9171 0.3752
vn -0.0000 0.9169 0.3992
vn 0.3377 -0.0000 -0.9413
vn -0.0000 0.6705 -0.7419
vn 0.2506 0.6704 -0.6984
vn -0.6374 -0.0000 -0.7706
vn -0.6408 0.6698 -0.3753
vn -0.4731 0.6701 -0.5720
vn -0.0000 0.6705 0.7419
vn -0.0000 -0.0000 1.0000
vn 0.6374 -0.0000 -0.7706
vn 0.4731 0.6701 -0.5720
vn -0.3377 -0.0000 -0.9413
vn -0.2506 0.6704 -0.6984
vn -0.2506 0.6704 0.6984
vn -0.3377 -0.0000 0.9413
vn 0.8629 -0.0000 -0.5054
vn 0.6408 0.6698 -0.3753
vn -0.0000 -0.0000 -1.0000
vn -0.4731 0.6701 0.5720
vn -0.6374 -0.0000 0.7706
vn 0.9844 -0.0000 -0.1761
vn 0.7312 0.6695 -0.1308
vn -0.6408 0.6698 0.3753
vn -0.8629 -0.0000 0.5054
vn 0.7312 0.6695 0.1308
vn 0.9844 -0.0000 0.1761
vn -0.7312 0.6695 0.1308
vn -0.9844 -0.0000 0.1761
vn 0.6408 0.6698 0.3753
vn 0.8629 -0.0000 0.5054
vn -0.7312 0.6695 -0.1308
vn -0.9844 -0.0000 -0.1761
vn 0.4731 0.6701 0.5720
vn -0.8629 -0.0000 -0.5054
vn -0.0000 0.3907 0.9205
vn -0.2769 -0.5709 0.7729
vn -0.3105 0.3913 0.8663
vn 0.2536 0.9176 -0.3060
vn -0.2536 0.9176 -0.3060
vn -0.1349 0.9171 -0.3752
vn -0.1349 0.9171 0.3752
vn 0.3418 0.9183 -0.1998
vn -0.0000 0.9169 -0.3992
vn -0.2536 0.9176 0.3060
vn 0.3888 0.9187 -0.0694
vn -0.3418 0.9183 0.1998
vn 0.3888 0.9187 0.0694
vn -0.3888 0.9187 0.0694
vn 0.3418 0.9183 0.1998
vn -0.3888 0.9187 -0.0694
vn 0.2536 0.9176 0.3060
vn -0.3418 0.9183 -0.1998
vn 0.1349 0.9171 -0.3752
vn -0.5226 -0.5716 0.6326
vn -0.2804 -0.5578 0.7812
vn -0.5291 -0.5581 0.6393
vn 0.5859 0.3927 -0.7089
vn 0.7073 -0.5725 -0.4148
vn 0.7928 0.3943 -0.4647
vn -0.0000 0.3907 -0.9205
vn -0.2769 -0.5709 -0.7729
vn -0.0000 -0.5707 -0.8212
vn -0.5859 0.3927 0.7089
vn 0.8067 -0.5730 -0.1445
vn 0.9041 0.3954 -0.1619
vn -0.7073 -0.5725 0.4148
vn -0.7928 0.3943 0.4647
vn 0.8067 -0.5730 0.1445
vn 0.9041 0.3954 0.1619
vn -0.8067 -0.5730 0.1445
vn -0.9041 0.3954 0.1619
vn 0.7928 0.3943 0.4647
vn 0.7073 -0.5725 0.4148
vn -0.8067 -0.5730 -0.1445
vn -0.9041 0.3954 -0.1619
vn 0.5859 0.3927 0.7089
vn 0.5226 -0.5716 0.6326
vn -0.7928 0.3943 -0.4647
vn -0.7073 -0.5725 -0.4148
vn 0.3105 0.3913 0.8663
vn 0.2769 -0.5709 0.7729
vn 0.2769 -0.5709 -0.7729
vn 0.3105 0.3913 -0.8663
vn -0.5859 0.3927 -0.7089
vn -0.5226 -0.5716 -0.6326
vn -0.0000 -0.5707 0.8212
vn 0.5226 -0.5716 -0.6326
vn -0.3105 0.3913 -0.8663
vn -0.6373 -0.0000 0.7706
vn -0.6378 -0.6734 0.3738
vn 0.7160 -0.5584 -0.4191
vn 0.8165 -0.5585 -0.1460
vn -0.7160 -0.5584 0.4191
vn 0.8165 -0.5586 0.1460
vn -0.8165 -0.5586 0.1460
vn 0.7160 -0.5584 0.4191
vn -0.8165 -0.5586 -0.1460
vn 0.5291 -0.5581 0.6393
vn -0.7160 -0.5584 -0.4191
vn 0.2804 -0.5578 0.7812
vn -0.0000 -0.5577 -0.8300
vn 0.2804 -0.5578 -0.7812
vn -0.5291 -0.5581 -0.6393
vn -0.0000 -0.5577 0.8300
vn 0.5291 -0.5581 -0.6393
vn -0.2804 -0.5578 -0.7812
vn -0.7272 -0.6739 0.1302
vn -0.8274 -0.2855 0.4836
vn -0.9436 -0.2849 0.1684
vn 0.7272 -0.6739 0.1302
vn 0.6378 -0.6734 0.3738
vn -0.7272 -0.6739 -0.1302
vn 0.4714 -0.6726 0.5704
vn -0.6378 -0.6734 -0.3738
vn 0.2500 -0.6719 0.6972
vn -0.0000 -0.6717 -0.7409
vn 0.2500 -0.6719 -0.6972
vn -0.4714 -0.6726 -0.5704
vn -0.0000 -0.6717 0.7409
vn 0.4715 -0.6726 -0.5704
vn -0.2499 -0.6719 -0.6972
vn -0.2499 -0.6719 0.6972
vn 0.6378 -0.6734 -0.3738
vn -0.4714 -0.6726 0.5704
vn 0.7272 -0.6739 -0.1302
vn -0.5590 0.8231 -0.1001
vn -0.9436 -0.2849 -0.1684
vn 0.8274 -0.2855 0.4836
vn 0.6114 -0.2865 0.7376
vn -0.8274 -0.2855 -0.4836
vn 0.3241 -0.2873 0.9013
vn -0.0000 -0.2876 -0.9577
vn 0.3241 -0.2873 -0.9013
vn -0.6114 -0.2865 -0.7376
vn -0.0000 -0.2877 0.9577
vn 0.6114 -0.2865 -0.7376
vn -0.3241 -0.2873 -0.9013
vn -0.3241 -0.2873 0.9013
vn 0.8274 -0.2855 -0.4836
vn -0.6114 -0.2865 0.7376
vn 0.9436 -0.2849 -0.1684
vn 0.9436 -0.2849 0.1684
vn -0.4907 0.8224 -0.2877
vn -0.1857 0.9820 -0.0333
vn -0.1630 0.9820 -0.0959
vn 0.4907 0.8224 0.2877
vn 0.3633 0.8213 0.4398
vn 0.1929 0.8204 0.5383
vn 0.1929 0.8204 -0.5383
vn -0.3633 0.8213 -0.4398
vn -0.0000 0.8200 0.5723
vn 0.3633 0.8213 -0.4398
vn -0.1929 0.8204 -0.5383
vn -0.1929 0.8204 0.5383
vn 0.4907 0.8224 -0.2877
vn -0.0000 0.8200 -0.5723
vn -0.3633 0.8213 0.4398
vn 0.5590 0.8231 -0.1001
vn -0.4907 0.8224 0.2877
vn 0.5590 0.8231 0.1001
vn -0.5590 0.8231 0.1001
vn -0.1207 0.9818 -0.1465
vn 0.0641 0.9817 0.1793
vn 0.1857 0.9820 -0.0333
vn 0.1207 0.9818 0.1465
vn 0.0641 0.9817 -0.1793
vn -0.0000 0.9817 0.1907
vn 0.1207 0.9818 -0.1465
vn -0.0641 0.9817 -0.1793
vn -0.0641 0.9817 0.1793
vn 0.1630 0.9820 -0.0958
vn -0.0000 0.9816 -0.1907
vn -0.1207 0.9818 0.1465
vn -0.1630 0.9820 0.0958
vn 0.1857 0.9820 0.0333
vn -0.1857 0.9820 0.0333
vn 0.1630 0.9820 0.0958
vn -0.9103 0.3805 0.1632
vn 0.3483 -0.8375 0.4210
vn -0.7974 0.3806 0.4682
vn 0.1851 -0.8365 -0.5158
vn -0.0000 -0.8361 -0.5486
vn -0.5885 0.3807 0.7133
vn -0.1851 -0.8365 0.5158
vn -0.0000 -0.8361 0.5486
vn -0.4700 -0.8387 -0.2752
vn -0.3116 0.3808 0.8706
vn 0.4700 -0.8387 -0.2752
vn 0.3483 -0.8375 -0.4210
vn 0.1851 -0.8365 0.5158
vn 0.3116 0.3808 0.8706
vn -0.0000 0.3809 0.9246
vn -0.1851 -0.8365 -0.5158
vn 0.5885 0.3807 0.7133
vn -0.3483 -0.8375 0.4210
vn 0.7974 0.3806 0.4682
vn -0.3483 -0.8375 -0.4210
vn 0.5349 -0.8395 -0.0957
vn -0.5885 0.3807 -0.7133
vn -0.3116 0.3808 -0.8706
vn 0.5885 0.3807 -0.7133
vn -0.7974 0.3806 -0.4682
vn 0.3116 0.3808 -0.8706
vn -0.9103 0.3805 -0.1632
vn -0.5349 -0.8395 0.0957
vn -0.5349 -0.8395 -0.0957
vn 0.9103 0.3805 0.1632
vn 0.4700 -0.8387 0.2752
vn -0.4700 -0.8387 0.2752
vn 0.5350 -0.8394 0.0957
vn 0.9103 0.3805 -0.1632
vn -0.0000 0.3809 -0.9246
vn 0.7974 0.3806 -0.4682
vn -0.8570 -0.1334 0.4977
vn 0.4452 -0.7802 -0.4393
vn -0.9705 -0.2412 -0.0000
vn 0.8055 -0.5926 -0.0000
vt 0.882143 0.685241
vt 0.870472 0.653486
vt 0.882143 0.653486
vt 0.870472 0.685241
vt 0.858802 0.653486
vt 0.858802 0.685241
vt 0.847131 0.653486
vt 0.847131 0.685241
vt 0.835460 0.653486
vt 0.823790 0.685241
vt 0.823790 0.653486
vt 0.812119 0.685241
vt 0.812119 0.653486
vt 0.800448 0.653486
vt 0.788778 0.685241
vt 0.788778 0.653486
vt 0.777107 0.685241
vt 0.777107 0.653486
vt 0.765437 0.685241
vt 0.765437 0.653486
vt 0.753766 0.685241
vt 0.753766 0.653486
vt 0.742095 0.685241
vt 0.742095 0.653486
vt 0.730425 0.685241
vt 0.730425 0.653486
vt 0.718754 0.653486
vt 0.718754 0.685241
vt 0.707084 0.653486
vt 0.707084 0.685241
vt 0.718754 0.695173
vt 0.707084 0.695173
vt 0.695413 0.653486
vt 0.695413 0.685241
vt 0.683742 0.653486
vt 0.932903 0.341484
vt 0.884151 0.350080
vt 0.895202 0.319717
vt 0.812119 0.695173
vt 0.823790 0.714387
vt 0.812119 0.714387
vt 0.847131 0.695173
vt 0.800448 0.685241
vt 0.788778 0.695173
vt 0.870472 0.695173
vt 0.742095 0.695173
vt 0.730425 0.695173
vt 0.672072 0.685241
vt 0.683742 0.695173
vt 0.672072 0.695173
vt 0.765437 0.695173
vt 0.753766 0.695173
vt 0.695413 0.695173
vt 0.835460 0.695173
vt 0.835460 0.685241
vt 0.777107 0.695173
vt 0.858802 0.695173
vt 0.800448 0.695173
vt 0.683742 0.685241
vt 0.823790 0.695173
vt 0.718754 0.714387
vt 0.800448 0.714387
vt 0.707084 0.714387
vt 0.788778 0.714387
vt 0.882143 0.714387
vt 0.870472 0.714387
vt 0.695413 0.714387
vt 0.777107 0.714387
vt 0.858802 0.714387
vt 0.683742 0.714387
vt 0.765437 0.714387
vt 0.847131 0.714387
vt 0.672072 0.714387
vt 0.753766 0.714387
vt 0.835460 0.714387
vt 0.742095 0.714387
vt 0.730425 0.714387
vt 0.889713 0.409501
vt 0.920188 0.374563
vt 0.929992 0.403191
vt 0.672072 0.653486
vt 0.848116 0.867496
vt 0.865176 0.863996
vt 0.865176 0.867496
vt 0.919087 0.867496
vt 0.900246 0.863996
vt 0.919087 0.863996
vt 0.717318 0.867496
vt 0.734912 0.863996
vt 0.734912 0.867496
vt 0.831907 0.867496
vt 0.848116 0.863996
vt 0.900246 0.867496
vt 0.882770 0.863996
vt 0.700257 0.867496
vt 0.717318 0.863996
vt 0.816486 0.867496
vt 0.831907 0.863996
vt 0.684049 0.867496
vt 0.700257 0.863996
vt 0.801387 0.867496
vt 0.816486 0.863996
vt 0.668628 0.867496
vt 0.684049 0.863996
vt 0.786008 0.863996
vt 0.801387 0.863996
vt 0.653529 0.867496
vt 0.668628 0.863996
vt 0.786008 0.867496
vt 0.771682 0.863996
vt 0.949780 0.867496
vt 0.934359 0.863996
vt 0.949780 0.863996
vt 0.771682 0.867496
vt 0.752506 0.863996
vt 0.882770 0.867496
vt 0.934359 0.867496
vt 0.752506 0.867496
vt 0.734912 0.854532
vt 0.752506 0.852174
vt 0.752506 0.854532
vt 0.934359 0.854532
vt 0.919087 0.852174
vt 0.934359 0.852174
vt 0.882770 0.854532
vt 0.865176 0.852174
vt 0.882770 0.852174
vt 0.771682 0.854532
vt 0.771682 0.852174
vt 0.949780 0.852174
vt 0.949780 0.854532
vt 0.786008 0.852174
vt 0.786008 0.854532
vt 0.653529 0.854532
vt 0.668628 0.852174
vt 0.668628 0.854532
vt 0.801387 0.852174
vt 0.801387 0.854532
vt 0.684049 0.854532
vt 0.684049 0.852174
vt 0.816486 0.852174
vt 0.816486 0.854532
vt 0.700257 0.854532
vt 0.700257 0.852174
vt 0.831907 0.854532
vt 0.831907 0.852174
vt 0.717318 0.854532
vt 0.717318 0.852174
vt 0.900246 0.852174
vt 0.900246 0.854532
vt 0.848116 0.854532
vt 0.848116 0.852174
vt 0.734912 0.852174
vt 0.919087 0.854532
vt 0.865176 0.854532
vt 0.865176 0.860021
vt 0.848116 0.862550
vt 0.848116 0.860021
vt 0.919087 0.862550
vt 0.900246 0.860021
vt 0.919087 0.860021
vt 0.734912 0.860021
vt 0.717318 0.862550
vt 0.717318 0.860021
vt 0.831907 0.862550
vt 0.831907 0.860021
vt 0.900246 0.862550
vt 0.882770 0.860021
vt 0.700257 0.862550
vt 0.700257 0.860021
vt 0.816486 0.862550
vt 0.816486 0.860021
vt 0.684049 0.862550
vt 0.684049 0.860021
vt 0.801387 0.862550
vt 0.801387 0.860021
vt 0.668628 0.862550
vt 0.668628 0.860021
vt 0.786008 0.860021
vt 0.653529 0.860021
vt 0.786008 0.862550
vt 0.771682 0.860021
vt 0.949780 0.862550
vt 0.934359 0.860021
vt 0.949780 0.860021
vt 0.771682 0.862550
vt 0.752506 0.860021
vt 0.865176 0.862550
vt 0.752506 0.862550
vt 0.752506 0.855897
vt 0.734912 0.855897
vt 0.934359 0.855897
vt 0.919087 0.855897
vt 0.865176 0.855897
vt 0.882770 0.855897
vt 0.771682 0.855897
vt 0.949780 0.855897
vt 0.786008 0.855897
vt 0.653529 0.855897
vt 0.668628 0.855897
vt 0.801387 0.855897
vt 0.684049 0.855897
vt 0.816486 0.855897
vt 0.700257 0.855897
vt 0.831907 0.855897
vt 0.717318 0.855897
vt 0.900246 0.855897
vt 0.848116 0.855897
vt 0.734912 0.862550
vt 0.882770 0.862550
vt 0.653529 0.862550
vt 0.653529 0.863996
vt 0.934359 0.862550
vt 0.908793 0.840380
vt 0.926399 0.844289
vt 0.908793 0.844289
vt 0.854793 0.844289
vt 0.872399 0.840380
vt 0.872399 0.844289
vt 0.732746 0.844289
vt 0.753411 0.840380
vt 0.753411 0.844289
vt 0.926399 0.840380
vt 0.943479 0.844289
vt 0.892677 0.844289
vt 0.771017 0.844289
vt 0.943479 0.840380
vt 0.960082 0.844289
vt 0.771017 0.840380
vt 0.788097 0.844289
vt 0.648543 0.840380
vt 0.664954 0.844289
vt 0.648543 0.844289
vt 0.788097 0.840380
vt 0.804700 0.844289
vt 0.681557 0.840380
vt 0.681557 0.844289
vt 0.804700 0.840380
vt 0.821110 0.844289
vt 0.698636 0.840380
vt 0.698636 0.844289
vt 0.837713 0.840380
vt 0.837713 0.844289
vt 0.716954 0.840380
vt 0.716954 0.844289
vt 0.854793 0.840380
vt 0.716954 0.827202
vt 0.732746 0.829793
vt 0.716954 0.829793
vt 0.837713 0.827202
vt 0.854793 0.829793
vt 0.837713 0.829793
vt 0.892677 0.829793
vt 0.908793 0.827202
vt 0.908793 0.829793
vt 0.698636 0.827202
vt 0.698636 0.829793
vt 0.821110 0.827202
vt 0.821110 0.829793
vt 0.681557 0.827202
vt 0.681557 0.829793
vt 0.804700 0.829793
vt 0.664954 0.827202
vt 0.664954 0.829793
vt 0.788097 0.829793
vt 0.804700 0.827202
vt 0.648543 0.827202
vt 0.648543 0.829793
vt 0.771017 0.829793
vt 0.788097 0.827202
vt 0.943479 0.829793
vt 0.960082 0.827202
vt 0.960082 0.829793
vt 0.753411 0.829793
vt 0.771017 0.827202
vt 0.872399 0.827202
vt 0.872399 0.829793
vt 0.926399 0.829793
vt 0.943479 0.827202
vt 0.753411 0.827202
vt 0.854793 0.827202
vt 0.926399 0.827202
vt 0.908793 0.835958
vt 0.926399 0.838744
vt 0.908793 0.838744
vt 0.872399 0.835958
vt 0.854793 0.838744
vt 0.854793 0.835958
vt 0.753411 0.835958
vt 0.732746 0.838744
vt 0.732746 0.835958
vt 0.926399 0.835958
vt 0.943479 0.838744
vt 0.892677 0.838744
vt 0.872399 0.838744
vt 0.771017 0.838744
vt 0.753411 0.838744
vt 0.943479 0.835958
vt 0.960082 0.838744
vt 0.771017 0.835958
vt 0.788097 0.838744
vt 0.664954 0.835958
vt 0.648543 0.838744
vt 0.648543 0.835958
vt 0.788097 0.835958
vt 0.804700 0.838744
vt 0.681557 0.835958
vt 0.664954 0.838744
vt 0.804700 0.835958
vt 0.821110 0.838744
vt 0.698636 0.835958
vt 0.681557 0.838744
vt 0.837713 0.835958
vt 0.821110 0.835958
vt 0.716954 0.835958
vt 0.698636 0.838744
vt 0.892677 0.835958
vt 0.837713 0.838744
vt 0.716954 0.838744
vt 0.732746 0.831337
vt 0.716954 0.831337
vt 0.837713 0.831337
vt 0.892677 0.831337
vt 0.698636 0.831337
vt 0.821110 0.831337
vt 0.681557 0.831337
vt 0.804700 0.831337
vt 0.664954 0.831337
vt 0.788097 0.831337
vt 0.648543 0.831337
vt 0.771017 0.831337
vt 0.960082 0.831337
vt 0.943479 0.831337
vt 0.753411 0.831337
vt 0.872399 0.831337
vt 0.926399 0.831337
vt 0.854793 0.831337
vt 0.908793 0.831337
vt 0.732746 0.840380
vt 0.892677 0.840380
vt 0.960082 0.840380
vt 0.664954 0.840380
vt 0.821110 0.840380
vt 0.596876 0.665234
vt 0.609473 0.684963
vt 0.596876 0.684963
vt 0.609473 0.665234
vt 0.622070 0.684963
vt 0.584279 0.833763
vt 0.571682 0.861423
vt 0.571682 0.833763
vt 0.609473 0.886716
vt 0.622070 0.908740
vt 0.609473 0.908740
vt 0.571682 0.684963
vt 0.584279 0.665234
vt 0.584279 0.684963
vt 0.584279 0.908740
vt 0.571682 0.926774
vt 0.571682 0.908740
vt 0.596876 0.760550
vt 0.609473 0.746206
vt 0.609473 0.760550
vt 0.571682 0.886716
vt 0.559085 0.908740
vt 0.559085 0.886716
vt 0.609473 0.731960
vt 0.596876 0.746206
vt 0.596876 0.731960
vt 0.559085 0.760550
vt 0.571682 0.789858
vt 0.559085 0.789858
vt 0.622070 0.731960
vt 0.634667 0.717452
vt 0.634667 0.731960
vt 0.596876 0.926774
vt 0.584279 0.934252
vt 0.584279 0.926774
vt 0.622070 0.957737
vt 0.634667 0.967696
vt 0.622070 0.967696
vt 0.584279 0.861423
vt 0.596876 0.833763
vt 0.596876 0.861423
vt 0.609473 0.789858
vt 0.596876 0.789858
vt 0.521910 0.958674
vt 0.536424 0.947765
vt 0.536424 0.958674
vt 0.596876 0.886716
vt 0.584279 0.886716
vt 0.622070 0.746206
vt 0.622070 0.760550
vt 0.584279 0.967696
vt 0.571682 0.957737
vt 0.584279 0.957737
vt 0.622070 0.946877
vt 0.609473 0.957737
vt 0.609473 0.946877
vt 0.634667 0.946877
vt 0.634667 0.957737
vt 0.609473 0.702062
vt 0.622070 0.717452
vt 0.609473 0.717452
vt 0.634667 0.702062
vt 0.622070 0.702062
vt 0.622070 0.926774
vt 0.609473 0.926774
vt 0.634667 0.789858
vt 0.622070 0.833763
vt 0.622070 0.789858
vt 0.559085 0.861423
vt 0.634667 0.926774
vt 0.634667 0.684963
vt 0.596876 0.702062
vt 0.584279 0.702062
vt 0.634667 0.861423
vt 0.622070 0.886716
vt 0.622070 0.861423
vt 0.596876 0.976779
vt 0.609473 0.980835
vt 0.596876 0.980835
vt 0.571682 0.731960
vt 0.584279 0.746206
vt 0.571682 0.746206
vt 0.596876 0.908740
vt 0.559085 0.702062
vt 0.559085 0.684963
vt 0.559085 0.946877
vt 0.559085 0.957737
vt 0.609473 0.861423
vt 0.609473 0.833763
vt 0.584279 0.717452
vt 0.596876 0.717452
vt 0.571682 0.967696
vt 0.559085 0.967696
vt 0.559085 0.731960
vt 0.559085 0.746206
vt 0.609473 0.976779
vt 0.622070 0.976779
vt 0.634667 0.976779
vt 0.584279 0.976779
vt 0.609473 0.967696
vt 0.596876 0.967696
vt 0.559085 0.934252
vt 0.571682 0.934252
vt 0.571682 0.976779
vt 0.559085 0.976779
vt 0.571682 0.717452
vt 0.571682 0.702062
vt 0.622070 0.934252
vt 0.609473 0.934252
vt 0.559085 0.926774
vt 0.571682 0.946877
vt 0.584279 0.946877
vt 0.596876 0.934252
vt 0.596876 0.946877
vt 0.634667 0.760550
vt 0.559085 0.717452
vt 0.584279 0.789858
vt 0.596876 0.957737
vt 0.584279 0.731960
vt 0.571682 0.980835
vt 0.584279 0.980835
vt 0.634667 0.665234
vt 0.571682 0.760550
vt 0.559085 0.833763
vt 0.622070 0.980835
vt 0.571682 0.665234
vt 0.559085 0.980835
vt 0.634667 0.833763
vt 0.584279 0.760550
vt 0.571682 0.654074
vt 0.584279 0.654074
vt 0.596876 0.654074
vt 0.609473 0.654074
vt 0.622070 0.654074
vt 0.622070 0.665234
vt 0.634667 0.654074
vt 0.559085 0.654074
vt 0.536424 0.898878
vt 0.521910 0.875006
vt 0.536424 0.875006
vt 0.507396 0.664868
vt 0.492881 0.684686
vt 0.492881 0.664868
vt 0.478367 0.684686
vt 0.492881 0.898878
vt 0.507396 0.875006
vt 0.507396 0.898878
vt 0.550938 0.898878
vt 0.550938 0.875006
vt 0.521910 0.664868
vt 0.536424 0.684686
vt 0.521910 0.684686
vt 0.463853 0.875006
vt 0.478367 0.898878
vt 0.463853 0.898878
vt 0.507396 0.848292
vt 0.492881 0.875006
vt 0.492881 0.848292
vt 0.507396 0.919066
vt 0.521910 0.935083
vt 0.507396 0.935083
vt 0.492881 0.746206
vt 0.507396 0.760615
vt 0.492881 0.760615
vt 0.492881 0.790055
vt 0.507396 0.819667
vt 0.492881 0.819667
vt 0.478367 0.875006
vt 0.463853 0.848292
vt 0.478367 0.848292
vt 0.521910 0.848292
vt 0.492881 0.731896
vt 0.507396 0.746206
vt 0.536424 0.790055
vt 0.550938 0.760615
vt 0.550938 0.790055
vt 0.463853 0.731896
vt 0.478367 0.717322
vt 0.478367 0.731896
vt 0.521910 0.898878
vt 0.478367 0.958674
vt 0.463853 0.968678
vt 0.463853 0.958674
vt 0.507396 0.790055
vt 0.478367 0.746206
vt 0.478367 0.760615
vt 0.521910 0.968678
vt 0.536424 0.968678
vt 0.478367 0.947765
vt 0.492881 0.958674
vt 0.463853 0.947765
vt 0.492881 0.701862
vt 0.478367 0.701862
vt 0.463853 0.701862
vt 0.463853 0.717322
vt 0.478367 0.919066
vt 0.478367 0.790055
vt 0.463853 0.819667
vt 0.463853 0.790055
vt 0.521910 0.819667
vt 0.536424 0.848292
vt 0.463853 0.919066
vt 0.463853 0.684686
vt 0.507396 0.684686
vt 0.521910 0.701862
vt 0.507396 0.701862
vt 0.492881 0.981876
vt 0.507396 0.977802
vt 0.507396 0.981876
vt 0.521910 0.746206
vt 0.536424 0.731896
vt 0.536424 0.746206
vt 0.492881 0.919066
vt 0.550938 0.701862
vt 0.536424 0.701862
vt 0.550938 0.947765
vt 0.550938 0.958674
vt 0.521910 0.919066
vt 0.536424 0.935083
vt 0.507396 0.717322
vt 0.492881 0.717322
vt 0.463853 0.746206
vt 0.550938 0.731896
vt 0.536424 0.760615
vt 0.521910 0.790055
vt 0.521910 0.760615
vt 0.492881 0.977802
vt 0.478367 0.968678
vt 0.492881 0.968678
vt 0.478367 0.977802
vt 0.463853 0.977802
vt 0.521910 0.977802
vt 0.536424 0.977802
vt 0.492881 0.935083
vt 0.507396 0.968678
vt 0.507396 0.958674
vt 0.550938 0.968678
vt 0.550938 0.977802
vt 0.536424 0.717322
vt 0.521910 0.717322
vt 0.463853 0.760615
vt 0.521910 0.947765
vt 0.507396 0.947765
vt 0.492881 0.947765
vt 0.550938 0.717322
vt 0.478367 0.935083
vt 0.463853 0.935083
vt 0.550938 0.935083
vt 0.536424 0.919066
vt 0.550938 0.919066
vt 0.521910 0.731896
vt 0.507396 0.731896
vt 0.536424 0.981876
vt 0.521910 0.981876
vt 0.478367 0.664868
vt 0.536424 0.819667
vt 0.478367 0.981876
vt 0.463853 0.981876
vt 0.536424 0.664868
vt 0.550938 0.684686
vt 0.550938 0.981876
vt 0.550938 0.746206
vt 0.550938 0.848292
vt 0.550938 0.819667
vt 0.536424 0.653658
vt 0.507396 0.653658
vt 0.492881 0.653658
vt 0.478367 0.653658
vt 0.463853 0.664868
vt 0.550938 0.653658
vt 0.550938 0.664868
vt 0.634667 0.908740
vt 0.634667 0.886716
vt 0.838189 0.306661
vt 0.844709 0.294590
vt 0.844709 0.306661
vt 0.823287 0.294589
vt 0.829807 0.306661
vt 0.823287 0.306661
vt 0.839162 0.234451
vt 0.832897 0.294589
vt 0.832897 0.234451
vt 0.887678 0.234451
vt 0.881413 0.294589
vt 0.881413 0.234451
vt 0.838190 0.344524
vt 0.844709 0.332452
vt 0.844709 0.344524
vt 0.851692 0.234451
vt 0.845427 0.294589
vt 0.845427 0.234451
vt 0.823286 0.332452
vt 0.829806 0.344524
vt 0.823287 0.344524
vt 0.900208 0.234451
vt 0.893943 0.294589
vt 0.893943 0.234451
vt 0.887678 0.294589
vt 0.826632 0.294589
vt 0.826632 0.234451
vt 0.839162 0.294589
vt 0.875148 0.294589
vt 0.875148 0.234451
vt 0.863420 0.294589
vt 0.863420 0.234451
vt 0.911936 0.294589
vt 0.918456 0.234451
vt 0.918456 0.294589
vt 0.817898 0.326004
vt 0.821424 0.319557
vt 0.824418 0.326004
vt 0.832800 0.326004
vt 0.836327 0.319557
vt 0.839320 0.326004
vt 0.851692 0.294589
vt 0.824418 0.313109
vt 0.911936 0.234451
vt 0.900208 0.294589
vt 0.839320 0.313109
vt 0.832800 0.313109
vt 0.829807 0.332452
vt 0.817898 0.313109
vt 0.838190 0.332452
vt 0.814904 0.294589
vt 0.814904 0.234451
vt 0.924976 0.294589
vt 0.574372 0.245875
vt 0.585157 0.247454
vt 0.574370 0.247427
vt 0.722924 0.249016
vt 0.712782 0.250485
vt 0.712775 0.249010
vt 0.722929 0.250472
vt 0.712779 0.251951
vt 0.638407 0.244283
vt 0.649410 0.245945
vt 0.638406 0.245863
vt 0.542223 0.250413
vt 0.532091 0.248939
vt 0.542228 0.248941
vt 0.542224 0.244547
vt 0.532092 0.246010
vt 0.532102 0.244498
vt 0.702180 0.252022
vt 0.702184 0.250530
vt 0.574364 0.248949
vt 0.563164 0.250483
vt 0.563165 0.248948
vt 0.532091 0.251869
vt 0.521744 0.253477
vt 0.521732 0.251944
vt 0.521746 0.244399
vt 0.542224 0.247470
vt 0.542223 0.246045
vt 0.595486 0.247512
vt 0.585155 0.245961
vt 0.595483 0.246038
vt 0.563164 0.244364
vt 0.552470 0.245974
vt 0.552461 0.244458
vt 0.552460 0.253427
vt 0.542222 0.251838
vt 0.552469 0.251912
vt 0.626986 0.247431
vt 0.616109 0.248991
vt 0.616103 0.247476
vt 0.552474 0.248943
vt 0.563164 0.247413
vt 0.702186 0.244467
vt 0.712781 0.246069
vt 0.702180 0.245996
vt 0.616100 0.250507
vt 0.605692 0.248971
vt 0.753905 0.245957
vt 0.743181 0.247533
vt 0.743181 0.246051
vt 0.626978 0.253654
vt 0.616102 0.252012
vt 0.626988 0.252093
vt 0.626985 0.250558
vt 0.753852 0.244404
vt 0.743169 0.244538
vt 0.605685 0.246042
vt 0.552467 0.250433
vt 0.563166 0.251989
vt 0.732948 0.247569
vt 0.732951 0.246116
vt 0.595484 0.248977
vt 0.585150 0.248955
vt 0.521725 0.248938
vt 0.510804 0.250486
vt 0.510779 0.248938
vt 0.626989 0.245897
vt 0.616105 0.245972
vt 0.510924 0.244255
vt 0.521733 0.245933
vt 0.510867 0.245834
vt 0.753967 0.247492
vt 0.743187 0.249019
vt 0.563158 0.253524
vt 0.732947 0.250456
vt 0.743179 0.251986
vt 0.732950 0.251908
vt 0.563169 0.245907
vt 0.552468 0.247454
vt 0.659939 0.251983
vt 0.670160 0.253402
vt 0.659954 0.253514
vt 0.626986 0.248994
vt 0.691087 0.249006
vt 0.691081 0.250514
vt 0.605688 0.247483
vt 0.722929 0.247560
vt 0.722931 0.246149
vt 0.722930 0.251882
vt 0.616095 0.244430
vt 0.605683 0.244526
vt 0.638400 0.248997
vt 0.638405 0.247445
vt 0.691082 0.247497
vt 0.680400 0.249006
vt 0.680394 0.247519
vt 0.542222 0.253336
vt 0.532101 0.253382
vt 0.702183 0.249010
vt 0.670153 0.247542
vt 0.659940 0.246020
vt 0.670156 0.246110
vt 0.691077 0.244433
vt 0.680397 0.246040
vt 0.680390 0.244526
vt 0.691081 0.245960
vt 0.680394 0.250493
vt 0.691080 0.252051
vt 0.680396 0.251972
vt 0.691079 0.253586
vt 0.670152 0.249004
vt 0.670153 0.250465
vt 0.510804 0.247390
vt 0.521732 0.247434
vt 0.702184 0.247488
vt 0.659932 0.249002
vt 0.649411 0.250531
vt 0.649406 0.248999
vt 0.605684 0.250458
vt 0.595483 0.250442
vt 0.753965 0.250541
vt 0.743180 0.250503
vt 0.605685 0.251936
vt 0.595479 0.253388
vt 0.595482 0.251878
vt 0.753853 0.253643
vt 0.753904 0.252087
vt 0.722930 0.253365
vt 0.670162 0.244606
vt 0.659939 0.250497
vt 0.670155 0.251898
vt 0.680388 0.253487
vt 0.595489 0.244522
vt 0.626980 0.244335
vt 0.659940 0.247507
vt 0.712783 0.247534
vt 0.649421 0.244385
vt 0.659956 0.244489
vt 0.649412 0.247468
vt 0.638405 0.252132
vt 0.638404 0.250549
vt 0.732950 0.249012
vt 0.532093 0.250400
vt 0.521732 0.250442
vt 0.702188 0.253543
vt 0.510868 0.252042
vt 0.649409 0.252054
vt 0.649419 0.253614
vt 0.585163 0.244433
vt 0.585152 0.251948
vt 0.585154 0.250456
vt 0.574369 0.250472
vt 0.574376 0.244334
vt 0.732947 0.244628
vt 0.616093 0.253555
vt 0.759866 0.249033
vt 0.753991 0.249018
vt 0.759643 0.245785
vt 0.759535 0.244204
vt 0.759622 0.252238
vt 0.504811 0.248937
vt 0.504892 0.247285
vt 0.505050 0.245643
vt 0.505170 0.244021
vt 0.505046 0.252232
vt 0.510925 0.253617
vt 0.505160 0.253835
vt 0.504890 0.250589
vt 0.574370 0.252023
vt 0.574370 0.253572
vt 0.743166 0.253501
vt 0.732940 0.253404
vt 0.638405 0.253711
vt 0.722936 0.244659
vt 0.712790 0.244565
vt 0.712787 0.253453
vt 0.532094 0.247479
vt 0.585161 0.253476
vt 0.966516 0.405614
vt 0.963550 0.413063
vt 0.963550 0.405614
vt 0.957619 0.397646
vt 0.954653 0.405614
vt 0.954653 0.397646
vt 0.960584 0.397646
vt 0.957619 0.405614
vt 0.969481 0.405614
vt 0.966516 0.397646
vt 0.969481 0.397646
vt 0.972447 0.405614
vt 0.972447 0.397646
vt 0.963550 0.397646
vt 0.960584 0.405614
vt 0.972447 0.322982
vt 0.969481 0.351119
vt 0.969481 0.322982
vt 0.957619 0.172663
vt 0.954653 0.196258
vt 0.954653 0.172663
vt 0.966516 0.061041
vt 0.963550 0.073124
vt 0.963550 0.061041
vt 0.963550 0.240098
vt 0.960584 0.259710
vt 0.960584 0.240098
vt 0.972447 0.048622
vt 0.969481 0.061041
vt 0.969481 0.048622
vt 0.954653 0.278155
vt 0.957619 0.296023
vt 0.954653 0.296023
vt 0.969481 0.196258
vt 0.972447 0.218886
vt 0.969481 0.218886
vt 0.957619 0.374864
vt 0.954653 0.351119
vt 0.957619 0.351119
vt 0.969481 0.035111
vt 0.954653 0.048622
vt 0.957619 0.035111
vt 0.957619 0.048622
vt 0.963550 0.218886
vt 0.960584 0.218886
vt 0.969481 0.388733
vt 0.972447 0.374864
vt 0.972447 0.388733
vt 0.963550 0.388733
vt 0.966516 0.374864
vt 0.966516 0.388733
vt 0.963550 0.374864
vt 0.960584 0.351119
vt 0.963550 0.351119
vt 0.960584 0.388733
vt 0.960584 0.374864
vt 0.969481 0.374864
vt 0.957619 0.388733
vt 0.954653 0.374864
vt 0.969481 0.123257
vt 0.966516 0.135930
vt 0.966516 0.123257
vt 0.954653 0.322982
vt 0.969481 0.240098
vt 0.966516 0.218886
vt 0.960584 0.278155
vt 0.963550 0.296023
vt 0.960584 0.296023
vt 0.972447 0.351119
vt 0.963550 0.309397
vt 0.966516 0.296023
vt 0.966516 0.309397
vt 0.966516 0.148373
vt 0.969481 0.160603
vt 0.966516 0.160603
vt 0.966516 0.240098
vt 0.954653 0.135930
vt 0.957619 0.148373
vt 0.954653 0.148373
vt 0.969481 0.148373
vt 0.972447 0.160603
vt 0.966516 0.351119
vt 0.966516 0.322982
vt 0.960584 0.322982
vt 0.969481 0.278155
vt 0.966516 0.278155
vt 0.963550 0.110482
vt 0.966516 0.097786
vt 0.966516 0.110482
vt 0.957619 0.123257
vt 0.960584 0.135930
vt 0.957619 0.135930
vt 0.957619 0.259710
vt 0.954653 0.259710
vt 0.960584 0.148373
vt 0.957619 0.160603
vt 0.963550 0.196258
vt 0.966516 0.196258
vt 0.966516 0.259710
vt 0.969481 0.309397
vt 0.972447 0.309397
vt 0.954653 0.309397
vt 0.957619 0.322982
vt 0.960584 0.309397
vt 0.963550 0.322982
vt 0.957619 0.309397
vt 0.960584 0.123257
vt 0.963550 0.135930
vt 0.966516 0.048622
vt 0.954653 0.123257
vt 0.957619 0.240098
vt 0.954653 0.240098
vt 0.969481 0.296023
vt 0.972447 0.296023
vt 0.954653 0.388733
vt 0.957619 0.196258
vt 0.954653 0.218886
vt 0.957619 0.278155
vt 0.960584 0.061041
vt 0.957619 0.061041
vt 0.960584 0.035111
vt 0.960584 0.048622
vt 0.969481 0.259710
vt 0.963550 0.123257
vt 0.963550 0.172663
vt 0.960584 0.196258
vt 0.960584 0.172663
vt 0.963550 0.035111
vt 0.963550 0.048622
vt 0.957619 0.073124
vt 0.960584 0.085319
vt 0.957619 0.085319
vt 0.969481 0.073124
vt 0.972447 0.061041
vt 0.972447 0.073124
vt 0.966516 0.073124
vt 0.972447 0.240098
vt 0.966516 0.085319
vt 0.966516 0.172663
vt 0.960584 0.097786
vt 0.960584 0.110482
vt 0.957619 0.097786
vt 0.957619 0.110482
vt 0.963550 0.085319
vt 0.969481 0.135930
vt 0.972447 0.123257
vt 0.972447 0.135930
vt 0.969481 0.110482
vt 0.969481 0.097786
vt 0.960584 0.073124
vt 0.954653 0.085319
vt 0.954653 0.097786
vt 0.972447 0.259710
vt 0.954653 0.110482
vt 0.963550 0.097786
vt 0.957619 0.218886
vt 0.954653 0.073124
vt 0.972447 0.148373
vt 0.963550 0.148373
vt 0.963550 0.160603
vt 0.972447 0.110482
vt 0.972447 0.085319
vt 0.969481 0.085319
vt 0.972447 0.278155
vt 0.954653 0.061041
vt 0.963550 0.259710
vt 0.972447 0.097786
vt 0.960584 0.160603
vt 0.969481 0.172663
vt 0.972447 0.172663
vt 0.963550 0.278155
vt 0.966516 0.035111
vt 0.954653 0.160603
vt 0.966516 0.027635
vt 0.969481 0.027635
vt 0.972447 0.027635
vt 0.972447 0.035111
vt 0.954653 0.027635
vt 0.957619 0.027635
vt 0.960584 0.027635
vt 0.963550 0.027635
vt 0.957619 0.413063
vt 0.960584 0.413063
vt 0.966516 0.413063
vt 0.969481 0.413063
vt 0.966516 0.541649
vt 0.969481 0.523566
vt 0.969481 0.541649
vt 0.960584 0.626142
vt 0.957619 0.614439
vt 0.960584 0.614439
vt 0.966516 0.626142
vt 0.969481 0.614439
vt 0.969481 0.626142
vt 0.966516 0.749635
vt 0.963550 0.737553
vt 0.966516 0.737553
vt 0.954653 0.440558
vt 0.957619 0.421977
vt 0.957619 0.440558
vt 0.972447 0.762055
vt 0.969481 0.749635
vt 0.972447 0.749635
vt 0.960584 0.514659
vt 0.957619 0.523566
vt 0.957619 0.514659
vt 0.957619 0.602976
vt 0.954653 0.591811
vt 0.957619 0.591811
vt 0.972447 0.591811
vt 0.969481 0.602976
vt 0.969481 0.591811
vt 0.969481 0.775565
vt 0.969481 0.762055
vt 0.957619 0.775565
vt 0.954653 0.762055
vt 0.957619 0.762055
vt 0.963550 0.591811
vt 0.960584 0.570599
vt 0.963550 0.570599
vt 0.963550 0.469082
vt 0.966516 0.496799
vt 0.963550 0.496799
vt 0.963550 0.440558
vt 0.960584 0.469082
vt 0.960584 0.440558
vt 0.969481 0.570599
vt 0.972447 0.560604
vt 0.972447 0.570599
vt 0.960584 0.662320
vt 0.957619 0.650090
vt 0.960584 0.650090
vt 0.969481 0.560604
vt 0.972447 0.541649
vt 0.957619 0.496799
vt 0.960584 0.496799
vt 0.966516 0.440558
vt 0.969481 0.469082
vt 0.966516 0.469082
vt 0.957619 0.626142
vt 0.966516 0.602976
vt 0.963550 0.614439
vt 0.963550 0.602976
vt 0.972447 0.523566
vt 0.969481 0.514659
vt 0.972447 0.514659
vt 0.966516 0.514659
vt 0.963550 0.662320
vt 0.966516 0.687420
vt 0.963550 0.687420
vt 0.966516 0.662320
vt 0.969481 0.650090
vt 0.969481 0.662320
vt 0.966516 0.570599
vt 0.972447 0.650090
vt 0.960584 0.421977
vt 0.963550 0.421977
vt 0.960584 0.560604
vt 0.957619 0.541649
vt 0.960584 0.541649
vt 0.966516 0.591811
vt 0.957619 0.570599
vt 0.954653 0.560604
vt 0.957619 0.560604
vt 0.972447 0.725358
vt 0.969481 0.712891
vt 0.972447 0.712891
vt 0.963550 0.560604
vt 0.963550 0.541649
vt 0.966516 0.523566
vt 0.960584 0.602976
vt 0.969481 0.496799
vt 0.963550 0.650090
vt 0.966516 0.650090
vt 0.966516 0.421977
vt 0.969481 0.687420
vt 0.960584 0.591811
vt 0.954653 0.523566
vt 0.954653 0.541649
vt 0.957619 0.712891
vt 0.960584 0.687420
vt 0.960584 0.712891
vt 0.954653 0.469082
vt 0.966516 0.725358
vt 0.963550 0.712891
vt 0.966516 0.712891
vt 0.954653 0.421977
vt 0.954653 0.413063
vt 0.960584 0.523566
vt 0.960584 0.749635
vt 0.957619 0.749635
vt 0.960584 0.775565
vt 0.960584 0.762055
vt 0.972447 0.687420
vt 0.972447 0.626142
vt 0.972447 0.496799
vt 0.963550 0.775565
vt 0.966516 0.762055
vt 0.966516 0.775565
vt 0.957619 0.737553
vt 0.960584 0.725358
vt 0.960584 0.737553
vt 0.969481 0.737553
vt 0.972447 0.737553
vt 0.969481 0.725358
vt 0.969481 0.440558
vt 0.969481 0.421977
vt 0.963550 0.749635
vt 0.972447 0.614439
vt 0.963550 0.626142
vt 0.972447 0.421977
vt 0.972447 0.413063
vt 0.954653 0.614439
vt 0.966516 0.560604
vt 0.963550 0.725358
vt 0.954653 0.712891
vt 0.957619 0.687420
vt 0.954653 0.725358
vt 0.957619 0.725358
vt 0.954653 0.570599
vt 0.954653 0.737553
vt 0.954653 0.602976
vt 0.972447 0.469082
vt 0.972447 0.440558
vt 0.954653 0.514659
vt 0.954653 0.496799
vt 0.954653 0.749635
vt 0.963550 0.762055
vt 0.957619 0.662320
vt 0.963550 0.514659
vt 0.966516 0.614439
vt 0.954653 0.626142
vt 0.954653 0.687420
vt 0.954653 0.650090
vt 0.972447 0.602976
vt 0.966516 0.783041
vt 0.969481 0.783041
vt 0.972447 0.783041
vt 0.972447 0.775565
vt 0.954653 0.783041
vt 0.954653 0.775565
vt 0.957619 0.783041
vt 0.960584 0.783041
vt 0.972447 0.196258
vt 0.963550 0.523566
vt 0.957619 0.469082
vt 0.897608 0.878946
vt 0.884630 0.880871
vt 0.884630 0.878946
vt 0.703921 0.880871
vt 0.690943 0.878946
vt 0.703921 0.878946
vt 0.794275 0.878946
vt 0.781254 0.880871
vt 0.781254 0.878946
vt 0.871719 0.880871
vt 0.871719 0.878946
vt 0.690943 0.880871
vt 0.677922 0.878946
vt 0.768277 0.880871
vt 0.768277 0.878946
vt 0.858867 0.880871
vt 0.858867 0.878946
vt 0.755365 0.880871
vt 0.755365 0.878946
vt 0.846038 0.878946
vt 0.742513 0.880871
vt 0.742513 0.878946
vt 0.846038 0.880871
vt 0.833185 0.878946
vt 0.729684 0.880871
vt 0.729684 0.878946
vt 0.833185 0.880871
vt 0.820274 0.878946
vt 0.716832 0.878946
vt 0.820274 0.880871
vt 0.807296 0.878946
vt 0.910629 0.878946
vt 0.897608 0.880871
vt 0.716832 0.880871
vt 0.807296 0.880871
vt 0.807296 0.888567
vt 0.794275 0.891829
vt 0.794275 0.888567
vt 0.716832 0.888567
vt 0.703921 0.891829
vt 0.703921 0.888567
vt 0.910629 0.891829
vt 0.897608 0.888567
vt 0.910629 0.888567
vt 0.820274 0.888567
vt 0.807296 0.891829
vt 0.729684 0.888567
vt 0.716832 0.891829
vt 0.833185 0.888567
vt 0.820274 0.891829
vt 0.742513 0.891829
vt 0.742513 0.888567
vt 0.846038 0.888567
vt 0.833185 0.891829
vt 0.755365 0.891829
vt 0.755365 0.888567
vt 0.858867 0.888567
vt 0.846038 0.891829
vt 0.768277 0.891829
vt 0.768277 0.888567
vt 0.871719 0.891829
vt 0.871719 0.888567
vt 0.781254 0.891829
vt 0.781254 0.888567
vt 0.690943 0.888567
vt 0.677922 0.891829
vt 0.677922 0.888567
vt 0.884630 0.891829
vt 0.884630 0.888567
vt 0.690943 0.891829
vt 0.897608 0.891829
vt 0.897608 0.884063
vt 0.884630 0.882077
vt 0.897608 0.882077
vt 0.690943 0.884063
vt 0.703921 0.882077
vt 0.703921 0.884063
vt 0.794275 0.884063
vt 0.781254 0.882077
vt 0.794275 0.882077
vt 0.884630 0.884063
vt 0.871719 0.882077
vt 0.677922 0.884063
vt 0.690943 0.882077
vt 0.781254 0.884063
vt 0.768277 0.882077
vt 0.871719 0.884063
vt 0.858867 0.882077
vt 0.768277 0.884063
vt 0.755365 0.882077
vt 0.846038 0.884063
vt 0.858867 0.884063
vt 0.755365 0.884063
vt 0.742513 0.882077
vt 0.833185 0.884063
vt 0.846038 0.882077
vt 0.729684 0.884063
vt 0.742513 0.884063
vt 0.820274 0.884063
vt 0.833185 0.882077
vt 0.716832 0.884063
vt 0.729684 0.882077
vt 0.807296 0.884063
vt 0.820274 0.882077
vt 0.910629 0.884063
vt 0.910629 0.882077
vt 0.716832 0.882077
vt 0.807296 0.882077
vt 0.807296 0.887429
vt 0.716832 0.887429
vt 0.897608 0.887429
vt 0.910629 0.887429
vt 0.820274 0.887429
vt 0.729684 0.887429
vt 0.833185 0.887429
vt 0.742513 0.887429
vt 0.846038 0.887429
vt 0.755365 0.887429
vt 0.858867 0.887429
vt 0.768277 0.887429
vt 0.871719 0.887429
vt 0.781254 0.887429
vt 0.690943 0.887429
vt 0.884630 0.887429
vt 0.794275 0.887429
vt 0.703921 0.887429
vt 0.794275 0.880871
vt 0.677922 0.882077
vt 0.677922 0.880871
vt 0.677922 0.887429
vt 0.666879 0.018330
vt 0.619612 0.041060
vt 0.619612 0.018330
vt 0.572503 0.041060
vt 0.572503 0.018330
vt 0.525636 0.041060
vt 0.525636 0.018330
vt 0.478982 0.041060
vt 0.478982 0.018330
vt 0.432412 0.018330
vt 0.432412 0.041060
vt 0.385758 0.018330
vt 0.385758 0.041060
vt 0.338891 0.018330
vt 0.338891 0.041060
vt 0.291782 0.018330
vt 0.291782 0.041060
vt 0.244515 0.018330
vt 0.197249 0.041060
vt 0.197249 0.018330
vt 0.150140 0.041060
vt 0.150140 0.018330
vt 0.103273 0.041060
vt 0.103273 0.018330
vt 0.056619 0.041060
vt 0.056619 0.018330
vt 0.010049 0.018330
vt 0.854775 0.041060
vt 0.808121 0.018330
vt 0.854775 0.018330
vt 0.808121 0.041060
vt 0.761254 0.018330
vt 0.103273 0.061119
vt 0.761254 0.041060
vt 0.714145 0.018330
vt 0.714145 0.041060
vt 0.150140 0.061119
vt 0.103273 0.077104
vt 0.761254 0.061119
vt 0.714145 0.061119
vt 0.478982 0.061119
vt 0.432412 0.061119
vt 0.244515 0.041060
vt 0.197249 0.061119
vt 0.854775 0.061119
vt 0.808121 0.061119
vt 0.525636 0.061119
vt 0.338891 0.061119
vt 0.291782 0.061119
vt 0.666879 0.041060
vt 0.619612 0.061119
vt 0.056619 0.061119
vt 0.666879 0.061119
vt 0.385758 0.061119
vt 0.244515 0.061119
vt 0.010049 0.061119
vt 0.010049 0.041060
vt 0.572503 0.061119
vt 0.056619 0.111926
vt 0.056619 0.077104
vt 0.478982 0.077104
vt 0.432412 0.077104
vt 0.385758 0.077104
vt 0.010049 0.077104
vt 0.338891 0.077104
vt 0.854775 0.077104
vt 0.808121 0.077104
vt 0.291782 0.077104
vt 0.619612 0.077104
vt 0.761254 0.077104
vt 0.244515 0.077104
vt 0.572503 0.077104
vt 0.714145 0.077104
vt 0.197249 0.077104
vt 0.525636 0.077104
vt 0.666879 0.077104
vt 0.150140 0.077104
vt 0.010049 0.136413
vt 0.010049 0.111926
vt 0.432412 0.111926
vt 0.385758 0.111926
vt 0.338891 0.111926
vt 0.854775 0.111926
vt 0.808121 0.111926
vt 0.291782 0.111926
vt 0.619612 0.111926
vt 0.761254 0.111926
vt 0.244515 0.111926
vt 0.572503 0.111926
vt 0.714145 0.111926
vt 0.197249 0.111926
vt 0.525636 0.111926
vt 0.666879 0.111926
vt 0.150140 0.111926
vt 0.478982 0.111926
vt 0.103273 0.111926
vt 0.808121 0.136413
vt 0.854775 0.163637
vt 0.808121 0.163637
vt 0.385758 0.136413
vt 0.338891 0.136413
vt 0.854775 0.136413
vt 0.291782 0.136413
vt 0.619612 0.136413
vt 0.761254 0.136413
vt 0.244515 0.136413
vt 0.572503 0.136413
vt 0.714145 0.136413
vt 0.197249 0.136413
vt 0.525636 0.136413
vt 0.666879 0.136413
vt 0.150140 0.136413
vt 0.478982 0.136413
vt 0.103273 0.136413
vt 0.432412 0.136413
vt 0.056619 0.136413
vt 0.385758 0.163637
vt 0.432412 0.210113
vt 0.385758 0.210113
vt 0.338891 0.163637
vt 0.291782 0.163637
vt 0.619612 0.163637
vt 0.761254 0.163637
vt 0.244515 0.163637
vt 0.572503 0.163637
vt 0.714145 0.163637
vt 0.197249 0.163637
vt 0.525636 0.163637
vt 0.666879 0.163637
vt 0.150140 0.163637
vt 0.478982 0.163637
vt 0.103273 0.163637
vt 0.432412 0.163637
vt 0.056619 0.163637
vt 0.010049 0.163637
vt 0.166431 0.225306
vt 0.146976 0.246639
vt 0.146976 0.225306
vt 0.056619 0.210113
vt 0.010049 0.210113
vt 0.338891 0.210113
vt 0.854775 0.210113
vt 0.808121 0.210113
vt 0.291782 0.210113
vt 0.619612 0.210113
vt 0.761254 0.210113
vt 0.244515 0.210113
vt 0.572503 0.210113
vt 0.714145 0.210113
vt 0.197249 0.210113
vt 0.525636 0.210113
vt 0.666879 0.210113
vt 0.150140 0.210113
vt 0.478982 0.210113
vt 0.103273 0.210113
vt 0.127420 0.246639
vt 0.146976 0.267220
vt 0.127420 0.267220
vt 0.361126 0.225306
vt 0.341760 0.246639
vt 0.341760 0.225306
vt 0.127420 0.225306
vt 0.263507 0.225306
vt 0.283128 0.246639
vt 0.263507 0.246639
vt 0.322304 0.246639
vt 0.322304 0.225306
vt 0.107799 0.246639
vt 0.107799 0.225306
vt 0.243951 0.225306
vt 0.243951 0.246639
vt 0.302749 0.246639
vt 0.302749 0.225306
vt 0.088178 0.225306
vt 0.088178 0.246639
vt 0.224496 0.225306
vt 0.224496 0.246639
vt 0.283128 0.225306
vt 0.068623 0.225306
vt 0.068623 0.246639
vt 0.205129 0.225306
vt 0.205129 0.246639
vt 0.049167 0.225306
vt 0.049167 0.246639
vt 0.185798 0.246639
vt 0.185798 0.225306
vt 0.029801 0.225306
vt 0.029801 0.246639
vt 0.166431 0.246639
vt 0.010469 0.225306
vt 0.010469 0.246639
vt 0.265167 0.291073
vt 0.221978 0.354453
vt 0.221978 0.291073
vt 0.263507 0.267220
vt 0.341760 0.267220
vt 0.322304 0.267220
vt 0.107799 0.267220
vt 0.243951 0.267220
vt 0.302749 0.267220
vt 0.088178 0.267220
vt 0.224496 0.267220
vt 0.283128 0.267220
vt 0.068623 0.267220
vt 0.205129 0.267220
vt 0.049167 0.267220
vt 0.185798 0.267220
vt 0.029801 0.267220
vt 0.166431 0.267220
vt 0.010469 0.267220
vt 0.361126 0.267220
vt 0.178789 0.374748
vt 0.221978 0.409675
vt 0.178789 0.409675
vt 0.521674 0.291073
vt 0.564720 0.354453
vt 0.521674 0.354453
vt 0.694144 0.291073
vt 0.651098 0.354453
vt 0.651098 0.291073
vt 0.178789 0.291073
vt 0.178789 0.354453
vt 0.478849 0.291073
vt 0.478849 0.354453
vt 0.607909 0.354453
vt 0.607909 0.291073
vt 0.135744 0.291073
vt 0.135744 0.354453
vt 0.436220 0.291073
vt 0.436220 0.354453
vt 0.092919 0.291073
vt 0.092919 0.354453
vt 0.393667 0.354453
vt 0.393667 0.291073
vt 0.050290 0.291073
vt 0.050290 0.354453
vt 0.351038 0.354453
vt 0.351038 0.291073
vt 0.007737 0.354453
vt 0.007737 0.291073
vt 0.308213 0.354453
vt 0.308213 0.291073
vt 0.779599 0.291073
vt 0.736969 0.354453
vt 0.736969 0.291073
vt 0.265167 0.354453
vt 0.564720 0.291073
vt 0.694144 0.354453
vt 0.135744 0.453559
vt 0.178789 0.493856
vt 0.135744 0.493856
vt 0.478849 0.374748
vt 0.521674 0.409675
vt 0.478849 0.409675
vt 0.651098 0.374748
vt 0.607909 0.409675
vt 0.607909 0.374748
vt 0.135744 0.374748
vt 0.135744 0.409675
vt 0.436220 0.374748
vt 0.436220 0.409675
vt 0.092919 0.374748
vt 0.092919 0.409675
vt 0.393667 0.409675
vt 0.393667 0.374748
vt 0.050290 0.374748
vt 0.050290 0.409675
vt 0.351038 0.409675
vt 0.351038 0.374748
vt 0.007737 0.409675
vt 0.007737 0.374748
vt 0.308213 0.409675
vt 0.308213 0.374748
vt 0.779599 0.374748
vt 0.736969 0.409675
vt 0.736969 0.374748
vt 0.265167 0.409675
vt 0.265167 0.374748
vt 0.564720 0.374748
vt 0.564720 0.409675
vt 0.694144 0.409675
vt 0.694144 0.374748
vt 0.221978 0.374748
vt 0.521674 0.374748
vt 0.651098 0.409675
vt 0.092919 0.565396
vt 0.092919 0.493856
vt 0.436220 0.453559
vt 0.478849 0.493856
vt 0.436220 0.493856
vt 0.092919 0.453559
vt 0.393667 0.493856
vt 0.393667 0.453559
vt 0.050290 0.453559
vt 0.050290 0.493856
vt 0.351038 0.493856
vt 0.351038 0.453559
vt 0.007737 0.493856
vt 0.007737 0.453559
vt 0.308213 0.493856
vt 0.308213 0.453559
vt 0.779599 0.453559
vt 0.736969 0.493856
vt 0.736969 0.453559
vt 0.265167 0.493856
vt 0.265167 0.453559
vt 0.564720 0.453559
vt 0.607909 0.493856
vt 0.564720 0.493856
vt 0.694144 0.493856
vt 0.694144 0.453559
vt 0.221978 0.493856
vt 0.221978 0.453559
vt 0.521674 0.453559
vt 0.521674 0.493856
vt 0.651098 0.493856
vt 0.651098 0.453559
vt 0.178789 0.453559
vt 0.478849 0.453559
vt 0.607909 0.453559
vt 0.092919 0.630386
vt 0.050290 0.631736
vt 0.050290 0.630386
vt 0.393667 0.565396
vt 0.050290 0.565396
vt 0.351038 0.565396
vt 0.007737 0.565396
vt 0.308213 0.565396
vt 0.779599 0.565396
vt 0.736969 0.565396
vt 0.265167 0.565396
vt 0.607909 0.565396
vt 0.564720 0.565396
vt 0.694144 0.565396
vt 0.221978 0.565396
vt 0.521674 0.565396
vt 0.651098 0.565396
vt 0.178789 0.565396
vt 0.478849 0.565396
vt 0.135744 0.565396
vt 0.436220 0.565396
vt 0.007984 0.639711
vt 0.028842 0.643202
vt 0.007984 0.643202
vt 0.351038 0.630386
vt 0.393667 0.631736
vt 0.351038 0.631736
vt 0.007737 0.630386
vt 0.007737 0.631736
vt 0.308213 0.630386
vt 0.308213 0.631736
vt 0.736969 0.630386
vt 0.779599 0.631736
vt 0.736969 0.631736
vt 0.265167 0.630386
vt 0.265167 0.631736
vt 0.607909 0.630386
vt 0.564720 0.631736
vt 0.564720 0.630386
vt 0.694144 0.630386
vt 0.694144 0.631736
vt 0.221978 0.630386
vt 0.221978 0.631736
vt 0.521674 0.631736
vt 0.521674 0.630386
vt 0.651098 0.630386
vt 0.651098 0.631736
vt 0.178789 0.631736
vt 0.178789 0.630386
vt 0.478849 0.631736
vt 0.478849 0.630386
vt 0.607909 0.631736
vt 0.135744 0.631736
vt 0.135744 0.630386
vt 0.436220 0.631736
vt 0.436220 0.630386
vt 0.092919 0.631736
vt 0.393667 0.630386
vt 0.365433 0.644473
vt 0.386329 0.648983
vt 0.365433 0.648983
vt 0.176261 0.639711
vt 0.155269 0.643202
vt 0.155269 0.639711
vt 0.386329 0.639711
vt 0.365433 0.643202
vt 0.365433 0.639711
vt 0.134170 0.643202
vt 0.134170 0.639711
vt 0.281002 0.639711
vt 0.302172 0.643202
vt 0.281002 0.643202
vt 0.344442 0.643202
vt 0.344442 0.639711
vt 0.113000 0.643202
vt 0.113000 0.639711
vt 0.259902 0.639711
vt 0.259902 0.643202
vt 0.323342 0.643202
vt 0.323342 0.639711
vt 0.091829 0.639711
vt 0.091829 0.643202
vt 0.238910 0.639711
vt 0.238910 0.643202
vt 0.302172 0.639711
vt 0.070730 0.639711
vt 0.070730 0.643202
vt 0.218015 0.639711
vt 0.218015 0.643202
vt 0.049738 0.639711
vt 0.049738 0.643202
vt 0.197157 0.643202
vt 0.197157 0.639711
vt 0.028842 0.639711
vt 0.176261 0.643202
vt 0.302172 0.648983
vt 0.281002 0.669133
vt 0.281002 0.648983
vt 0.134170 0.644473
vt 0.155269 0.648983
vt 0.134170 0.648983
vt 0.302172 0.644473
vt 0.281002 0.644473
vt 0.344442 0.644473
vt 0.344442 0.648983
vt 0.113000 0.644473
vt 0.113000 0.648983
vt 0.259902 0.648983
vt 0.259902 0.644473
vt 0.323342 0.644473
vt 0.323342 0.648983
vt 0.091829 0.648983
vt 0.091829 0.644473
vt 0.238910 0.648983
vt 0.238910 0.644473
vt 0.070730 0.648983
vt 0.070730 0.644473
vt 0.218015 0.648983
vt 0.218015 0.644473
vt 0.049738 0.648983
vt 0.049738 0.644473
vt 0.197157 0.648983
vt 0.197157 0.644473
vt 0.028842 0.648983
vt 0.028842 0.644473
vt 0.176261 0.644473
vt 0.176261 0.648983
vt 0.007984 0.648983
vt 0.007984 0.644473
vt 0.155269 0.644473
vt 0.259902 0.688200
vt 0.259902 0.669133
vt 0.365433 0.669133
vt 0.344442 0.669133
vt 0.134170 0.669133
vt 0.113000 0.669133
vt 0.323342 0.669133
vt 0.091829 0.669133
vt 0.238910 0.669133
vt 0.302172 0.669133
vt 0.070730 0.669133
vt 0.218015 0.669133
vt 0.049738 0.669133
vt 0.197157 0.669133
vt 0.028842 0.669133
vt 0.176261 0.669133
vt 0.007984 0.669133
vt 0.155269 0.669133
vt 0.386329 0.669133
vt 0.238910 0.688200
vt 0.259902 0.706663
vt 0.238910 0.706663
vt 0.344442 0.688200
vt 0.323342 0.688200
vt 0.091829 0.688200
vt 0.302172 0.688200
vt 0.070730 0.688200
vt 0.218015 0.688200
vt 0.049738 0.688200
vt 0.197157 0.688200
vt 0.028842 0.688200
vt 0.176261 0.688200
vt 0.007984 0.688200
vt 0.155269 0.688200
vt 0.386329 0.688200
vt 0.365433 0.688200
vt 0.134170 0.688200
vt 0.281002 0.688200
vt 0.113000 0.688200
vt 0.218015 0.719259
vt 0.238910 0.724657
vt 0.218015 0.724657
vt 0.323342 0.706663
vt 0.302172 0.706663
vt 0.070730 0.706663
vt 0.218015 0.706663
vt 0.049738 0.706663
vt 0.197157 0.706663
vt 0.028842 0.706663
vt 0.176261 0.706663
vt 0.007984 0.706663
vt 0.155269 0.706663
vt 0.386329 0.706663
vt 0.365433 0.706663
vt 0.134170 0.706663
vt 0.281002 0.706663
vt 0.344442 0.706663
vt 0.113000 0.706663
vt 0.091829 0.706663
vt 0.197157 0.727762
vt 0.218015 0.741867
vt 0.197157 0.741867
vt 0.049738 0.719259
vt 0.070730 0.724657
vt 0.049738 0.724657
vt 0.197157 0.724657
vt 0.197157 0.719259
vt 0.028842 0.719259
vt 0.028842 0.724657
vt 0.176261 0.724657
vt 0.176261 0.719259
vt 0.007984 0.719259
vt 0.007984 0.724657
vt 0.155269 0.724657
vt 0.155269 0.719259
vt 0.386329 0.719259
vt 0.365433 0.724657
vt 0.365433 0.719259
vt 0.134170 0.724657
vt 0.134170 0.719259
vt 0.281002 0.719259
vt 0.302172 0.724657
vt 0.281002 0.724657
vt 0.344442 0.724657
vt 0.344442 0.719259
vt 0.113000 0.724657
vt 0.113000 0.719259
vt 0.259902 0.719259
vt 0.259902 0.724657
vt 0.323342 0.724657
vt 0.323342 0.719259
vt 0.091829 0.719259
vt 0.091829 0.724657
vt 0.238910 0.719259
vt 0.302172 0.719259
vt 0.070730 0.719259
vt 0.176261 0.765605
vt 0.176261 0.741867
vt 0.049738 0.727762
vt 0.028842 0.741867
vt 0.028842 0.727762
vt 0.176261 0.727762
vt 0.007984 0.741867
vt 0.007984 0.727762
vt 0.155269 0.727762
vt 0.155269 0.741867
vt 0.365433 0.727762
vt 0.386329 0.741867
vt 0.365433 0.741867
vt 0.134170 0.727762
vt 0.134170 0.741867
vt 0.302172 0.727762
vt 0.281002 0.741867
vt 0.281002 0.727762
vt 0.344442 0.727762
vt 0.344442 0.741867
vt 0.113000 0.727762
vt 0.113000 0.741867
vt 0.259902 0.741867
vt 0.259902 0.727762
vt 0.323342 0.727762
vt 0.323342 0.741867
vt 0.091829 0.741867
vt 0.091829 0.727762
vt 0.238910 0.741867
vt 0.238910 0.727762
vt 0.302172 0.741867
vt 0.070730 0.741867
vt 0.070730 0.727762
vt 0.218015 0.727762
vt 0.049738 0.741867
vt 0.155269 0.765605
vt 0.176261 0.775801
vt 0.155269 0.775801
vt 0.007984 0.765605
vt 0.386329 0.765605
vt 0.365433 0.765605
vt 0.134170 0.765605
vt 0.302172 0.765605
vt 0.281002 0.765605
vt 0.344442 0.765605
vt 0.113000 0.765605
vt 0.259902 0.765605
vt 0.323342 0.765605
vt 0.091829 0.765605
vt 0.238910 0.765605
vt 0.070730 0.765605
vt 0.218015 0.765605
vt 0.049738 0.765605
vt 0.197157 0.765605
vt 0.028842 0.765605
vt 0.155269 0.797589
vt 0.134170 0.799099
vt 0.134170 0.797589
vt 0.386329 0.775801
vt 0.365433 0.775801
vt 0.134170 0.775801
vt 0.281002 0.775801
vt 0.344442 0.775801
vt 0.113000 0.775801
vt 0.259902 0.775801
vt 0.323342 0.775801
vt 0.091829 0.775801
vt 0.238910 0.775801
vt 0.302172 0.775801
vt 0.070730 0.775801
vt 0.218015 0.775801
vt 0.049738 0.775801
vt 0.197157 0.775801
vt 0.028842 0.775801
vt 0.007984 0.775801
vt 0.113000 0.800366
vt 0.134170 0.806697
vt 0.113000 0.806697
vt 0.281002 0.797589
vt 0.302172 0.799099
vt 0.281002 0.799099
vt 0.344442 0.797589
vt 0.365433 0.799099
vt 0.344442 0.799099
vt 0.113000 0.799099
vt 0.113000 0.797589
vt 0.259902 0.797589
vt 0.259902 0.799099
vt 0.323342 0.797589
vt 0.323342 0.799099
vt 0.091829 0.799099
vt 0.091829 0.797589
vt 0.238910 0.797589
vt 0.238910 0.799099
vt 0.302172 0.797589
vt 0.070730 0.799099
vt 0.070730 0.797589
vt 0.218015 0.797589
vt 0.218015 0.799099
vt 0.049738 0.799099
vt 0.049738 0.797589
vt 0.197157 0.799099
vt 0.197157 0.797589
vt 0.028842 0.799099
vt 0.028842 0.797589
vt 0.176261 0.799099
vt 0.176261 0.797589
vt 0.007984 0.799099
vt 0.007984 0.797589
vt 0.155269 0.799099
vt 0.386329 0.797589
vt 0.365433 0.797589
vt 0.096851 0.823172
vt 0.078856 0.830746
vt 0.078856 0.823172
vt 0.281002 0.800366
vt 0.259902 0.806697
vt 0.259902 0.800366
vt 0.323342 0.800366
vt 0.344442 0.806697
vt 0.323342 0.806697
vt 0.091829 0.806697
vt 0.091829 0.800366
vt 0.238910 0.806697
vt 0.238910 0.800366
vt 0.302172 0.800366
vt 0.302172 0.806697
vt 0.070730 0.806697
vt 0.070730 0.800366
vt 0.218015 0.806697
vt 0.218015 0.800366
vt 0.049738 0.806697
vt 0.049738 0.800366
vt 0.197157 0.800366
vt 0.197157 0.806697
vt 0.028842 0.806697
vt 0.028842 0.800366
vt 0.176261 0.800366
vt 0.176261 0.806697
vt 0.007984 0.806697
vt 0.007984 0.800366
vt 0.155269 0.800366
vt 0.155269 0.806697
vt 0.365433 0.800366
vt 0.386329 0.806697
vt 0.365433 0.806697
vt 0.134170 0.800366
vt 0.281002 0.806697
vt 0.344442 0.800366
vt 0.060921 0.830746
vt 0.078856 0.841756
vt 0.060921 0.841756
vt 0.221719 0.823172
vt 0.203876 0.830746
vt 0.203876 0.823172
vt 0.257649 0.823172
vt 0.275644 0.830746
vt 0.257649 0.830746
vt 0.060921 0.823172
vt 0.186114 0.830746
vt 0.186114 0.823172
vt 0.043078 0.830746
vt 0.043078 0.823172
vt 0.168385 0.830746
vt 0.168385 0.823172
vt 0.025316 0.830746
vt 0.025316 0.823172
vt 0.150623 0.823172
vt 0.150623 0.830746
vt 0.007587 0.830746
vt 0.007587 0.823172
vt 0.132780 0.823172
vt 0.132780 0.830746
vt 0.311421 0.823172
vt 0.329183 0.830746
vt 0.311421 0.830746
vt 0.114845 0.823172
vt 0.114845 0.830746
vt 0.239654 0.830746
vt 0.239654 0.823172
vt 0.293579 0.823172
vt 0.293579 0.830746
vt 0.096851 0.830746
vt 0.221719 0.830746
vt 0.275644 0.823172
vt 0.060921 0.869279
vt 0.043078 0.872517
vt 0.043078 0.869279
vt 0.203876 0.841756
vt 0.186114 0.841756
vt 0.043078 0.841756
vt 0.168385 0.841756
vt 0.025316 0.841756
vt 0.150623 0.841756
vt 0.007587 0.841756
vt 0.132780 0.841756
vt 0.311421 0.841756
vt 0.114845 0.841756
vt 0.257649 0.841756
vt 0.239654 0.841756
vt 0.293579 0.841756
vt 0.096851 0.841756
vt 0.221719 0.841756
vt 0.275644 0.841756
vt 0.025316 0.872517
vt 0.043078 0.894009
vt 0.025316 0.894009
vt 0.186114 0.869279
vt 0.168385 0.872517
vt 0.168385 0.869279
vt 0.025316 0.869279
vt 0.150623 0.872517
vt 0.150623 0.869279
vt 0.007587 0.872517
vt 0.007587 0.869279
vt 0.132780 0.872517
vt 0.132780 0.869279
vt 0.329183 0.869279
vt 0.311421 0.872517
vt 0.311421 0.869279
vt 0.114845 0.872517
vt 0.114845 0.869279
vt 0.239654 0.869279
vt 0.257649 0.872517
vt 0.239654 0.872517
vt 0.293579 0.869279
vt 0.293579 0.872517
vt 0.096851 0.872517
vt 0.096851 0.869279
vt 0.221719 0.869279
vt 0.221719 0.872517
vt 0.275644 0.869279
vt 0.275644 0.872517
vt 0.078856 0.872517
vt 0.078856 0.869279
vt 0.203876 0.869279
vt 0.203876 0.872517
vt 0.257649 0.869279
vt 0.060921 0.872517
vt 0.186114 0.872517
vt 0.007587 0.913541
vt 0.007587 0.894009
vt 0.150623 0.894009
vt 0.132780 0.894009
vt 0.329183 0.872517
vt 0.311421 0.894009
vt 0.114845 0.894009
vt 0.257649 0.894009
vt 0.239654 0.894009
vt 0.293579 0.894009
vt 0.096851 0.894009
vt 0.221719 0.894009
vt 0.275644 0.894009
vt 0.078856 0.894009
vt 0.203876 0.894009
vt 0.060921 0.894009
vt 0.186114 0.894009
vt 0.168385 0.894009
vt 0.311421 0.913541
vt 0.329183 0.970250
vt 0.311421 0.970250
vt 0.150623 0.913541
vt 0.132780 0.913541
vt 0.329183 0.913541
vt 0.114845 0.913541
vt 0.239654 0.913541
vt 0.293579 0.913541
vt 0.096851 0.913541
vt 0.221719 0.913541
vt 0.275644 0.913541
vt 0.078856 0.913541
vt 0.203876 0.913541
vt 0.257649 0.913541
vt 0.060921 0.913541
vt 0.186114 0.913541
vt 0.043078 0.913541
vt 0.168385 0.913541
vt 0.025316 0.913541
vt 0.859965 0.482283
vt 0.815201 0.456019
vt 0.844430 0.438897
vt 0.132780 0.970250
vt 0.114845 0.970250
vt 0.239654 0.970250
vt 0.293579 0.970250
vt 0.096851 0.970250
vt 0.221719 0.970250
vt 0.275644 0.970250
vt 0.078856 0.970250
vt 0.203876 0.970250
vt 0.257649 0.970250
vt 0.060921 0.970250
vt 0.186114 0.970250
vt 0.043078 0.970250
vt 0.168385 0.970250
vt 0.025316 0.970250
vt 0.150623 0.970250
vt 0.007587 0.970250
vt 0.050290 0.359156
vt 0.308213 0.369783
vt 0.092919 0.359156
vt 0.564720 0.369783
vt 0.607909 0.369783
vt 0.135744 0.359156
vt 0.178789 0.369783
vt 0.221978 0.369783
vt 0.736969 0.369783
vt 0.178789 0.359156
vt 0.478849 0.369783
vt 0.521674 0.369783
vt 0.265167 0.369783
vt 0.265167 0.359156
vt 0.221978 0.359156
vt 0.651098 0.369783
vt 0.308213 0.359156
vt 0.135744 0.369783
vt 0.351038 0.359156
vt 0.694144 0.369783
vt 0.436220 0.369783
vt 0.694144 0.359156
vt 0.651098 0.359156
vt 0.521674 0.359156
vt 0.736969 0.359156
vt 0.564720 0.359156
vt 0.779599 0.359156
vt 0.007737 0.359156
vt 0.050290 0.369783
vt 0.007737 0.369783
vt 0.393667 0.359156
vt 0.351038 0.369783
vt 0.092919 0.369783
vt 0.393667 0.369783
vt 0.436220 0.359156
vt 0.607909 0.359156
vt 0.478849 0.359156
vt 0.779599 0.369783
vt 0.779599 0.409675
vt 0.779599 0.630386
vt 0.386329 0.644473
vt 0.386329 0.727762
vt 0.386329 0.800366
vt 0.862826 0.388737
vt 0.818624 0.425262
vt 0.812085 0.388737
vt 0.275644 0.813622
vt 0.239654 0.813622
vt 0.221719 0.813622
vt 0.096851 0.813622
vt 0.293579 0.813622
vt 0.257649 0.813622
vt 0.114845 0.813622
vt 0.311421 0.813622
vt 0.329183 0.823172
vt 0.132780 0.813622
vt 0.007587 0.813622
vt 0.150623 0.813622
vt 0.043078 0.813622
vt 0.025316 0.813622
vt 0.168385 0.813622
vt 0.060921 0.813622
vt 0.203876 0.813622
vt 0.186114 0.813622
vt 0.078856 0.813622
vt 0.912134 0.316732
vt 0.920336 0.319717
vt 0.927023 0.325328
vt 0.931388 0.332888
vt 0.931388 0.350080
vt 0.927023 0.357640
vt 0.920336 0.363250
vt 0.912134 0.366236
vt 0.903405 0.366236
vt 0.895202 0.363250
vt 0.888515 0.357640
vt 0.882635 0.341484
vt 0.884151 0.332888
vt 0.888515 0.325328
vt 0.903405 0.316732
vt 0.882143 0.695173
vt 0.919408 0.415325
vt 0.911674 0.417974
vt 0.903501 0.417817
vt 0.895874 0.414875
vt 0.885762 0.402345
vt 0.884497 0.394268
vt 0.886070 0.386246
vt 0.890292 0.379246
vt 0.896654 0.374113
vt 0.904388 0.371464
vt 0.912561 0.371621
vt 0.926349 0.379937
vt 0.930300 0.387093
vt 0.931565 0.395169
vt 0.925769 0.410191
vt 0.653529 0.852174
vt 0.732746 0.827202
vt 0.892677 0.827202
vt 0.960082 0.835958
vt 0.634667 0.746206
vt 0.634667 0.934252
vt 0.634667 0.980835
vt 0.559085 0.665234
vt 0.478367 0.819667
vt 0.521910 0.653658
vt 0.463853 0.653658
vt 0.838190 0.294589
vt 0.829807 0.294589
vt 0.814904 0.319557
vt 0.829807 0.319557
vt 0.924976 0.234451
vt 0.605673 0.253459
vt 0.759793 0.247405
vt 0.759514 0.253835
vt 0.759780 0.250660
vt 0.954653 0.035111
vt 0.972447 0.662320
vt 0.954653 0.662320
vt 0.963550 0.783041
vt 0.910629 0.880871
vt 0.729684 0.891829
vt 0.858867 0.891829
vt 0.361126 0.246639
vt 0.779599 0.354453
vt 0.779599 0.493856
vt 0.386329 0.643202
vt 0.386329 0.724657
vt 0.386329 0.799099
vt 0.329183 0.841756
vt 0.329183 0.894009
vt 0.859977 0.448018
vt 0.864532 0.456036
vt 0.866112 0.465153
vt 0.864526 0.474268
vt 0.852980 0.488231
vt 0.844412 0.491394
vt 0.835296 0.491391
vt 0.826731 0.488222
vt 0.819750 0.482269
vt 0.815194 0.474251
vt 0.813615 0.465135
vt 0.819761 0.448004
vt 0.826747 0.442057
vt 0.835314 0.438894
vt 0.852995 0.442066
vt 0.827436 0.376052
vt 0.837455 0.374311
vt 0.847475 0.376052
vt 0.856286 0.381061
vt 0.866305 0.398152
vt 0.866305 0.408172
vt 0.862826 0.417587
vt 0.856286 0.425262
vt 0.847475 0.430272
vt 0.837455 0.432012
vt 0.827436 0.430272
vt 0.812085 0.417587
vt 0.808605 0.408172
vt 0.808605 0.398152
vt 0.818624 0.381061
vt 0.329183 0.813622
s 1
f 2/1/1 3/2/2 1/3/3
f 4/4/4 5/5/5 3/2/2
f 6/6/6 7/7/7 5/5/5
f 8/8/8 9/9/9 7/7/7
f 9/9/9 12/10/10 11/11/11
f 11/11/11 14/12/12 13/13/13
f 14/12/12 15/14/14 13/13/13
f 15/14/14 18/15/15 17/16/16
f 17/16/16 20/17/17 19/18/18
f 19/18/18 22/19/19 21/20/20
f 21/20/20 24/21/21 23/22/22
f 23/22/22 26/23/23 25/24/24
f 25/24/24 28/25/25 27/26/26
f 28/25/25 29/27/27 27/26/26
f 30/28/28 31/29/29 29/27/27
f 32/30/30 51/31/31 52/32/32
f 32/30/30 33/33/33 31/29/29
f 34/34/34 35/35/35 33/33/33
f 7/36/7 23/37/22 31/38/29
f 43/39/36 60/40/37 61/41/38
f 6/6/6 40/42/39 8/8/8
f 16/43/40 45/44/41 18/15/15
f 2/1/1 37/45/42 4/4/4
f 28/25/25 49/46/43 50/47/44
f 2/48/1 54/49/45 38/50/46
f 12/10/10 43/39/36 14/12/12
f 24/21/21 47/51/47 48/52/48
f 34/34/34 52/32/32 53/53/49
f 8/8/8 41/54/50 10/55/51
f 18/15/15 46/56/52 20/17/17
f 30/28/28 50/47/44 51/31/31
f 4/4/4 39/57/53 6/6/6
f 14/12/12 44/58/54 16/43/40
f 26/23/23 48/52/48 49/46/43
f 36/59/55 53/53/49 54/49/45
f 10/55/51 42/60/56 12/10/10
f 22/19/19 46/56/52 47/51/47
f 50/47/44 69/61/57 51/31/31
f 44/58/54 61/41/38 62/62/58
f 51/31/31 70/63/59 52/32/32
f 45/44/41 62/62/58 63/64/60
f 37/45/42 56/65/61 55/66/62
f 52/32/32 71/67/63 53/53/49
f 46/56/52 63/64/60 64/68/64
f 39/57/53 55/66/62 57/69/65
f 53/53/49 72/70/66 54/49/45
f 46/56/52 65/71/67 47/51/47
f 40/42/39 57/69/65 58/72/68
f 54/49/45 56/73/61 38/50/46
f 47/51/47 66/74/69 48/52/48
f 41/54/50 58/72/68 59/75/70
f 48/52/48 67/76/71 49/46/43
f 42/60/56 59/75/70 60/40/37
f 49/46/43 68/77/72 50/47/44
f 71/78/63 63/79/60 59/80/70
f 36/59/55 1/81/3 35/35/35
f 123/82/73 108/83/74 126/84/75
f 125/85/76 104/86/77 107/87/78
f 121/88/79 106/89/80 124/90/81
f 120/91/82 105/92/83 123/82/73
f 122/93/84 93/94/85 104/86/77
f 119/95/86 103/96/87 121/88/79
f 118/97/88 102/98/89 120/91/82
f 117/99/90 101/100/91 119/95/86
f 116/101/92 100/102/93 118/97/88
f 115/103/94 99/104/95 117/99/90
f 116/101/92 96/105/96 98/106/97
f 113/107/98 97/108/99 115/103/94
f 114/109/100 94/110/101 96/105/96
f 113/111/98 92/112/102 95/113/103
f 112/114/104 91/115/105 94/110/101
f 126/84/75 93/94/85 111/116/106
f 110/117/107 107/87/78 92/112/102
f 109/118/108 106/89/80 91/115/105
f 82/119/109 109/120/108 83/121/110
f 76/122/111 125/123/76 110/124/107
f 74/125/112 126/126/75 111/127/106
f 84/128/113 109/120/108 112/129/104
f 76/122/111 113/130/98 77/131/114
f 84/128/113 114/132/100 85/133/115
f 77/134/114 115/135/94 78/136/116
f 85/133/115 116/137/92 86/138/117
f 79/139/118 115/135/94 117/140/90
f 86/138/117 118/141/88 87/142/119
f 80/143/120 117/140/90 119/144/86
f 88/145/121 118/141/88 120/146/82
f 81/147/122 119/144/86 121/148/79
f 74/125/112 122/149/84 73/150/123
f 89/151/124 120/146/82 123/152/73
f 82/119/109 121/148/79 124/153/81
f 73/150/123 125/123/76 75/154/125
f 90/155/126 123/152/73 126/126/75
f 164/156/127 166/157/128 159/158/129
f 163/159/130 158/160/131 162/161/132
f 160/162/133 168/163/134 157/164/135
f 159/158/129 169/165/136 156/166/137
f 167/167/138 147/168/139 158/160/131
f 157/164/135 171/169/140 155/170/141
f 156/166/137 172/171/142 154/172/143
f 155/170/141 173/173/144 153/174/145
f 154/172/143 174/175/146 152/176/147
f 153/174/145 175/177/148 151/178/149
f 174/175/146 150/179/150 152/176/147
f 175/177/148 149/180/151 151/178/149
f 176/181/152 148/182/153 150/179/150
f 177/183/154 146/184/155 149/185/151
f 178/186/156 145/187/157 148/182/153
f 147/168/139 165/188/158 164/156/127
f 146/184/155 163/159/130 162/161/132
f 180/189/159 160/162/133 145/187/157
f 137/190/160 160/162/133 136/191/161
f 130/192/162 162/161/132 129/193/163
f 147/168/139 144/194/164 128/195/165
f 138/196/166 145/187/157 137/190/160
f 131/197/167 146/184/155 130/192/162
f 139/198/168 148/182/153 138/196/166
f 151/178/149 131/199/167 132/200/169
f 140/201/170 150/179/150 139/198/168
f 153/174/145 132/200/169 133/202/171
f 141/203/172 152/176/147 140/201/170
f 155/170/141 133/202/171 134/204/173
f 156/166/137 141/203/172 142/205/174
f 157/164/135 134/204/173 135/206/175
f 127/207/176 147/168/139 128/195/165
f 159/158/129 142/205/174 143/208/177
f 160/162/133 135/206/175 136/191/161
f 129/193/163 158/160/131 127/207/176
f 164/156/127 143/208/177 144/194/164
f 102/98/89 166/157/128 105/92/83
f 161/209/178 91/115/105 106/89/80
f 141/203/172 86/138/117 87/142/119
f 170/210/179 104/86/77 93/94/85
f 73/150/123 128/195/165 74/125/112
f 142/205/174 87/142/119 88/145/121
f 101/100/91 168/163/134 103/96/87
f 75/154/125 127/207/176 73/150/123
f 143/208/177 88/145/121 89/151/124
f 100/102/93 169/165/136 102/98/89
f 76/122/111 129/193/163 75/154/125
f 144/194/164 89/151/124 90/155/126
f 99/104/95 171/169/140 101/100/91
f 77/131/114 130/192/162 76/122/111
f 128/195/165 90/155/126 74/125/112
f 174/175/146 100/102/93 98/106/97
f 132/200/169 77/134/114 78/136/116
f 97/108/99 173/173/144 99/104/95
f 133/202/171 78/136/116 79/139/118
f 176/181/152 98/106/97 96/105/96
f 134/204/173 79/139/118 80/143/120
f 177/211/154 97/108/99 95/212/103
f 135/206/175 80/143/120 81/147/122
f 178/186/156 96/105/96 94/110/101
f 136/191/161 81/147/122 82/119/109
f 179/213/180 95/113/103 92/112/102
f 83/121/110 136/191/161 82/119/109
f 105/92/83 165/188/158 108/83/74
f 180/189/159 94/110/101 91/115/105
f 84/128/113 137/190/160 83/121/110
f 167/167/138 107/87/78 104/86/77
f 108/83/74 170/210/179 93/94/85
f 85/133/115 138/196/166 84/128/113
f 103/96/87 161/209/178 106/89/80
f 163/159/130 92/112/102 107/87/78
f 86/138/117 139/198/168 85/133/115
f 216/214/181 231/215/182 234/216/183
f 233/217/184 212/218/185 230/219/186
f 232/220/187 211/221/188 229/222/189
f 213/223/190 228/224/191 231/215/182
f 212/218/185 219/225/192 230/219/186
f 211/221/188 227/226/193 229/222/189
f 210/227/194 226/228/195 228/224/191
f 209/229/196 225/230/197 227/226/193
f 208/231/198 224/232/199 226/233/195
f 207/234/200 223/235/201 225/230/197
f 224/232/199 204/236/202 222/237/203
f 205/238/204 221/239/205 223/235/201
f 222/237/203 202/240/206 220/241/207
f 221/239/205 200/242/208 218/243/209
f 220/241/207 199/244/210 217/245/211
f 219/225/192 216/214/181 234/216/183
f 218/243/209 215/246/212 233/217/184
f 199/244/210 232/220/187 217/245/211
f 217/247/211 190/248/213 191/249/214
f 218/250/209 183/251/215 184/252/216
f 182/253/217 234/254/183 198/255/218
f 220/256/207 191/249/214 192/257/219
f 221/258/205 184/252/216 185/259/220
f 222/260/203 192/257/219 193/261/221
f 186/262/222 221/258/205 185/259/220
f 224/263/199 193/261/221 194/264/223
f 187/265/224 223/266/201 186/262/222
f 226/267/195 194/264/223 195/268/225
f 188/269/226 225/270/197 187/265/224
f 196/271/227 226/272/195 195/273/225
f 189/274/228 227/275/193 188/269/226
f 230/276/186 182/253/217 181/277/229
f 197/278/230 228/279/191 196/271/227
f 190/248/213 229/280/189 189/274/228
f 233/281/184 181/277/229 183/251/215
f 198/255/218 231/282/182 197/278/230
f 272/283/231 274/284/232 273/285/233
f 266/286/234 271/287/235 270/288/236
f 265/289/237 269/290/238 268/291/239
f 267/292/240 277/293/241 274/284/232
f 266/286/234 278/294/242 275/295/243
f 265/289/237 279/296/244 276/297/245
f 264/298/246 280/299/247 277/293/241
f 263/300/248 281/301/249 279/296/244
f 260/302/250 280/303/247 262/304/251
f 261/305/252 283/306/253 281/301/249
f 258/307/254 282/308/255 260/302/250
f 259/309/256 285/310/257 283/306/253
f 256/311/258 284/312/259 258/307/254
f 254/313/260 285/310/257 257/314/261
f 253/315/262 286/316/263 256/311/258
f 272/283/231 278/294/242 255/317/264
f 270/288/236 287/318/265 254/313/260
f 268/291/239 288/319/266 253/315/262
f 244/320/267 253/315/262 245/321/268
f 238/322/269 270/288/236 254/313/260
f 236/323/270 272/283/231 255/317/264
f 246/324/271 253/315/262 256/311/258
f 239/325/272 254/313/260 257/314/261
f 247/326/273 256/311/258 258/307/254
f 239/325/272 259/309/256 240/327/274
f 248/328/275 258/307/254 260/302/250
f 240/327/274 261/305/252 241/329/276
f 249/330/277 260/302/250 262/304/251
f 241/329/276 263/300/248 242/331/278
f 249/332/277 264/298/246 250/333/279
f 242/331/278 265/289/237 243/334/280
f 236/323/270 266/286/234 235/335/281
f 250/333/279 267/292/240 251/336/282
f 244/320/267 265/289/237 268/291/239
f 237/337/283 266/286/234 270/288/236
f 251/336/282 272/283/231 252/338/284
f 210/227/194 274/284/232 277/293/241
f 214/339/285 288/319/266 269/290/238
f 195/268/225 248/328/275 249/330/277
f 201/340/286 275/295/243 278/294/242
f 182/253/217 235/335/281 181/277/229
f 195/273/225 250/333/279 196/271/227
f 209/229/196 276/297/245 279/296/244
f 183/251/215 235/335/281 237/337/283
f 196/271/227 251/336/282 197/278/230
f 208/341/198 277/293/241 280/299/247
f 184/252/216 237/337/283 238/322/269
f 197/278/230 252/338/284 198/255/218
f 207/234/200 279/296/244 281/301/249
f 185/259/220 238/322/269 239/325/272
f 182/253/217 252/338/284 236/323/270
f 208/231/198 282/308/255 206/342/287
f 185/259/220 240/327/274 186/262/222
f 205/238/204 281/301/249 283/306/253
f 186/262/222 241/329/276 187/265/224
f 206/342/287 284/312/259 204/236/202
f 187/265/224 242/331/278 188/269/226
f 203/343/288 283/306/253 285/310/257
f 188/269/226 243/334/280 189/274/228
f 204/236/202 286/316/263 202/240/206
f 190/248/213 243/334/280 244/320/267
f 203/343/288 287/318/265 200/242/208
f 190/248/213 245/321/268 191/249/214
f 213/223/190 273/285/233 274/284/232
f 202/240/206 288/319/266 199/244/210
f 192/257/219 245/321/268 246/324/271
f 215/246/212 275/295/243 212/218/185
f 201/340/286 273/285/233 216/214/181
f 193/261/221 246/324/271 247/326/273
f 214/339/285 276/297/245 211/221/188
f 200/242/208 271/287/235 215/246/212
f 194/264/223 247/326/273 248/328/275
f 398/344/289 393/345/290 392/346/291
f 399/347/292 394/348/293 393/345/290
f 349/349/294 348/350/295 354/351/296
f 339/352/297 334/353/298 333/354/299
f 396/355/300 397/356/301 391/357/302
f 331/358/303 330/359/304 336/360/305
f 362/361/306 369/362/307 363/363/308
f 342/364/309 335/365/310 341/366/311
f 375/367/312 368/368/313 374/369/314
f 365/370/315 360/371/316 359/372/317
f 376/373/318 383/374/319 377/375/320
f 326/376/321 319/377/322 325/378/323
f 310/379/324 305/380/325 304/381/326
f 343/382/327 350/383/328 344/384/329
f 343/382/327 342/364/309 348/350/295
f 357/385/330 350/383/328 356/386/331
f 427/387/332 438/388/333 432/389/334
f 338/390/335 331/358/303 337/391/336
f 363/363/308 370/392/337 364/393/338
f 301/394/339 312/395/340 307/396/341
f 369/362/307 376/373/318 370/392/337
f 316/397/342 309/398/343 315/399/344
f 310/379/324 317/400/345 311/401/346
f 387/402/347 382/403/348 381/404/349
f 389/405/350 382/403/348 388/406/351
f 333/354/299 328/407/352 327/408/353
f 359/409/317 352/410/354 358/411/355
f 347/412/356 354/351/296 348/350/295
f 334/353/298 329/413/357 328/407/352
f 393/345/290 388/406/351 387/402/347
f 395/414/358 388/406/351 394/348/293
f 391/357/302 386/415/359 385/416/360
f 347/417/356 340/418/361 346/419/362
f 296/420/363 291/421/364 290/422/365
f 392/346/291 387/402/347 386/415/359
f 378/423/366 367/424/367 372/425/368
f 338/390/335 333/354/299 332/426/369
f 396/355/300 389/427/350 395/428/358
f 317/429/345 312/395/340 311/430/346
f 345/431/370 350/383/328 351/432/371
f 386/415/359 379/433/372 385/416/360
f 386/415/359 381/404/349 380/434/373
f 351/432/371 346/419/362 345/431/370
f 332/426/369 327/408/353 326/376/321
f 311/430/346 306/435/374 305/436/325
f 377/375/320 370/392/337 376/373/318
f 377/437/320 372/425/368 371/438/375
f 356/386/331 363/363/308 357/385/330
f 297/439/376 304/381/326 298/440/377
f 298/440/377 305/380/325 299/441/378
f 295/442/379 306/435/374 301/394/339
f 358/411/355 351/432/371 357/385/330
f 303/443/380 296/420/363 302/444/381
f 323/445/382 330/359/304 324/446/383
f 307/396/341 302/444/381 301/394/339
f 331/358/303 326/376/321 325/378/323
f 305/436/325 300/447/384 299/448/378
f 385/416/360 384/449/385 390/450/386
f 329/413/357 322/451/387 328/407/352
f 327/408/353 322/451/387 321/452/388
f 397/356/301 392/346/291 391/357/302
f 336/360/305 329/453/357 335/365/310
f 319/377/322 318/454/389 324/446/383
f 344/384/329 337/391/336 343/382/327
f 313/455/390 320/456/391 314/457/392
f 365/458/315 358/411/355 364/393/338
f 316/397/342 321/452/388 322/451/387
f 390/450/386 383/459/319 389/427/350
f 322/451/387 317/400/345 316/397/342
f 360/371/316 349/349/294 354/351/296
f 325/378/323 324/446/383 330/359/304
f 320/456/391 315/399/344 314/457/392
f 355/460/393 350/383/328 349/349/294
f 307/396/341 314/457/392 308/461/394
f 380/434/373 373/462/395 379/433/372
f 309/398/343 302/444/381 308/461/394
f 383/459/319 378/423/366 377/437/320
f 326/376/321 321/452/388 320/456/391
f 384/449/385 373/462/395 378/423/366
f 345/431/370 340/418/361 339/352/297
f 375/367/312 382/403/348 376/373/318
f 294/463/396 295/442/379 289/464/397
f 394/348/293 401/465/398 395/414/358
f 324/446/383 317/429/345 323/445/382
f 366/466/399 355/460/393 360/371/316
f 310/379/324 303/443/380 309/398/343
f 359/372/317 354/351/296 353/467/400
f 299/441/378 292/468/401 298/440/377
f 295/442/379 290/422/365 289/464/397
f 355/460/393 362/361/306 356/386/331
f 395/428/358 402/469/402 396/355/300
f 315/399/344 308/461/394 314/457/392
f 293/470/403 300/447/384 294/463/396
f 353/471/400 346/419/362 352/410/354
f 297/439/376 292/468/401 291/421/364
f 344/384/329 339/352/297 338/390/335
f 372/425/368 361/472/404 366/466/399
f 367/424/367 362/361/306 361/472/404
f 357/385/330 364/393/338 358/411/355
f 371/438/375 366/466/399 365/370/315
f 370/392/337 365/458/315 364/393/338
f 373/462/395 368/368/313 367/424/367
f 348/350/295 341/366/311 347/412/356
f 381/404/349 374/369/314 380/434/373
f 390/450/386 391/357/302 385/416/360
f 397/356/301 408/473/405 403/474/406
f 397/356/301 404/475/407 398/344/289
f 398/344/289 405/476/408 399/347/292
f 399/347/292 406/477/409 400/478/410
f 401/465/398 406/477/409 407/479/411
f 402/469/402 407/480/411 408/473/405
f 456/481/412 457/482/413 462/483/414
f 518/484/415 513/485/416 519/486/417
f 514/487/418 519/486/417 513/485/416
f 453/488/419 458/489/420 452/490/421
f 455/491/422 462/483/414 461/492/423
f 517/493/424 516/494/425 511/495/426
f 461/496/423 454/497/427 455/498/422
f 464/499/428 459/500/429 465/501/430
f 446/502/431 439/503/432 440/504/433
f 489/505/434 482/506/435 483/507/436
f 477/508/437 470/509/438 471/510/439
f 460/511/440 467/512/441 466/513/442
f 463/514/443 458/489/420 464/499/428
f 495/515/444 488/516/445 489/505/434
f 480/517/446 485/518/447 479/519/448
f 497/520/449 502/521/450 496/522/451
f 451/523/452 446/502/431 452/490/421
f 430/524/453 425/525/454 431/526/455
f 465/501/430 470/509/438 464/499/428
f 483/507/436 476/527/456 477/508/437
f 459/500/429 454/497/427 460/511/440
f 490/528/457 483/507/436 484/529/458
f 421/530/459 432/389/334 426/531/460
f 496/522/451 489/505/434 490/528/457
f 436/532/461 429/533/462 430/524/453
f 437/534/463 430/524/453 431/526/455
f 507/535/464 502/521/450 508/536/465
f 509/537/466 502/521/450 503/538/467
f 453/488/419 448/539/468 454/497/427
f 478/540/469 473/541/470 479/542/448
f 469/543/471 468/544/472 463/514/443
f 449/545/473 454/497/427 448/539/468
f 513/485/416 508/536/465 514/487/418
f 514/487/418 509/537/466 515/546/474
f 512/547/475 505/548/476 506/549/477
f 411/550/478 416/551/479 410/552/480
f 512/547/475 507/535/464 513/485/416
f 487/553/481 498/554/482 492/555/483
f 452/490/421 447/556/484 453/488/419
f 516/494/425 509/557/466 510/558/485
f 432/389/334 437/559/463 431/560/455
f 445/561/486 444/562/487 439/503/432
f 505/548/476 500/563/488 506/549/477
f 501/564/489 506/549/477 500/563/488
f 466/513/442 471/510/439 465/501/430
f 431/560/455 426/531/460 432/389/334
f 496/522/451 491/565/490 497/520/449
f 497/566/449 492/555/483 498/554/482
f 486/567/491 475/568/492 481/569/493
f 473/541/470 466/513/442 467/512/441
f 417/570/494 424/571/495 423/572/496
f 464/499/428 469/543/471 463/514/443
f 425/525/454 418/573/497 419/574/498
f 415/575/499 426/531/460 420/576/500
f 441/577/501 446/502/431 440/504/433
f 416/551/479 423/572/496 422/578/502
f 428/579/503 421/530/459 422/578/502
f 420/576/500 425/580/454 419/581/498
f 505/548/476 504/582/504 499/583/505
f 518/484/415 511/495/426 512/547/475
f 477/508/437 484/529/458 483/507/436
f 485/584/447 478/540/469 479/542/448
f 482/506/435 475/568/492 476/527/456
f 439/503/432 438/388/333 433/585/506
f 452/490/421 457/482/413 451/523/452
f 440/504/433 433/585/506 434/586/507
f 468/544/472 461/492/423 462/483/414
f 436/532/461 441/577/501 435/587/508
f 510/558/485 503/588/467 504/582/504
f 442/589/509 437/534/463 443/590/510
f 443/590/510 448/539/468 442/589/509
f 443/591/510 450/592/511 449/593/473
f 435/587/508 440/504/433 434/586/507
f 470/509/438 475/568/492 469/543/471
f 428/579/503 433/585/506 427/387/332
f 500/563/488 493/594/512 494/595/513
f 429/533/462 422/578/502 423/572/496
f 503/588/467 498/554/482 504/582/504
f 504/582/504 493/594/512 499/583/505
f 502/521/450 495/515/444 496/522/451
f 415/575/499 414/596/514 409/597/515
f 515/546/474 520/598/516 514/487/418
f 444/562/487 437/559/463 438/388/333
f 469/543/471 480/517/446 474/599/517
f 471/510/439 478/540/469 477/508/437
f 430/524/453 423/572/496 424/571/495
f 460/511/440 465/501/430 459/500/429
f 419/574/498 412/600/518 413/601/519
f 456/481/412 449/593/473 450/592/511
f 415/575/499 410/552/480 416/551/479
f 462/483/414 463/514/443 468/544/472
f 522/602/520 515/603/474 516/494/425
f 435/587/508 428/579/503 429/533/462
f 420/576/500 413/604/519 414/596/514
f 417/570/494 412/600/518 418/573/497
f 479/519/448 474/599/517 480/517/446
f 492/555/483 481/569/493 487/553/481
f 451/523/452 450/592/511 445/561/486
f 488/516/445 481/569/493 482/506/435
f 486/567/491 491/605/490 485/518/447
f 491/565/490 484/529/458 485/584/447
f 494/595/513 487/553/481 488/516/445
f 467/606/441 474/599/517 473/607/470
f 501/564/489 494/595/513 495/515/444
f 511/495/426 510/558/485 505/548/476
f 517/493/424 528/608/521 522/602/520
f 524/609/522 517/493/424 518/484/415
f 525/610/523 518/484/415 519/486/417
f 526/611/524 519/486/417 520/598/516
f 521/612/525 526/611/524 520/598/516
f 522/602/520 527/613/526 521/614/525
f 336/360/305 337/391/336 331/358/303
f 421/530/459 416/551/479 422/578/502
f 301/394/339 296/420/363 295/442/379
f 318/454/389 307/396/341 312/395/340
f 447/556/484 442/589/509 448/539/468
f 335/615/310 340/418/361 341/616/311
f 545/617/527 535/618/528 547/619/529
f 530/620/530 544/621/531 542/622/532
f 538/623/533 550/624/534 551/625/535
f 537/626/536 554/627/537 555/628/538
f 532/629/539 541/630/540 531/631/541
f 543/632/542 556/633/543 553/634/544
f 548/635/545 533/636/546 534/637/547
f 547/638/529 552/639/548 549/640/549
f 549/640/549 539/641/550 537/626/536
f 551/625/535 548/642/545 545/643/527
f 553/634/544 540/644/551 538/623/533
f 555/628/538 544/645/531 541/646/540
f 541/646/540 529/647/552 531/648/541
f 536/649/553 533/650/546 535/651/528
f 550/652/534 539/653/550 552/654/548
f 553/655/544 537/656/536 555/657/538
f 532/648/539 542/658/532 543/632/542
f 554/659/537 542/622/532 544/621/531
f 535/660/528 546/661/554 547/638/529
f 549/662/549 545/617/527 547/619/529
f 537/656/536 551/663/535 549/662/549
f 548/635/545 552/654/548 546/664/554
f 539/653/550 556/665/543 554/659/537
f 543/666/542 555/657/538 541/630/540
f 545/643/527 534/667/547 536/668/553
f 532/650/539 529/669/552 530/651/530
f 558/670/555 563/671/556 557/672/557
f 646/673/558 639/674/559 640/675/560
f 645/676/561 638/677/562 639/674/559
f 595/678/563 600/679/564 594/680/565
f 693/681/566 688/682/567 694/683/568
f 691/684/569 684/685/570 685/686/571
f 639/674/559 632/687/572 633/688/573
f 562/689/574 705/690/575 706/691/576
f 686/692/577 679/693/578 680/694/579
f 684/685/570 679/695/578 685/686/571
f 689/696/580 684/685/570 690/697/581
f 569/698/582 564/699/583 570/700/584
f 703/701/585 696/702/586 697/703/587
f 697/703/587 690/697/581 691/684/569
f 697/704/587 692/705/588 698/706/589
f 587/707/590 586/708/591 581/709/592
f 705/690/575 700/710/593 706/691/576
f 701/711/594 562/689/574 706/691/576
f 631/712/574 636/713/595 630/714/596
f 585/715/597 580/716/598 586/708/591
f 660/717/599 653/718/600 654/719/601
f 589/720/602 584/721/603 590/722/604
f 590/722/604 585/715/597 591/723/605
f 661/724/606 654/719/601 655/725/591
f 576/726/607 569/698/582 570/700/584
f 699/727/608 704/728/609 698/706/589
f 654/719/601 647/729/610 648/730/611
f 563/671/556 574/731/612 568/732/613
f 682/733/614 675/734/615 676/735/616
f 588/736/617 581/709/592 582/737/618
f 673/738/619 678/739/620 672/740/621
f 659/741/622 658/742/623 653/718/600
f 698/706/589 703/743/585 697/704/587
f 651/744/624 656/745/625 650/746/626
f 702/747/627 695/748/628 696/702/586
f 608/749/629 613/750/568 607/751/567
f 568/732/613 557/672/557 563/671/556
f 591/723/605 586/708/591 592/752/630
f 628/753/585 633/688/573 627/754/631
f 575/755/632 574/731/612 569/698/582
f 648/730/611 641/756/633 642/757/634
f 645/676/561 650/746/626 644/758/635
f 583/759/623 576/726/607 577/760/636
f 598/761/637 587/707/590 593/762/638
f 623/763/639 622/764/640 617/765/641
f 686/692/577 691/766/569 685/767/571
f 640/675/560 633/688/573 634/768/642
f 594/680/565 587/707/590 588/736/617
f 611/769/643 606/770/644 612/771/645
f 625/772/646 618/773/647 619/774/648
f 624/775/649 617/765/641 618/773/647
f 621/776/650 626/777/651 620/778/652
f 625/779/646 620/778/652 626/777/651
f 616/780/569 621/776/650 615/781/653
f 682/733/614 671/782/654 677/783/655
f 630/714/596 625/772/646 631/712/574
f 629/784/656 624/775/649 630/714/596
f 633/688/573 626/777/651 627/754/631
f 629/784/656 640/675/560 634/768/642
f 618/773/647 611/769/643 612/771/645
f 610/785/571 603/786/657 604/787/578
f 574/731/612 579/788/658 573/789/659
f 658/742/623 663/790/660 657/791/661
f 578/792/662 571/793/558 572/794/663
f 661/795/606 656/745/625 662/796/664
f 581/709/592 580/716/598 575/755/632
f 650/746/626 643/797/612 644/758/635
f 619/774/648 612/771/645 613/798/568
f 610/785/571 615/781/653 609/799/665
f 620/778/652 615/781/653 621/776/650
f 614/800/666 619/801/648 613/750/568
f 571/802/558 576/726/607 570/700/584
f 594/680/565 589/803/602 595/678/563
f 627/754/631 622/764/640 628/753/585
f 617/765/641 616/780/569 611/769/643
f 616/780/569 605/804/667 611/769/643
f 662/796/664 657/791/661 663/790/660
f 630/714/596 635/805/668 629/784/656
f 701/711/594 700/710/593 695/748/628
f 606/770/644 601/806/614 607/807/567
f 600/679/564 605/804/667 599/808/669
f 596/809/670 591/723/605 597/810/671
f 598/761/637 591/723/605 592/752/630
f 652/811/636 645/676/561 646/673/558
f 687/812/672 680/694/579 681/813/673
f 603/786/657 596/809/670 597/810/671
f 610/785/571 599/808/669 605/804/667
f 629/784/656 628/753/585 623/763/639
f 604/787/578 597/810/671 598/761/637
f 638/677/562 631/814/574 632/687/572
f 681/813/673 674/815/674 675/734/615
f 609/799/665 602/816/675 603/786/657
f 596/809/670 589/720/602 590/722/604
f 613/798/568 606/770/644 607/807/567
f 608/749/629 601/817/614 602/816/675
f 631/814/574 626/777/651 632/687/572
f 589/803/602 582/737/618 583/759/623
f 565/818/676 570/700/584 564/699/583
f 693/681/566 698/706/589 692/705/588
f 573/789/659 566/819/677 567/820/678
f 568/732/613 561/821/679 562/689/574
f 559/822/642 564/699/583 558/670/555
f 655/725/591 648/730/611 649/823/598
f 653/718/600 652/811/636 647/729/610
f 582/737/618 575/755/632 576/726/607
f 573/789/659 578/792/662 572/794/663
f 583/824/623 578/792/662 584/721/603
f 604/787/578 593/762/638 599/808/669
f 659/741/622 670/825/680 664/826/681
f 666/827/682 659/741/622 660/717/599
f 667/828/683 660/717/599 661/724/606
f 668/829/684 661/795/606 662/796/664
f 663/790/660 668/829/684 662/796/664
f 670/825/680 663/790/660 664/826/681
f 671/782/654 670/830/680 665/831/685
f 666/832/682 671/782/654 665/831/685
f 673/738/619 666/832/682 667/833/683
f 668/834/684 673/835/619 667/836/683
f 675/734/615 668/834/684 669/837/686
f 670/830/680 675/734/615 669/837/686
f 615/781/653 608/749/629 609/799/665
f 567/820/678 560/838/687 561/821/679
f 704/728/609 559/839/642 703/743/585
f 703/701/585 558/670/555 702/747/627
f 574/731/612 567/820/678 568/732/613
f 650/746/626 655/840/591 649/841/598
f 699/727/608 694/683/568 700/710/593
f 705/690/575 560/838/687 704/728/609
f 693/681/566 686/692/577 687/812/672
f 558/670/555 701/711/594 702/747/627
f 602/816/675 595/842/563 596/809/670
f 649/823/598 642/757/634 643/843/612
f 688/682/567 681/813/673 682/733/614
f 641/756/633 636/713/595 642/757/634
f 642/757/634 637/844/688 643/843/612
f 644/758/635 637/845/688 638/677/562
f 689/696/580 688/682/567 683/846/689
f 688/682/567 677/783/655 683/846/689
f 678/739/620 683/846/689 677/783/655
f 635/805/668 646/673/558 640/675/560
f 680/694/579 673/835/619 674/815/674
f 566/819/677 559/839/642 560/838/687
f 672/740/621 677/783/655 671/782/654
f 584/721/603 579/788/658 585/715/597
f 695/748/628 694/683/568 689/696/580
f 641/756/633 652/811/636 646/673/558
f 657/791/661 652/811/636 658/742/623
f 572/794/663 565/847/676 566/819/677
f 696/702/586 689/696/580 690/697/581
f 594/680/565 599/808/669 593/762/638
f 857/848/690 868/849/691 862/850/692
f 710/851/693 859/852/694 709/853/695
f 711/854/696 860/855/697 710/851/693
f 858/856/698 707/857/699 708/858/700
f 859/859/694 708/858/700 709/860/695
f 712/861/701 861/862/702 711/854/696
f 733/863/703 726/864/704 732/865/705
f 782/866/706 775/867/707 781/868/708
f 833/869/709 832/870/710 838/871/711
f 766/872/712 759/873/713 765/874/714
f 841/875/715 834/876/716 840/877/717
f 751/878/718 746/879/719 745/880/720
f 774/881/721 769/882/722 768/883/723
f 722/884/724 727/885/725 728/886/726
f 846/887/727 841/875/715 840/877/717
f 841/888/715 848/889/728 842/890/729
f 772/891/730 765/874/714 771/892/731
f 714/893/732 721/894/733 715/895/734
f 718/896/735 719/897/736 713/898/737
f 724/899/738 729/900/739 730/901/740
f 717/902/741 722/884/724 723/903/742
f 713/898/737 720/904/743 714/893/732
f 716/905/744 721/906/733 722/884/724
f 804/907/745 797/908/746 803/909/747
f 733/910/703 728/886/726 727/885/725
f 762/911/748 767/912/749 768/883/723
f 753/913/750 748/914/751 747/915/752
f 728/886/726 723/903/742 722/884/724
f 720/904/743 727/916/725 721/894/733
f 719/897/736 726/864/704 720/904/743
f 742/917/753 743/918/754 737/919/755
f 791/920/756 786/921/757 785/922/758
f 772/891/730 761/923/759 766/872/712
f 799/924/760 794/925/761 793/926/762
f 792/927/763 787/928/764 786/921/757
f 732/865/705 725/929/765 731/930/766
f 735/931/767 730/901/740 729/900/739
f 730/901/740 731/930/766 725/929/765
f 750/932/768 743/918/754 749/933/769
f 814/934/770 815/935/771 809/936/772
f 748/914/751 749/933/769 743/918/754
f 806/937/773 801/938/774 800/939/775
f 758/940/776 751/878/718 757/941/777
f 795/942/778 788/943/779 794/925/761
f 771/892/731 778/944/780 772/891/730
f 767/912/749 778/944/780 773/945/781
f 755/946/782 750/932/768 749/933/769
f 731/930/766 738/947/783 732/865/705
f 739/948/784 732/865/705 738/947/783
f 739/949/784 734/950/785 733/910/703
f 741/951/786 736/952/787 735/931/767
f 735/931/767 740/953/788 741/951/786
f 781/868/708 788/943/779 782/866/706
f 807/954/789 802/955/790 801/938/774
f 838/871/711 839/956/791 833/869/709
f 805/957/792 800/939/775 799/924/760
f 764/958/793 757/941/777 763/959/794
f 744/960/795 737/919/755 743/918/754
f 738/947/783 745/961/720 739/948/784
f 747/915/752 742/917/753 741/951/786
f 740/953/788 745/880/720 746/879/719
f 746/879/719 741/951/786 740/953/788
f 715/962/734 710/851/693 709/853/695
f 776/963/796 769/964/722 775/867/707
f 759/873/713 752/965/797 758/940/776
f 773/945/781 768/883/723 767/912/749
f 842/890/729 837/966/798 836/967/799
f 842/890/729 849/968/800 843/969/801
f 756/970/802 761/923/759 762/911/748
f 803/909/747 802/955/790 808/971/803
f 784/972/804 777/973/805 783/974/806
f 850/975/807 839/956/791 844/976/808
f 830/977/809 825/978/810 824/979/811
f 833/869/709 840/877/717 834/876/716
f 828/980/812 835/981/813 829/982/814
f 827/983/815 834/876/716 828/980/812
f 763/984/794 768/883/723 769/882/722
f 828/980/812 821/985/816 827/983/815
f 843/969/801 838/871/711 837/966/798
f 773/945/781 784/972/804 779/986/817
f 819/987/818 814/934/770 813/988/819
f 708/858/700 715/895/734 709/860/695
f 714/893/732 707/857/699 713/898/737
f 779/986/817 774/881/721 773/945/781
f 818/989/820 813/988/819 812/990/821
f 827/983/815 826/991/822 832/870/710
f 776/963/796 783/974/806 777/973/805
f 798/992/823 805/993/792 799/994/760
f 803/909/747 810/995/824 804/907/745
f 816/996/825 809/936/772 815/935/771
f 831/997/826 826/991/822 825/978/810
f 823/998/827 818/989/820 817/999/828
f 824/979/811 819/987/818 818/989/820
f 762/911/748 757/1000/777 756/970/802
f 811/1001/829 806/937/773 805/957/792
f 820/1002/830 821/985/816 815/935/771
f 770/1003/831 763/959/794 769/964/722
f 829/1004/814 824/979/811 823/998/827
f 792/927/763 799/994/760 793/1005/762
f 796/1006/832 785/922/758 790/1007/833
f 811/1008/829 804/907/745 810/995/824
f 755/946/782 766/872/712 761/923/759
f 717/902/741 712/861/701 711/854/696
f 758/940/776 765/874/714 759/873/713
f 823/1009/827 816/996/825 822/1010/834
f 790/1007/833 779/986/817 784/972/804
f 756/970/802 751/1011/718 750/932/768
f 835/1012/813 830/977/809 829/1004/814
f 825/978/810 820/1002/830 819/987/818
f 808/971/803 809/936/772 803/909/747
f 752/965/797 747/915/752 746/879/719
f 800/939/775 795/942/778 794/925/761
f 843/969/801 850/975/807 844/976/808
f 813/988/819 808/971/803 807/954/789
f 812/990/821 807/954/789 806/937/773
f 801/938/774 796/1006/832 795/942/778
f 760/1013/835 753/913/750 759/873/713
f 810/995/824 817/1014/828 811/1008/829
f 782/866/706 789/1015/836 783/974/806
f 796/1006/832 797/908/746 791/920/756
f 841/888/715 836/967/799 835/1012/813
f 713/898/737 712/861/701 718/896/735
f 815/935/771 822/1010/834 816/996/825
f 836/967/799 831/997/826 830/977/809
f 837/966/798 832/870/710 831/997/826
f 785/922/758 780/1016/837 779/986/817
f 786/921/757 781/1017/708 780/1016/837
f 760/1013/835 749/933/769 754/1018/838
f 798/992/823 791/920/756 797/908/746
f 845/1019/839 840/877/717 839/956/791
f 789/1015/836 796/1006/832 790/1007/833
f 787/1020/764 794/925/761 788/943/779
f 716/905/744 711/854/696 710/851/693
f 817/999/828 812/990/821 811/1001/829
f 829/982/814 822/1010/834 828/980/812
f 783/974/806 790/1007/833 784/972/804
f 850/975/807 851/1021/840 845/1019/839
f 845/1019/839 852/1022/841 846/887/727
f 846/887/727 853/1023/842 847/1024/843
f 848/889/728 853/1025/842 854/1026/844
f 849/968/800 854/1026/844 855/1027/845
f 850/975/807 855/1027/845 856/1028/846
f 866/1029/847 859/852/694 860/855/697
f 867/1030/848 860/855/697 861/862/702
f 863/1031/849 858/856/698 864/1032/850
f 859/859/694 864/1032/850 858/856/698
f 868/849/691 861/862/702 862/850/692
f 857/848/690 712/861/701 707/857/699
f 905/1033/851 900/1034/852 906/1035/853
f 945/1036/854 938/1037/855 939/1038/856
f 941/1039/857 936/1040/858 942/1041/859
f 983/1042/860 982/1043/861 977/1044/862
f 877/1045/863 872/1046/864 878/1047/865
f 991/1048/866 984/1049/867 985/1050/868
f 897/1051/869 902/1052/870 896/1053/871
f 932/1054/872 925/1055/873 926/1056/874
f 925/1057/873 930/1058/875 924/1059/876
f 991/1048/866 996/1060/877 990/1061/878
f 998/1062/879 991/1063/866 992/1064/880
f 928/1065/881 921/1066/882 922/1067/883
f 886/1068/884 887/1069/885 892/1070/886
f 880/1071/887 885/1072/888 879/1073/889
f 918/1074/890 913/1075/891 919/1076/892
f 957/1077/893 950/1078/894 951/1079/895
f 912/1080/896 907/1081/897 913/1075/891
f 890/1082/898 885/1072/888 891/1083/899
f 875/1084/900 882/1085/901 881/1086/902
f 951/1079/895 944/1087/903 945/1036/854
f 929/1088/904 940/1089/905 934/1090/906
f 901/1091/907 894/1092/908 895/1093/909
f 900/1034/852 893/1094/910 894/1092/908
f 958/1095/911 959/1096/912 964/1097/913
f 953/1098/914 948/1099/915 954/1100/916
f 917/1101/917 928/1065/881 922/1067/883
f 949/1102/918 954/1100/916 948/1099/915
f 873/1103/919 868/849/691 874/1104/920
f 915/1105/921 908/1106/922 909/1107/923
f 924/1059/876 929/1088/904 923/1108/924
f 892/1070/886 897/1051/869 891/1083/899
f 920/1109/925 913/1110/891 914/1111/926
f 973/1112/927 966/1113/928 967/1114/929
f 916/1115/930 909/1107/923 910/1116/931
f 910/1116/931 899/1117/932 905/1033/851
f 905/1033/851 916/1115/930 910/1116/931
f 939/1038/856 932/1054/872 933/1118/933
f 888/1119/934 881/1086/902 882/1085/901
f 952/1120/935 941/1039/857 947/1121/936
f 875/1084/900 874/1104/920 869/1122/937
f 960/1123/938 953/1098/914 954/1100/916
f 933/1118/933 926/1056/874 927/1124/939
f 901/1125/907 908/1106/922 907/1126/897
f 968/1127/940 963/1128/941 969/1129/942
f 867/1030/848 872/1046/864 866/1029/847
f 964/1097/913 969/1129/942 963/1128/941
f 878/1047/865 883/1130/943 877/1045/863
f 971/1131/944 970/1132/945 965/1133/946
f 866/1029/847 871/1134/947 865/1135/948
f 909/1107/923 902/1052/870 903/1136/949
f 940/1089/905 933/1118/933 934/1090/906
f 873/1103/919 878/1047/865 872/1046/864
f 987/1137/950 992/1064/880 986/1138/951
f 999/1139/952 992/1064/880 993/1140/953
f 954/1100/916 961/1141/954 960/1123/938
f 943/1142/955 948/1099/915 942/1041/859
f 895/1093/909 888/1119/934 889/1143/956
f 1000/1144/957 989/1145/958 995/1146/959
f 980/1147/960 975/1148/961 981/1149/962
f 990/1061/878 983/1042/860 984/1049/867
f 985/1050/868 978/1150/963 979/1151/964
f 984/1049/867 977/1044/862 978/1150/963
f 919/1076/892 924/1059/876 918/1074/890
f 978/1150/963 971/1131/944 972/1152/965
f 876/1153/966 869/1122/937 870/1154/967
f 988/1155/968 993/1140/953 987/1137/950
f 942/1041/859 937/1156/969 943/1142/955
f 891/1083/899 886/1068/884 892/1070/886
f 952/1120/935 945/1036/854 946/1157/970
f 871/1158/947 864/1032/850 865/1159/948
f 870/1154/967 863/1031/849 864/1032/850
f 944/1087/903 937/1160/969 938/1037/855
f 891/1083/899 896/1053/871 890/1082/898
f 912/1080/896 917/1101/917 911/1161/971
f 977/1044/862 976/1162/972 971/1131/944
f 946/1157/970 939/1038/856 940/1089/905
f 934/1090/906 927/1124/939 928/1065/881
f 887/1069/885 894/1092/908 893/1094/910
f 967/1163/929 962/1164/973 968/1127/940
f 893/1094/910 892/1070/886 887/1069/885
f 981/1149/962 976/1162/972 982/1043/861
f 968/1127/940 973/1165/927 967/1163/929
f 974/1166/974 969/1129/942 975/1148/961
f 967/1114/929 960/1123/938 961/1141/954
f 965/1133/946 964/1097/913 959/1096/912
f 919/1167/892 926/1056/874 925/1055/873
f 979/1168/964 974/1166/974 980/1147/960
f 958/1095/911 947/1121/936 953/1098/914
f 881/1086/902 880/1071/887 875/1084/900
f 938/1037/855 931/1169/975 932/1054/872
f 906/1035/853 901/1091/907 907/1081/897
f 883/1170/943 876/1153/966 877/1171/863
f 918/1074/890 923/1108/924 917/1101/917
f 922/1067/883 915/1105/921 916/1115/930
f 890/1082/898 895/1172/909 889/1173/956
f 985/1174/868 980/1147/960 986/1138/951
f 970/1132/945 975/1148/961 969/1129/942
f 922/1067/883 911/1161/971 917/1101/917
f 1000/1144/957 993/1140/953 994/1175/976
f 870/1154/967 877/1171/863 876/1153/966
f 957/1077/893 962/1164/973 956/1176/977
f 898/1177/978 903/1136/949 897/1051/869
f 934/1090/906 923/1108/924 929/1088/904
f 906/1035/853 911/1161/971 905/1033/851
f 935/1178/979 930/1058/875 936/1040/858
f 986/1138/951 991/1063/866 985/1174/868
f 950/1078/894 943/1179/955 944/1087/903
f 869/1122/937 868/849/691 863/1031/849
f 972/1152/965 965/1133/946 966/1113/928
f 986/1138/951 981/1149/962 987/1137/950
f 987/1137/950 982/1043/861 988/1155/968
f 961/1180/954 956/1176/977 962/1164/973
f 995/1146/959 990/1061/878 996/1060/877
f 899/1117/932 898/1177/978 893/1094/910
f 921/1066/882 914/1111/926 915/1105/921
f 958/1095/911 951/1079/895 952/1120/935
f 956/1176/977 949/1181/918 950/1078/894
f 901/1125/907 896/1053/871 902/1052/870
f 979/1151/964 972/1152/965 973/1112/927
f 989/1145/958 988/1155/968 983/1042/860
f 889/1143/956 882/1085/901 883/1170/943
f 936/1040/858 931/1182/975 937/1156/969
f 1001/1183/980 1000/1144/957 995/1146/959
f 1002/1184/981 995/1146/959 996/1060/877
f 1003/1185/982 996/1060/877 997/1186/983
f 998/1062/879 1003/1187/982 997/1188/983
f 999/1139/952 1004/1189/984 998/1062/879
f 1000/1144/957 1005/1190/985 999/1139/952
f 935/1178/979 946/1157/970 940/1089/905
f 718/896/735 723/903/742 724/899/738
f 737/919/755 736/952/787 742/917/753
f 751/1011/718 744/960/795 750/932/768
f 771/892/731 764/958/793 770/1003/831
f 770/1003/831 777/973/805 771/892/731
f 780/1016/837 775/1191/707 774/881/721
f 907/1126/897 914/1111/926 913/1110/891
f 910/1116/931 903/1136/949 904/1192/986
f 920/1109/925 927/1124/939 926/1056/874
f 947/1121/936 942/1041/859 948/1099/915
f 963/1128/941 958/1095/911 964/1097/913
f 966/1113/928 959/1096/912 960/1123/938
f 889/1173/956 884/1193/987 890/1082/898
f 874/1104/920 879/1073/889 873/1103/919
f 879/1073/889 884/1193/987 878/1047/865
f 725/929/765 724/899/738 730/901/740
f 734/950/785 729/900/739 728/886/726
f 1060/1194/988 1039/1195/989 1057/1196/990
f 1041/1197/991 1056/1198/992 1059/1199/993
f 1058/1200/994 1037/1201/995 1055/1202/996
f 1057/1196/990 1036/1203/997 1054/1204/998
f 1038/1205/999 1045/1206/1000 1056/1198/992
f 1055/1202/996 1035/1207/1001 1053/1208/1002
f 1054/1204/998 1034/1209/1003 1052/1210/1004
f 1053/1208/1002 1033/1211/1005 1051/1212/1006
f 1034/1209/1003 1050/1213/1007 1052/1210/1004
f 1051/1212/1006 1031/1214/1008 1049/1215/1009
f 1032/1216/1010 1048/1217/1011 1050/1213/1007
f 1049/1215/1009 1029/1218/1012 1047/1219/1013
f 1030/1220/1014 1046/1221/1015 1048/1217/1011
f 1029/1218/1012 1044/1222/1016 1047/1219/1013
f 1028/1223/1017 1043/1224/1018 1046/1221/1015
f 1045/1225/1000 1042/1226/1019 1060/1194/988
f 1026/1227/1020 1059/1199/993 1044/1222/1016
f 1025/1228/1021 1058/1200/994 1043/1224/1018
f 1017/1229/1022 1058/1230/994 1016/1231/1023
f 1010/1232/1024 1059/1233/993 1009/1234/1025
f 1045/1235/1000 1024/1236/1026 1008/1237/1027
f 1018/1238/1028 1043/1239/1018 1017/1229/1022
f 1011/1240/1029 1044/1241/1016 1010/1232/1024
f 1019/1242/1030 1046/1243/1015 1018/1238/1028
f 1049/1244/1009 1011/1240/1029 1012/1245/1031
f 1020/1246/1032 1048/1247/1011 1019/1242/1030
f 1051/1248/1006 1012/1245/1031 1013/1249/1033
f 1021/1250/1034 1050/1251/1007 1020/1246/1032
f 1053/1252/1002 1013/1249/1033 1014/1253/1035
f 1054/1254/998 1021/1250/1034 1022/1255/1036
f 1055/1256/996 1014/1253/1035 1015/1257/1037
f 1007/1258/1038 1045/1259/1000 1008/1260/1027
f 1057/1261/990 1022/1255/1036 1023/1262/1039
f 1058/1230/994 1015/1257/1037 1016/1231/1023
f 1009/1234/1025 1056/1263/992 1007/1258/1038
f 1060/1264/988 1023/1262/1039 1024/1236/1026
f 1098/1265/1040 1100/1266/1041 1099/1267/1042
f 1092/1268/1043 1097/1269/1044 1096/1270/1045
f 1094/1271/1046 1102/1272/1047 1095/1273/1048
f 1093/1274/1049 1103/1275/1050 1100/1266/1041
f 1081/1276/1051 1101/1277/1052 1092/1268/1043
f 1091/1278/1053 1105/1279/1054 1102/1272/1047
f 1090/1280/1055 1106/1281/1056 1103/1275/1050
f 1089/1282/1057 1107/1283/1058 1105/1279/1054
f 1086/1284/1059 1106/1281/1056 1088/1285/1060
f 1087/1286/1061 1109/1287/1062 1107/1283/1058
f 1084/1288/1063 1108/1289/1064 1086/1284/1059
f 1083/1290/1065 1109/1287/1062 1085/1291/1066
f 1082/1292/1067 1110/1293/1068 1084/1288/1063
f 1080/1294/1069 1111/1295/1070 1083/1290/1065
f 1079/1296/1071 1112/1297/1072 1082/1292/1067
f 1081/1298/1051 1099/1267/1042 1104/1299/1073
f 1096/1270/1045 1113/1300/1074 1080/1294/1069
f 1094/1271/1046 1114/1301/1075 1079/1296/1071
f 1071/1302/1076 1094/1271/1046 1079/1296/1071
f 1064/1303/1077 1096/1270/1045 1080/1294/1069
f 1078/1304/1078 1081/1298/1051 1062/1305/1079
f 1072/1306/1080 1079/1296/1071 1082/1292/1067
f 1065/1307/1081 1080/1294/1069 1083/1290/1065
f 1073/1308/1082 1082/1292/1067 1084/1288/1063
f 1065/1307/1081 1085/1291/1066 1066/1309/1083
f 1074/1310/1084 1084/1288/1063 1086/1284/1059
f 1066/1309/1083 1087/1286/1061 1067/1311/1085
f 1075/1312/1086 1086/1284/1059 1088/1285/1060
f 1067/1311/1085 1089/1282/1057 1068/1313/1087
f 1075/1312/1086 1090/1280/1055 1076/1314/1088
f 1068/1313/1087 1091/1278/1053 1069/1315/1089
f 1061/1316/1090 1081/1276/1051 1092/1268/1043
f 1076/1314/1088 1093/1274/1049 1077/1317/1091
f 1069/1315/1089 1094/1271/1046 1070/1318/1092
f 1063/1319/1093 1092/1268/1043 1096/1270/1045
f 1077/1317/1091 1098/1265/1040 1078/1304/1078
f 1036/1203/997 1100/1266/1041 1103/1275/1050
f 1025/1228/1021 1095/1273/1048 1040/1320/1094
f 1020/1246/1032 1075/1312/1086 1021/1250/1034
f 1038/1205/999 1104/1321/1073 1027/1322/1095
f 1007/1258/1038 1062/1323/1079 1061/1316/1090
f 1021/1250/1034 1076/1314/1088 1022/1255/1036
f 1035/1207/1001 1102/1272/1047 1105/1279/1054
f 1009/1234/1025 1061/1316/1090 1063/1319/1093
f 1022/1255/1036 1077/1317/1091 1023/1262/1039
f 1034/1209/1003 1103/1275/1050 1106/1281/1056
f 1010/1232/1024 1063/1319/1093 1064/1303/1077
f 1023/1262/1039 1078/1304/1078 1024/1236/1026
f 1033/1211/1005 1105/1279/1054 1107/1283/1058
f 1011/1240/1029 1064/1303/1077 1065/1307/1081
f 1024/1236/1026 1062/1305/1079 1008/1237/1027
f 1034/1209/1003 1108/1289/1064 1032/1216/1010
f 1012/1245/1031 1065/1307/1081 1066/1309/1083
f 1031/1214/1008 1107/1283/1058 1109/1287/1062
f 1012/1245/1031 1067/1311/1085 1013/1249/1033
f 1032/1216/1010 1110/1293/1068 1030/1220/1014
f 1013/1249/1033 1068/1313/1087 1014/1253/1035
f 1029/1218/1012 1109/1287/1062 1111/1295/1070
f 1014/1253/1035 1069/1315/1089 1015/1257/1037
f 1030/1220/1014 1112/1297/1072 1028/1223/1017
f 1015/1257/1037 1070/1318/1092 1016/1231/1023
f 1029/1218/1012 1113/1300/1074 1026/1227/1020
f 1017/1229/1022 1070/1318/1092 1071/1302/1076
f 1039/1195/989 1099/1267/1042 1100/1266/1041
f 1028/1223/1017 1114/1301/1075 1025/1228/1021
f 1018/1238/1028 1071/1302/1076 1072/1306/1080
f 1041/1197/991 1101/1277/1052 1038/1205/999
f 1042/1226/1019 1104/1299/1073 1099/1267/1042
f 1019/1242/1030 1072/1306/1080 1073/1308/1082
f 1037/1201/995 1095/1273/1048 1102/1272/1047
f 1026/1227/1020 1097/1269/1044 1041/1197/991
f 1020/1246/1032 1073/1308/1082 1074/1310/1084
f 1115/1324/1096 1118/1325/1097 1117/1326/1098
f 1117/1326/1098 1120/1327/1099 1119/1328/1100
f 1119/1328/1100 1122/1329/1101 1121/1330/1102
f 1121/1330/1102 1124/1331/1103 1123/1332/1104
f 1124/1331/1103 1125/1333/1105 1123/1332/1104
f 1126/1334/1106 1127/1335/1107 1125/1333/1105
f 1128/1336/1108 1129/1337/1109 1127/1335/1107
f 1130/1338/1110 1131/1339/1111 1129/1337/1109
f 1132/1340/1112 1133/1341/1113 1131/1339/1111
f 1133/1341/1113 1136/1342/1114 1135/1343/1115
f 1135/1343/1115 1138/1344/1116 1137/1345/1117
f 1137/1345/1117 1140/1346/1118 1139/1347/1119
f 1139/1347/1119 1142/1348/1120 1141/1349/1121
f 1142/1348/1120 1143/1350/1122 1141/1349/1121
f 1144/1351/1123 1145/1352/1124 1143/1353/1122
f 1146/1354/1125 1147/1355/1126 1145/1352/1124
f 1138/1344/1116 1163/1356/1127 1140/1346/1118
f 1148/1357/1128 1149/1358/1129 1147/1355/1126
f 1150/1359/1130 1115/1324/1096 1149/1358/1129
f 1162/1360/1131 1181/1361/1132 1163/1356/1127
f 1150/1359/1130 1167/1362/1133 1168/1363/1134
f 1126/1334/1106 1155/1364/1135 1156/1365/1136
f 1134/1366/1137 1161/1367/1138 1136/1342/1114
f 1146/1354/1125 1165/1368/1139 1166/1369/1140
f 1120/1327/1099 1154/1370/1141 1122/1329/1101
f 1132/1340/1112 1158/1371/1142 1159/1372/1143
f 1116/1373/1144 1151/1374/1145 1118/1325/1097
f 1140/1346/1118 1164/1375/1146 1142/1348/1120
f 1116/1373/1144 1168/1363/1134 1152/1376/1147
f 1128/1336/1108 1156/1365/1136 1157/1377/1148
f 1136/1342/1114 1162/1360/1131 1138/1344/1116
f 1148/1357/1128 1166/1369/1140 1167/1362/1133
f 1122/1329/1101 1155/1364/1135 1124/1331/1103
f 1134/1366/1137 1159/1372/1143 1160/1378/1149
f 1142/1348/1120 1165/1379/1139 1144/1380/1123
f 1118/1325/1097 1153/1381/1150 1120/1327/1099
f 1130/1338/1110 1157/1377/1148 1158/1371/1142
f 1181/1361/1132 1200/1382/1151 1182/1383/1152
f 1156/1365/1136 1173/1384/1153 1174/1385/1154
f 1163/1356/1127 1182/1383/1152 1164/1375/1146
f 1157/1377/1148 1174/1385/1154 1175/1386/1155
f 1164/1375/1146 1183/1387/1156 1165/1379/1139
f 1158/1371/1142 1175/1386/1155 1176/1388/1157
f 1166/1369/1140 1183/1389/1156 1184/1390/1158
f 1159/1372/1143 1176/1388/1157 1177/1391/1159
f 1152/1376/1147 1169/1392/1160 1151/1374/1145
f 1167/1362/1133 1184/1390/1158 1185/1393/1161
f 1160/1378/1149 1177/1391/1159 1178/1394/1162
f 1151/1374/1145 1171/1395/1163 1153/1381/1150
f 1168/1363/1134 1185/1393/1161 1186/1396/1164
f 1160/1378/1149 1179/1397/1165 1161/1367/1138
f 1153/1381/1150 1172/1398/1166 1154/1370/1141
f 1152/1376/1147 1186/1396/1164 1170/1399/1167
f 1161/1367/1138 1180/1400/1168 1162/1360/1131
f 1154/1370/1141 1173/1384/1153 1155/1364/1135
f 1200/1382/1151 1219/1401/1169 1201/1402/1170
f 1175/1386/1155 1192/1403/1171 1193/1404/1172
f 1182/1383/1152 1201/1402/1170 1183/1387/1156
f 1176/1388/1157 1193/1404/1172 1194/1405/1173
f 1184/1390/1158 1201/1406/1170 1202/1407/1174
f 1177/1391/1159 1194/1405/1173 1195/1408/1175
f 1170/1399/1167 1187/1409/1176 1169/1392/1160
f 1185/1393/1161 1202/1407/1174 1203/1410/1177
f 1178/1394/1162 1195/1408/1175 1196/1411/1178
f 1169/1392/1160 1189/1412/1179 1171/1395/1163
f 1186/1396/1164 1203/1410/1177 1204/1413/1180
f 1178/1394/1162 1197/1414/1181 1179/1397/1165
f 1171/1395/1163 1190/1415/1182 1172/1398/1166
f 1170/1399/1167 1204/1413/1180 1188/1416/1183
f 1179/1397/1165 1198/1417/1184 1180/1400/1168
f 1172/1398/1166 1191/1418/1185 1173/1384/1153
f 1180/1400/1168 1199/1419/1186 1181/1361/1132
f 1174/1385/1154 1191/1418/1185 1192/1403/1171
f 1220/1420/1187 1237/1421/1188 1238/1422/1189
f 1194/1405/1173 1211/1423/1190 1212/1424/1191
f 1202/1407/1174 1219/1425/1169 1220/1420/1187
f 1195/1408/1175 1212/1424/1191 1213/1426/1192
f 1188/1416/1183 1205/1427/1193 1187/1409/1176
f 1203/1410/1177 1220/1420/1187 1221/1428/1194
f 1196/1411/1178 1213/1426/1192 1214/1429/1195
f 1187/1409/1176 1207/1430/1196 1189/1412/1179
f 1204/1413/1180 1221/1428/1194 1222/1431/1197
f 1196/1411/1178 1215/1432/1198 1197/1414/1181
f 1189/1412/1179 1208/1433/1199 1190/1415/1182
f 1188/1416/1183 1222/1431/1197 1206/1434/1200
f 1197/1414/1181 1216/1435/1201 1198/1417/1184
f 1190/1415/1182 1209/1436/1202 1191/1418/1185
f 1198/1417/1184 1217/1437/1203 1199/1419/1186
f 1191/1418/1185 1210/1438/1204 1192/1403/1171
f 1199/1419/1186 1218/1439/1205 1200/1382/1151
f 1193/1404/1172 1210/1438/1204 1211/1423/1190
f 1229/1440/1206 1246/1441/1207 1247/1442/1208
f 1213/1426/1192 1230/1443/1209 1231/1444/1210
f 1206/1434/1200 1223/1445/1211 1205/1427/1193
f 1221/1428/1194 1238/1422/1189 1239/1446/1212
f 1214/1429/1195 1231/1444/1210 1232/1447/1213
f 1205/1427/1193 1225/1448/1214 1207/1430/1196
f 1222/1431/1197 1239/1446/1212 1240/1449/1215
f 1214/1429/1195 1233/1450/1216 1215/1432/1198
f 1207/1430/1196 1226/1451/1217 1208/1433/1199
f 1206/1434/1200 1240/1449/1215 1224/1452/1218
f 1215/1432/1198 1234/1453/1219 1216/1435/1201
f 1208/1433/1199 1227/1454/1220 1209/1436/1202
f 1216/1435/1201 1235/1455/1221 1217/1437/1203
f 1210/1438/1204 1227/1454/1220 1228/1456/1222
f 1217/1437/1203 1236/1457/1223 1218/1439/1205
f 1211/1423/1190 1228/1456/1222 1229/1440/1206
f 1218/1439/1205 1237/1458/1188 1219/1401/1169
f 1212/1424/1191 1229/1440/1206 1230/1443/1209
f 1247/1459/1208 1266/1460/1224 1248/1461/1225
f 1237/1458/1188 1254/1462/1226 1255/1463/1227
f 1230/1443/1209 1247/1442/1208 1248/1464/1225
f 1238/1422/1189 1255/1465/1227 1256/1466/1228
f 1231/1444/1210 1248/1464/1225 1249/1467/1229
f 1224/1452/1218 1241/1468/1230 1223/1445/1211
f 1239/1446/1212 1256/1466/1228 1257/1469/1231
f 1232/1447/1213 1249/1467/1229 1250/1470/1232
f 1223/1445/1211 1243/1471/1233 1225/1448/1214
f 1240/1449/1215 1257/1469/1231 1258/1472/1234
f 1232/1447/1213 1251/1473/1235 1233/1450/1216
f 1225/1448/1214 1244/1474/1236 1226/1451/1217
f 1224/1452/1218 1258/1472/1234 1242/1475/1237
f 1233/1450/1216 1252/1476/1238 1234/1453/1219
f 1226/1451/1217 1245/1477/1239 1227/1454/1220
f 1234/1453/1219 1253/1478/1240 1235/1455/1221
f 1227/1454/1220 1246/1441/1207 1228/1456/1222
f 1235/1455/1221 1254/1462/1226 1236/1457/1223
f 1267/1479/1241 1284/1480/1242 1285/1481/1243
f 1255/1482/1227 1274/1483/1244 1256/1484/1228
f 1248/1461/1225 1267/1479/1241 1249/1485/1229
f 1241/1486/1230 1260/1487/1245 1259/1488/1246
f 1256/1484/1228 1275/1489/1247 1257/1490/1231
f 1249/1485/1229 1268/1491/1248 1250/1492/1232
f 1243/1493/1233 1259/1488/1246 1261/1494/1249
f 1257/1490/1231 1276/1495/1250 1258/1496/1234
f 1251/1497/1235 1268/1491/1248 1269/1498/1251
f 1244/1499/1236 1261/1494/1249 1262/1500/1252
f 1258/1496/1234 1260/1487/1245 1242/1501/1237
f 1252/1502/1238 1269/1498/1251 1270/1503/1253
f 1245/1504/1239 1262/1500/1252 1263/1505/1254
f 1253/1506/1240 1270/1503/1253 1271/1507/1255
f 1245/1504/1239 1264/1508/1256 1246/1509/1207
f 1254/1510/1226 1271/1507/1255 1272/1511/1257
f 1246/1509/1207 1265/1512/1258 1247/1459/1208
f 1255/1513/1227 1272/1511/1257 1273/1514/1259
f 1285/1515/1243 1304/1516/1260 1286/1517/1261
f 1260/1487/1245 1277/1518/1262 1259/1488/1246
f 1275/1489/1247 1292/1519/1263 1293/1520/1264
f 1268/1491/1248 1285/1481/1243 1286/1521/1261
f 1259/1488/1246 1279/1522/1265 1261/1494/1249
f 1276/1495/1250 1293/1520/1264 1294/1523/1266
f 1268/1491/1248 1287/1524/1267 1269/1498/1251
f 1261/1494/1249 1280/1525/1268 1262/1500/1252
f 1260/1487/1245 1294/1523/1266 1278/1526/1269
f 1269/1498/1251 1288/1527/1270 1270/1503/1253
f 1262/1500/1252 1281/1528/1271 1263/1505/1254
f 1270/1503/1253 1289/1529/1272 1271/1507/1255
f 1264/1508/1256 1281/1528/1271 1282/1530/1273
f 1271/1507/1255 1290/1531/1274 1272/1511/1257
f 1265/1512/1258 1282/1530/1273 1283/1532/1275
f 1272/1511/1257 1291/1533/1276 1273/1514/1259
f 1266/1460/1224 1283/1532/1275 1284/1480/1242
f 1274/1483/1244 1291/1534/1276 1292/1519/1263
f 1692/1535/1277 1322/1536/1278 1323/1537/1279
f 1279/1538/1265 1295/1539/1280 1297/1540/1281
f 1293/1541/1264 1312/1542/1282 1294/1543/1266
f 1287/1544/1267 1304/1516/1260 1305/1545/1283
f 1280/1546/1268 1297/1540/1281 1298/1547/1284
f 1294/1543/1266 1296/1548/1285 1278/1549/1269
f 1288/1550/1270 1305/1545/1283 1306/1551/1286
f 1281/1552/1271 1298/1547/1284 1299/1553/1287
f 1289/1554/1272 1306/1551/1286 1307/1555/1288
f 1281/1552/1271 1300/1556/1289 1282/1557/1273
f 1290/1558/1274 1307/1555/1288 1308/1559/1290
f 1282/1557/1273 1301/1560/1291 1283/1561/1275
f 1290/1558/1274 1309/1562/1292 1291/1563/1276
f 1283/1561/1275 1302/1564/1293 1284/1565/1242
f 1291/1566/1276 1310/1567/1294 1292/1568/1263
f 1284/1565/1242 1303/1569/1295 1285/1515/1243
f 1277/1570/1262 1296/1548/1285 1295/1539/1280
f 1292/1568/1263 1311/1571/1296 1293/1541/1264
f 1746/1572/1297 1341/1573/1298 1342/1574/1299
f 1694/1575/1300 1315/1576/1301 1316/1577/1302
f 1695/1578/1303 1314/1579/1304 1696/1580/1305
f 1697/1581/1306 1323/1537/1279 1324/1582/1307
f 1698/1583/1308 1316/1577/1302 1317/1584/1309
f 1699/1585/1310 1324/1582/1307 1325/1586/1311
f 1698/1583/1308 1318/1587/1312 1700/1588/1313
f 1701/1589/1314 1325/1586/1311 1326/1590/1315
f 1700/1588/1313 1319/1591/1316 1702/1592/1317
f 1701/1589/1314 1327/1593/1318 1703/1594/1319
f 1702/1592/1317 1320/1595/1320 1704/1596/1321
f 1703/1597/1319 1328/1598/1322 1705/1599/1323
f 1704/1596/1321 1321/1600/1324 1706/1601/1325
f 1707/1602/1326 1314/1579/1304 1313/1603/1327
f 1705/1599/1323 1329/1604/1328 1708/1605/1329
f 1706/1601/1325 1322/1536/1278 1691/1606/1330
f 1693/1607/1331 1313/1603/1327 1315/1576/1301
f 1708/1605/1329 1330/1608/1332 1695/1578/1303
f 1342/1574/1299 1361/1609/1333 1343/1610/1334
f 1748/1611/1335 1334/1612/1336 1335/1613/1337
f 1749/1614/1338 1342/1574/1299 1343/1610/1334
f 1748/1611/1335 1336/1615/1339 1750/1616/1340
f 1751/1617/1341 1343/1610/1334 1344/1618/1342
f 1750/1616/1340 1337/1619/1343 1752/1620/1344
f 1751/1617/1341 1345/1621/1345 1753/1622/1346
f 1752/1620/1344 1338/1623/1347 1754/1624/1348
f 1753/1625/1346 1346/1626/1349 1755/1627/1350
f 1754/1624/1348 1339/1628/1351 1756/1629/1352
f 1758/1630/1353 1332/1631/1354 1331/1632/1355
f 1755/1627/1350 1347/1633/1356 1759/1634/1357
f 1756/1629/1352 1340/1635/1358 1760/1636/1359
f 1761/1637/1360 1331/1632/1355 1333/1638/1361
f 1759/1634/1357 1348/1639/1362 1762/1640/1363
f 1745/1641/1364 1340/1635/1358 1341/1573/1298
f 1747/1642/1365 1333/1638/1361 1334/1612/1336
f 1762/1640/1363 1332/1631/1354 1757/1643/1366
f 1763/1644/1367 1380/1645/1368 1764/1646/1369
f 1335/1613/1337 1354/1647/1370 1336/1615/1339
f 1343/1610/1334 1362/1648/1371 1344/1618/1342
f 1336/1615/1339 1355/1649/1372 1337/1619/1343
f 1344/1618/1342 1363/1650/1373 1345/1621/1345
f 1337/1619/1343 1356/1651/1374 1338/1623/1347
f 1346/1626/1349 1363/1652/1373 1364/1653/1375
f 1338/1623/1347 1357/1654/1376 1339/1628/1351
f 1331/1632/1355 1350/1655/1377 1349/1656/1378
f 1347/1633/1356 1364/1653/1375 1365/1657/1379
f 1339/1628/1351 1358/1658/1380 1340/1635/1358
f 1333/1638/1361 1349/1656/1378 1351/1659/1381
f 1348/1639/1362 1365/1657/1379 1366/1660/1382
f 1340/1635/1358 1359/1661/1383 1341/1573/1298
f 1334/1612/1336 1351/1659/1381 1352/1662/1384
f 1332/1631/1354 1366/1660/1382 1350/1655/1377
f 1341/1573/1298 1360/1663/1385 1342/1574/1299
f 1335/1613/1337 1352/1662/1384 1353/1664/1386
f 1381/1665/1387 1398/1666/1388 1399/1667/1389
f 1766/1668/1390 1372/1669/1391 1373/1670/1392
f 1767/1671/1393 1380/1645/1368 1381/1672/1387
f 1768/1673/1394 1373/1670/1392 1374/1674/1395
f 1769/1675/1396 1381/1676/1387 1382/1677/1397
f 1770/1678/1398 1374/1674/1395 1375/1679/1399
f 1771/1680/1400 1367/1681/1401 1772/1682/1402
f 1773/1683/1403 1382/1677/1397 1383/1684/1404
f 1774/1685/1405 1375/1679/1399 1376/1686/1406
f 1772/1682/1402 1369/1687/1407 1775/1688/1408
f 1776/1689/1409 1383/1684/1404 1384/1690/1410
f 1774/1685/1405 1377/1691/1411 1777/1692/1412
f 1775/1688/1408 1370/1693/1413 1778/1694/1414
f 1771/1680/1400 1384/1690/1410 1368/1695/1415
f 1777/1692/1412 1378/1696/1416 1779/1697/1417
f 1778/1694/1414 1371/1698/1418 1780/1699/1419
f 1779/1697/1417 1379/1700/1420 1763/1644/1367
f 1780/1699/1419 1372/1669/1391 1765/1701/1421
f 1782/1702/1422 1417/1703/1423 1418/1704/1424
f 1373/1705/1392 1392/1706/1425 1374/1707/1395
f 1381/1708/1387 1400/1709/1426 1382/1710/1397
f 1374/1707/1395 1393/1711/1427 1375/1712/1399
f 1367/1713/1401 1386/1714/1428 1385/1715/1429
f 1382/1710/1397 1401/1716/1430 1383/1717/1404
f 1375/1712/1399 1394/1718/1431 1376/1719/1406
f 1369/1720/1407 1385/1715/1429 1387/1721/1432
f 1383/1717/1404 1402/1722/1433 1384/1723/1410
f 1377/1724/1411 1394/1718/1431 1395/1725/1434
f 1370/1726/1413 1387/1721/1432 1388/1727/1435
f 1384/1723/1410 1386/1714/1428 1368/1728/1415
f 1378/1729/1416 1395/1725/1434 1396/1730/1436
f 1371/1731/1418 1388/1727/1435 1389/1732/1437
f 1379/1733/1420 1396/1730/1436 1397/1734/1438
f 1371/1731/1418 1390/1735/1439 1372/1736/1391
f 1380/1737/1368 1397/1734/1438 1398/1666/1388
f 1372/1736/1391 1391/1738/1440 1373/1705/1392
f 1404/1739/1441 1421/1740/1442 1403/1741/1443
f 1784/1742/1444 1410/1743/1445 1411/1744/1446
f 1785/1745/1447 1403/1741/1443 1786/1746/1448
f 1787/1747/1449 1418/1704/1424 1419/1748/1450
f 1788/1749/1451 1411/1744/1446 1412/1750/1452
f 1786/1746/1448 1405/1751/1453 1789/1752/1454
f 1790/1753/1455 1419/1748/1450 1420/1754/1456
f 1788/1749/1451 1413/1755/1457 1791/1756/1458
f 1789/1752/1454 1406/1757/1459 1792/1758/1460
f 1785/1745/1447 1420/1754/1456 1404/1739/1441
f 1791/1756/1458 1414/1759/1461 1793/1760/1462
f 1792/1758/1460 1407/1761/1463 1794/1762/1464
f 1793/1760/1462 1415/1763/1465 1795/1764/1466
f 1794/1762/1464 1408/1765/1467 1796/1766/1468
f 1795/1764/1466 1416/1767/1469 1797/1768/1470
f 1798/1769/1471 1408/1765/1467 1409/1770/1472
f 1797/1768/1470 1417/1771/1423 1781/1772/1473
f 1783/1773/1474 1409/1770/1472 1410/1743/1445
f 1421/1740/1442 1441/1774/1475 1423/1775/1476
f 1419/1748/1450 1436/1776/1477 1437/1777/1478
f 1412/1750/1452 1429/1778/1479 1430/1779/1480
f 1403/1741/1443 1423/1775/1476 1405/1751/1453
f 1420/1754/1456 1437/1777/1478 1438/1780/1481
f 1412/1750/1452 1431/1781/1482 1413/1755/1457
f 1405/1751/1453 1424/1782/1483 1406/1757/1459
f 1404/1739/1441 1438/1780/1481 1422/1783/1484
f 1413/1755/1457 1432/1784/1485 1414/1759/1461
f 1406/1757/1459 1425/1785/1486 1407/1761/1463
f 1414/1759/1461 1433/1786/1487 1415/1763/1465
f 1407/1761/1463 1426/1787/1488 1408/1765/1467
f 1415/1763/1465 1434/1788/1489 1416/1767/1469
f 1409/1770/1472 1426/1787/1488 1427/1789/1490
f 1416/1767/1469 1435/1790/1491 1417/1771/1423
f 1410/1743/1445 1427/1789/1490 1428/1791/1492
f 1418/1704/1424 1435/1792/1491 1436/1776/1477
f 1411/1744/1446 1428/1791/1492 1429/1778/1479
f 1442/1793/1493 1459/1794/1494 1460/1795/1495
f 1438/1780/1481 1455/1796/1496 1456/1797/1497
f 1430/1779/1480 1449/1798/1498 1431/1781/1482
f 1423/1775/1476 1442/1793/1493 1424/1782/1483
f 1422/1783/1484 1456/1797/1497 1440/1799/1499
f 1431/1781/1482 1450/1800/1500 1432/1784/1485
f 1424/1782/1483 1443/1801/1501 1425/1785/1486
f 1432/1784/1485 1451/1802/1502 1433/1786/1487
f 1426/1787/1488 1443/1801/1501 1444/1803/1503
f 1433/1786/1487 1452/1804/1504 1434/1788/1489
f 1427/1789/1490 1444/1803/1503 1445/1805/1505
f 1434/1788/1489 1453/1806/1506 1435/1790/1491
f 1428/1791/1492 1445/1805/1505 1446/1807/1507
f 1436/1776/1477 1453/1808/1506 1454/1809/1508
f 1429/1778/1479 1446/1807/1507 1447/1810/1509
f 1422/1783/1484 1439/1811/1510 1421/1740/1442
f 1437/1777/1478 1454/1809/1508 1455/1796/1496
f 1430/1779/1480 1447/1810/1509 1448/1812/1511
f 1800/1813/1512 1478/1814/1513 1479/1815/1514
f 1440/1799/1499 1474/1816/1515 1458/1817/1516
f 1449/1798/1498 1468/1818/1517 1450/1800/1500
f 1443/1801/1501 1460/1795/1495 1461/1819/1518
f 1450/1800/1500 1469/1820/1519 1451/1802/1502
f 1443/1801/1501 1462/1821/1520 1444/1803/1503
f 1451/1802/1502 1470/1822/1521 1452/1804/1504
f 1444/1803/1503 1463/1823/1522 1445/1805/1505
f 1452/1804/1504 1471/1824/1523 1453/1806/1506
f 1445/1805/1505 1464/1825/1524 1446/1807/1507
f 1454/1809/1508 1471/1826/1523 1472/1827/1525
f 1446/1807/1507 1465/1828/1526 1447/1810/1509
f 1439/1811/1510 1458/1817/1516 1457/1829/1527
f 1455/1796/1496 1472/1827/1525 1473/1830/1528
f 1447/1810/1509 1466/1831/1529 1448/1812/1511
f 1441/1774/1475 1457/1829/1527 1459/1794/1494
f 1456/1797/1497 1473/1830/1528 1474/1816/1515
f 1448/1812/1511 1467/1832/1530 1449/1798/1498
f 1818/1833/1531 1497/1834/1532 1498/1835/1533
f 1802/1836/1534 1486/1837/1535 1487/1838/1536
f 1800/1813/1512 1480/1839/1537 1803/1840/1538
f 1804/1841/1539 1487/1838/1536 1488/1842/1540
f 1803/1840/1538 1481/1843/1541 1805/1844/1542
f 1806/1845/1543 1488/1842/1540 1489/1846/1544
f 1805/1844/1542 1482/1847/1545 1807/1848/1546
f 1806/1849/1543 1490/1850/1547 1808/1851/1548
f 1807/1848/1546 1483/1852/1549 1809/1853/1550
f 1811/1854/1551 1476/1855/1552 1475/1856/1553
f 1808/1851/1548 1491/1857/1554 1812/1858/1555
f 1809/1853/1550 1484/1859/1556 1813/1860/1557
f 1814/1861/1558 1475/1856/1553 1477/1862/1559
f 1812/1858/1555 1492/1863/1560 1815/1864/1561
f 1816/1865/1562 1484/1859/1556 1485/1866/1563
f 1799/1867/1564 1477/1862/1559 1478/1814/1513
f 1815/1864/1561 1476/1855/1552 1810/1868/1565
f 1801/1869/1566 1485/1866/1563 1486/1837/1535
f 1498/1835/1533 1517/1870/1567 1499/1871/1568
f 1819/1872/1569 1506/1873/1570 1820/1874/1571
f 1821/1875/1572 1498/1835/1533 1499/1871/1568
f 1820/1874/1571 1507/1876/1573 1822/1877/1574
f 1823/1878/1575 1499/1871/1568 1500/1879/1576
f 1824/1880/1577 1507/1881/1573 1508/1882/1578
f 1825/1883/1579 1500/1879/1576 1501/1884/1580
f 1826/1885/1581 1493/1886/1582 1827/1887/1583
f 1828/1888/1584 1508/1882/1578 1509/1889/1585
f 1829/1890/1586 1501/1884/1580 1502/1891/1587
f 1827/1887/1583 1495/1892/1588 1830/1893/1589
f 1831/1894/1590 1509/1889/1585 1510/1895/1591
f 1829/1890/1586 1503/1896/1592 1832/1897/1593
f 1830/1893/1589 1496/1898/1594 1833/1899/1595
f 1826/1885/1581 1510/1895/1591 1494/1900/1596
f 1832/1897/1593 1504/1901/1597 1834/1902/1598
f 1833/1899/1595 1497/1834/1532 1817/1903/1599
f 1834/1902/1598 1505/1904/1600 1819/1872/1569
f 1518/1905/1601 1535/1906/1602 1536/1907/1603
f 1506/1873/1570 1525/1908/1604 1507/1876/1573
f 1499/1871/1568 1518/1905/1601 1500/1879/1576
f 1508/1882/1578 1525/1909/1604 1526/1910/1605
f 1500/1879/1576 1519/1911/1606 1501/1884/1580
f 1493/1886/1582 1512/1912/1607 1511/1913/1608
f 1509/1889/1585 1526/1910/1605 1527/1914/1609
f 1501/1884/1580 1520/1915/1610 1502/1891/1587
f 1495/1892/1588 1511/1913/1608 1513/1916/1611
f 1510/1895/1591 1527/1914/1609 1528/1917/1612
f 1502/1891/1587 1521/1918/1613 1503/1896/1592
f 1496/1898/1594 1513/1916/1611 1514/1919/1614
f 1494/1900/1596 1528/1917/1612 1512/1912/1607
f 1503/1896/1592 1522/1920/1615 1504/1901/1597
f 1497/1834/1532 1514/1919/1614 1515/1921/1616
f 1504/1901/1597 1523/1922/1617 1505/1904/1600
f 1498/1835/1533 1515/1921/1616 1516/1923/1618
f 1505/1904/1600 1524/1924/1619 1506/1873/1570
f 1853/1925/1620 1555/1926/1621 1854/1927/1622
f 1526/1910/1605 1543/1928/1623 1544/1929/1624
f 1519/1911/1606 1536/1907/1603 1537/1930/1625
f 1512/1912/1607 1529/1931/1626 1511/1913/1608
f 1527/1914/1609 1544/1929/1624 1545/1932/1627
f 1520/1915/1610 1537/1930/1625 1538/1933/1628
f 1511/1913/1608 1531/1934/1629 1513/1916/1611
f 1528/1917/1612 1545/1932/1627 1546/1935/1630
f 1520/1915/1610 1539/1936/1631 1521/1918/1613
f 1513/1916/1611 1532/1937/1632 1514/1919/1614
f 1512/1912/1607 1546/1935/1630 1530/1938/1633
f 1521/1918/1613 1540/1939/1634 1522/1920/1615
f 1514/1919/1614 1533/1940/1635 1515/1921/1616
f 1522/1920/1615 1541/1941/1636 1523/1922/1617
f 1516/1923/1618 1533/1940/1635 1534/1942/1637
f 1523/1922/1617 1542/1943/1638 1524/1924/1619
f 1517/1870/1567 1534/1942/1637 1535/1906/1602
f 1525/1908/1604 1542/1943/1638 1543/1944/1623
f 1836/1945/1639 1573/1946/1640 1574/1947/1641
f 1856/1948/1642 1548/1949/1643 1547/1950/1644
f 1858/1951/1645 1562/1952/1646 1563/1953/1647
f 1854/1927/1622 1556/1954/1648 1859/1955/1649
f 1860/1956/1650 1547/1950/1644 1549/1957/1651
f 1861/1958/1652 1563/1953/1647 1564/1959/1653
f 1859/1955/1649 1557/1960/1654 1862/1961/1655
f 1863/1962/1656 1549/1957/1651 1550/1963/1657
f 1855/1964/1658 1564/1959/1653 1548/1949/1643
f 1862/1961/1655 1558/1965/1659 1864/1966/1660
f 1865/1967/1661 1550/1963/1657 1551/1968/1662
f 1864/1966/1660 1559/1969/1663 1866/1970/1664
f 1865/1967/1661 1552/1971/1665 1867/1972/1666
f 1866/1970/1664 1560/1973/1667 1868/1974/1668
f 1867/1972/1666 1553/1975/1669 1869/1976/1670
f 1868/1974/1668 1561/1977/1671 1870/1978/1672
f 1869/1976/1670 1554/1979/1673 1853/1925/1620
f 1870/1980/1672 1562/1952/1646 1857/1981/1674
f 1889/1982/1675 1593/1983/1676 1890/1984/1677
f 1837/1985/1639 1567/1986/1678 1838/1987/1639
f 1840/1988/1639 1581/1989/1679 1582/1990/1680
f 1836/1945/1639 1575/1991/1681 1841/1992/1639
f 1838/1987/1639 1568/1993/1682 1842/1994/1639
f 1843/1995/1639 1582/1990/1680 1566/1996/1683
f 1841/1992/1639 1576/1997/1684 1844/1998/1639
f 1842/1994/1639 1569/1999/1685 1845/2000/1639
f 1844/1998/1639 1577/2001/1686 1846/2002/1639
f 1847/2003/1639 1569/1999/1685 1570/2004/1687
f 1846/2002/1639 1578/2005/1688 1848/2006/1639
f 1849/2007/1639 1570/2004/1687 1571/2008/1689
f 1848/2006/1639 1579/2009/1690 1850/2010/1639
f 1851/2011/1639 1571/2008/1689 1572/2012/1691
f 1852/2013/1639 1579/2014/1690 1580/2015/1692
f 1835/2016/1639 1572/2012/1691 1573/1946/1640
f 1843/1995/1639 1565/2017/1693 1837/1985/1639
f 1839/2018/1639 1580/2015/1692 1581/1989/1679
f 1594/2019/1694 1611/2020/1695 1612/2021/1696
f 1891/2022/1697 1586/2023/1698 1892/2024/1699
f 1894/2025/1700 1600/2026/1701 1584/2027/1702
f 1890/1984/1677 1594/2019/1694 1895/2028/1703
f 1892/2024/1699 1587/2029/1704 1896/2030/1705
f 1895/2028/1703 1595/2031/1706 1897/2032/1707
f 1896/2030/1705 1588/2033/1708 1898/2034/1709
f 1897/2032/1707 1596/2035/1710 1899/2036/1711
f 1900/2037/1712 1588/2033/1708 1589/2038/1713
f 1899/2036/1711 1597/2039/1714 1901/2040/1715
f 1902/2041/1716 1589/2038/1713 1590/2042/1717
f 1903/2043/1718 1597/2044/1714 1598/2045/1719
f 1904/2046/1720 1590/2042/1717 1591/2047/1721
f 1894/2025/1700 1583/2048/1722 1905/2049/1723
f 1906/2050/1724 1598/2045/1719 1599/2051/1725
f 1889/1982/1675 1591/2047/1721 1592/2052/1726
f 1905/2049/1723 1585/2053/1727 1891/2022/1697
f 1893/2054/1728 1599/2051/1725 1600/2026/1701
f 1871/2055/1729 1631/2056/1730 1872/2057/1664
f 1587/2029/1704 1604/2058/1731 1605/2059/1732
f 1595/2031/1706 1612/2021/1696 1613/2060/1733
f 1587/2029/1704 1606/2061/1734 1588/2033/1708
f 1596/2035/1710 1613/2060/1733 1614/2062/1735
f 1588/2033/1708 1607/2063/1736 1589/2038/1713
f 1596/2035/1710 1615/2064/1737 1597/2039/1714
f 1589/2038/1713 1608/2065/1738 1590/2042/1717
f 1597/2044/1714 1616/2066/1739 1598/2045/1719
f 1590/2042/1717 1609/2067/1740 1591/2047/1721
f 1583/2048/1722 1602/2068/1741 1601/2069/1742
f 1598/2045/1719 1617/2070/1743 1599/2051/1725
f 1591/2047/1721 1610/2071/1744 1592/2052/1726
f 1585/2053/1727 1601/2069/1742 1603/2072/1745
f 1599/2051/1725 1618/2073/1746 1600/2026/1701
f 1593/1983/1676 1610/2071/1744 1611/2020/1695
f 1586/2023/1698 1603/2072/1745 1604/2058/1731
f 1600/2026/1701 1602/2068/1741 1584/2027/1702
f 1632/2074/1747 1649/2075/1748 1650/2076/1749
f 1873/2077/1661 1624/2078/1750 1874/2079/1666
f 1872/2057/1664 1632/2074/1747 1875/2080/1668
f 1874/2079/1666 1625/2081/1751 1876/2082/1670
f 1875/2080/1668 1633/2083/1752 1877/2084/1672
f 1876/2082/1670 1626/2085/1753 1878/2086/1620
f 1877/2087/1672 1634/2088/1754 1879/2089/1674
f 1878/2086/1620 1627/2090/1755 1880/2091/1622
f 1882/2092/1642 1620/2093/1756 1619/2094/1757
f 1883/2095/1645 1634/2088/1754 1635/2096/1758
f 1880/2091/1622 1628/2097/1759 1884/2098/1649
f 1885/2099/1650 1619/2094/1757 1621/2100/1760
f 1886/2101/1652 1635/2096/1758 1636/2102/1761
f 1884/2098/1649 1629/2103/1762 1887/2104/1655
f 1888/2105/1656 1621/2100/1760 1622/2106/1763
f 1881/2107/1658 1636/2102/1761 1620/2093/1756
f 1887/2104/1655 1630/2108/1764 1871/2055/1729
f 1873/2077/1661 1622/2106/1763 1623/2109/1765
f 1650/2076/1749 1669/2110/1766 1651/2111/1767
f 1624/2078/1750 1643/2112/1768 1625/2081/1751
f 1632/2074/1747 1651/2111/1767 1633/2083/1752
f 1625/2081/1751 1644/2113/1769 1626/2085/1753
f 1633/2114/1752 1652/2115/1770 1634/2088/1754
f 1626/2085/1753 1645/2116/1771 1627/2090/1755
f 1619/2094/1757 1638/2117/1772 1637/2118/1773
f 1634/2088/1754 1653/2119/1774 1635/2096/1758
f 1627/2090/1755 1646/2120/1775 1628/2097/1759
f 1621/2100/1760 1637/2118/1773 1639/2121/1776
f 1635/2096/1758 1654/2122/1777 1636/2102/1761
f 1629/2103/1762 1646/2120/1775 1647/2123/1778
f 1622/2106/1763 1639/2121/1776 1640/2124/1779
f 1636/2102/1761 1638/2117/1772 1620/2093/1756
f 1630/2108/1764 1647/2123/1778 1648/2125/1780
f 1623/2109/1765 1640/2124/1779 1641/2126/1781
f 1631/2056/1730 1648/2125/1780 1649/2075/1748
f 1623/2109/1765 1642/2127/1782 1624/2078/1750
f 1670/2128/1783 1687/2129/1784 1688/2130/1785
f 1644/2113/1769 1661/2131/1786 1662/2132/1787
f 1652/2115/1770 1669/2133/1766 1670/2128/1783
f 1645/2116/1771 1662/2132/1787 1663/2134/1788
f 1638/2117/1772 1655/2135/1789 1637/2118/1773
f 1653/2119/1774 1670/2128/1783 1671/2136/1790
f 1646/2120/1775 1663/2134/1788 1664/2137/1791
f 1637/2118/1773 1657/2138/1792 1639/2121/1776
f 1654/2122/1777 1671/2136/1790 1672/2139/1793
f 1646/2120/1775 1665/2140/1794 1647/2123/1778
f 1639/2121/1776 1658/2141/1795 1640/2124/1779
f 1638/2117/1772 1672/2139/1793 1656/2142/1796
f 1647/2123/1778 1666/2143/1797 1648/2125/1780
f 1640/2124/1779 1659/2144/1798 1641/2126/1781
f 1648/2125/1780 1667/2145/1799 1649/2075/1748
f 1642/2127/1782 1659/2144/1798 1660/2146/1800
f 1649/2075/1748 1668/2147/1801 1650/2076/1749
f 1643/2112/1768 1660/2146/1800 1661/2131/1786
f 1689/2148/1802 1681/2149/1803 1677/2150/1804
f 1663/2134/1788 1680/2151/1805 1681/2152/1803
f 1656/2142/1796 1673/2153/1806 1655/2135/1789
f 1671/2136/1790 1688/2130/1785 1689/2154/1802
f 1664/2137/1791 1681/2152/1803 1682/2155/1807
f 1655/2135/1789 1675/2156/1808 1657/2138/1792
f 1672/2139/1793 1689/2154/1802 1690/2157/1809
f 1664/2137/1791 1683/2158/1810 1665/2140/1794
f 1657/2138/1792 1676/2159/1811 1658/2141/1795
f 1656/2142/1796 1690/2157/1809 1674/2160/1812
f 1665/2140/1794 1684/2161/1813 1666/2143/1797
f 1658/2141/1795 1677/2162/1804 1659/2144/1798
f 1666/2143/1797 1685/2163/1814 1667/2145/1799
f 1659/2144/1798 1678/2164/1815 1660/2146/1800
f 1667/2145/1799 1686/2165/1816 1668/2147/1801
f 1661/2131/1786 1678/2164/1815 1679/2166/1817
f 1668/2147/1801 1687/2167/1784 1669/2110/1766
f 1662/2132/1787 1679/2166/1817 1680/2151/1805
f 1307/1555/1288 1722/2168/1818 1308/1559/1290
f 1706/1601/1325 1737/2169/1819 1704/1596/1321
f 1306/1551/1286 1721/2170/1820 1307/1555/1288
f 1696/1580/1305 1740/2171/1821 1729/2172/1822
f 1305/1545/1283 1720/2173/1823 1306/1551/1286
f 1691/1606/1330 1727/2174/1824 1742/2175/1825
f 1708/1605/1329 1738/2176/1826 1705/1599/1323
f 1304/1516/1260 1719/2177/1827 1305/1545/1283
f 1693/1607/1331 1728/2178/1828 1743/2179/1829
f 1691/1606/1330 1739/2180/1830 1706/1601/1325
f 1304/1516/1260 1717/2181/1831 1718/2182/1832
f 1696/1580/1305 1744/2183/1833 1695/1578/1303
f 1303/1569/1295 1716/2184/1834 1717/2181/1831
f 1707/1602/1326 1743/2179/1829 1740/2171/1821
f 1692/1535/1277 1730/2185/1835 1727/2174/1824
f 1302/1564/1293 1715/2186/1836 1716/2184/1834
f 1695/1578/1303 1741/2187/1837 1708/1605/1329
f 1694/1575/1300 1731/2188/1838 1728/2178/1828
f 1725/2189/1839 1744/2183/1833 1726/2190/1840
f 1711/2191/1841 1740/2171/1821 1743/2179/1829
f 1717/2181/1831 1742/2175/1825 1718/2182/1832
f 1724/2192/1842 1741/2187/1837 1725/2189/1839
f 1709/2193/1843 1729/2172/1822 1740/2171/1821
f 1716/2184/1834 1739/2180/1830 1717/2181/1831
f 1723/2194/1844 1738/2176/1826 1724/2192/1842
f 1715/2186/1836 1737/2169/1819 1716/2184/1834
f 1723/2195/1844 1734/2196/1845 1736/2197/1846
f 1714/2198/1847 1735/2199/1848 1715/2186/1836
f 1722/2168/1818 1732/2200/1849 1734/2196/1845
f 1714/2198/1847 1731/2188/1838 1733/2201/1850
f 1721/2170/1820 1730/2185/1835 1732/2200/1849
f 1713/2202/1851 1728/2178/1828 1731/2188/1838
f 1720/2173/1823 1727/2174/1824 1730/2185/1835
f 1726/2190/1840 1729/2172/1822 1710/2203/1852
f 1712/2204/1853 1743/2179/1829 1728/2178/1828
f 1719/2177/1827 1742/2175/1825 1727/2174/1824
f 1705/1599/1323 1736/2205/1846 1703/1597/1319
f 1704/1596/1321 1735/2199/1848 1702/1592/1317
f 1308/1559/1290 1723/2195/1844 1309/1562/1292
f 1296/1548/1285 1709/2193/1843 1295/1539/1280
f 1703/1594/1319 1734/2196/1845 1701/1589/1314
f 1310/1567/1294 1723/2194/1844 1724/2192/1842
f 1295/1539/1280 1711/2191/1841 1297/1540/1281
f 1702/1592/1317 1733/2201/1850 1700/1588/1313
f 1311/1571/1296 1724/2192/1842 1725/2189/1839
f 1297/1540/1281 1712/2204/1853 1298/1547/1284
f 1699/1585/1310 1734/2196/1845 1732/2200/1849
f 1312/1542/1282 1725/2189/1839 1726/2190/1840
f 1298/1547/1284 1713/2202/1851 1299/1553/1287
f 1700/1588/1313 1731/2188/1838 1698/1583/1308
f 1296/1548/1285 1726/2190/1840 1710/2203/1852
f 1300/1556/1289 1713/2202/1851 1714/2198/1847
f 1697/1581/1306 1732/2200/1849 1730/2185/1835
f 1301/1560/1291 1714/2198/1847 1715/2186/1836
f 1330/1608/1332 1757/1643/1366 1314/1579/1304
f 1316/1577/1302 1761/1637/1360 1747/1642/1365
f 1323/1537/1279 1760/1636/1359 1745/1641/1364
f 1329/1604/1328 1762/1640/1363 1330/1608/1332
f 1315/1576/1301 1758/1630/1353 1761/1637/1360
f 1321/1600/1324 1760/1636/1359 1322/1536/1278
f 1328/1598/1322 1759/1634/1357 1329/1604/1328
f 1313/1603/1327 1757/1643/1366 1758/1630/1353
f 1320/1595/1320 1756/1629/1352 1321/1600/1324
f 1327/2206/1318 1755/1627/1350 1328/1598/1322
f 1319/1591/1316 1754/1624/1348 1320/1595/1320
f 1326/1590/1315 1753/1622/1346 1327/1593/1318
f 1318/1587/1312 1752/1620/1344 1319/1591/1316
f 1326/1590/1315 1749/1614/1338 1751/1617/1341
f 1317/1584/1309 1750/1616/1340 1318/1587/1312
f 1325/1586/1311 1746/1572/1297 1749/1614/1338
f 1317/1584/1309 1747/1642/1365 1748/1611/1335
f 1324/1582/1307 1745/1641/1364 1746/1572/1297
f 1353/1664/1386 1765/1701/1421 1354/1647/1370
f 1360/1663/1385 1763/1644/1367 1361/1609/1333
f 1352/1662/1384 1780/1699/1419 1353/1664/1386
f 1359/1661/1383 1779/1697/1417 1360/1663/1385
f 1350/1655/1377 1776/1689/1409 1771/1680/1400
f 1351/1659/1381 1778/1694/1414 1352/1662/1384
f 1358/1658/1380 1777/1692/1412 1359/1661/1383
f 1366/1660/1382 1773/1683/1403 1776/1689/1409
f 1349/1656/1378 1775/1688/1408 1351/1659/1381
f 1358/1658/1380 1770/1678/1398 1774/1685/1405
f 1365/1657/1379 1769/1675/1396 1773/1683/1403
f 1350/1655/1377 1772/1682/1402 1349/1656/1378
f 1357/1654/1376 1768/1673/1394 1770/1678/1398
f 1364/1653/1375 1767/2207/1393 1769/1675/1396
f 1356/1651/1374 1766/1668/1390 1768/1673/1394
f 1363/1650/1373 1764/1646/1369 1767/1671/1393
f 1355/1649/1372 1765/1701/1421 1766/1668/1390
f 1361/1609/1333 1764/1646/1369 1362/1648/1371
f 1392/1706/1425 1798/1769/1471 1783/1773/1474
f 1399/1667/1389 1797/1768/1470 1781/1772/1473
f 1391/1738/1440 1796/1766/1468 1798/1769/1471
f 1397/1734/1438 1797/1768/1470 1398/1666/1388
f 1390/1735/1439 1794/1762/1464 1796/1766/1468
f 1396/1730/1436 1795/1764/1466 1397/1734/1438
f 1388/1727/1435 1794/1762/1464 1389/1732/1437
f 1395/1725/1434 1793/1760/1462 1396/1730/1436
f 1386/1714/1428 1790/1753/1455 1785/1745/1447
f 1387/1721/1432 1792/1758/1460 1388/1727/1435
f 1394/1718/1431 1791/1756/1458 1395/1725/1434
f 1402/1722/1433 1787/1747/1449 1790/1753/1455
f 1385/1715/1429 1789/1752/1454 1387/1721/1432
f 1394/1718/1431 1784/1742/1444 1788/1749/1451
f 1401/1716/1430 1782/1702/1422 1787/1747/1449
f 1386/1714/1428 1786/1746/1448 1385/1715/1429
f 1393/1711/1427 1783/1773/1474 1784/1742/1444
f 1400/1709/1426 1781/2208/1473 1782/1702/1422
f 1468/1818/1517 1816/1865/1562 1801/1869/1566
f 1474/1816/1515 1810/1868/1565 1458/1817/1516
f 1460/1795/1495 1814/1861/1558 1799/1867/1564
f 1467/1832/1530 1813/1860/1557 1816/1865/1562
f 1473/1830/1528 1815/1864/1561 1474/1816/1515
f 1459/1794/1494 1811/1854/1551 1814/1861/1558
f 1465/1828/1526 1813/1860/1557 1466/1831/1529
f 1472/1827/1525 1812/1858/1555 1473/1830/1528
f 1457/1829/1527 1810/1868/1565 1811/1854/1551
f 1464/1825/1524 1809/1853/1550 1465/1828/1526
f 1471/1826/1523 1808/1851/1548 1472/1827/1525
f 1463/1823/1522 1807/1848/1546 1464/1825/1524
f 1470/1822/1521 1806/1845/1543 1471/1824/1523
f 1462/1821/1520 1805/1844/1542 1463/1823/1522
f 1470/1822/1521 1802/1836/1534 1804/1841/1539
f 1461/1819/1518 1803/1840/1538 1462/1821/1520
f 1469/1820/1519 1801/1869/1566 1802/1836/1534
f 1461/1819/1518 1799/1867/1564 1800/1813/1512
f 1486/1837/1535 1819/1872/1569 1487/1838/1536
f 1478/1814/1513 1817/1903/1599 1479/1815/1514
f 1485/1866/1563 1834/1902/1598 1486/1837/1535
f 1476/1855/1552 1831/1894/1590 1826/1885/1581
f 1477/1862/1559 1833/1899/1595 1478/1814/1513
f 1484/1859/1556 1832/1897/1593 1485/1866/1563
f 1492/1863/1560 1828/1888/1584 1831/1894/1590
f 1475/1856/1553 1830/1893/1589 1477/1862/1559
f 1484/1859/1556 1825/1883/1579 1829/1890/1586
f 1491/1857/1554 1824/1880/1577 1828/1888/1584
f 1476/1855/1552 1827/1887/1583 1475/1856/1553
f 1483/1852/1549 1823/1878/1575 1825/1883/1579
f 1490/1850/1547 1822/2209/1574 1824/1880/1577
f 1482/1847/1545 1821/1875/1572 1823/1878/1575
f 1488/1842/1540 1822/1877/1574 1489/1846/1544
f 1481/1843/1541 1818/1833/1531 1821/1875/1572
f 1487/1838/1536 1820/1874/1571 1488/1842/1540
f 1479/1815/1514 1818/1833/1531 1480/1839/1537
f 1563/1953/1647 1852/2013/1639 1839/2018/1639
f 1548/1949/1643 1837/1985/1639 1547/1950/1644
f 1555/1926/1621 1851/2011/1639 1835/2016/1639
f 1562/1952/1646 1850/2210/1639 1852/2013/1639
f 1554/1979/1673 1849/2007/1639 1851/2011/1639
f 1560/1973/1667 1850/2010/1639 1561/1977/1671
f 1553/1975/1669 1847/2003/1639 1849/2007/1639
f 1559/1969/1663 1848/2006/1639 1560/1973/1667
f 1551/1968/1662 1847/2003/1639 1552/1971/1665
f 1558/1965/1659 1846/2002/1639 1559/1969/1663
f 1550/1963/1657 1845/2000/1639 1551/1968/1662
f 1557/1960/1654 1844/1998/1639 1558/1965/1659
f 1548/1949/1643 1840/1988/1639 1843/1995/1639
f 1549/1957/1651 1842/1994/1639 1550/1963/1657
f 1556/1954/1648 1841/1992/1639 1557/1960/1654
f 1564/1959/1653 1839/2018/1639 1840/1988/1639
f 1547/1950/1644 1838/1987/1639 1549/1957/1651
f 1556/1954/1648 1835/2016/1639 1836/1945/1639
f 1544/1929/1624 1870/1980/1672 1857/1981/1674
f 1535/1906/1602 1853/1925/1620 1536/1907/1603
f 1542/1943/1638 1870/1978/1672 1543/1944/1623
f 1534/1942/1637 1869/1976/1670 1535/1906/1602
f 1541/1941/1636 1868/1974/1668 1542/1943/1638
f 1533/1940/1635 1867/1972/1666 1534/1942/1637
f 1540/1939/1634 1866/1970/1664 1541/1941/1636
f 1533/1940/1635 1863/1962/1656 1865/1967/1661
f 1539/1936/1631 1864/1966/1660 1540/1939/1634
f 1530/1938/1633 1861/1958/1652 1855/1964/1658
f 1532/1937/1632 1860/1956/1650 1863/1962/1656
f 1538/1933/1628 1862/1961/1655 1539/1936/1631
f 1546/1935/1630 1858/1951/1645 1861/1958/1652
f 1531/1934/1629 1856/1948/1642 1860/1956/1650
f 1537/1930/1625 1859/1955/1649 1538/1933/1628
f 1545/1932/1627 1857/1981/1674 1858/1951/1645
f 1529/1931/1626 1855/1964/1658 1856/1948/1642
f 1536/1907/1603 1854/1927/1622 1537/1930/1625
f 1605/2059/1732 1888/2105/1656 1873/2077/1661
f 1611/2020/1695 1871/2055/1729 1612/2021/1696
f 1602/2068/1741 1886/2101/1652 1881/2107/1658
f 1604/2058/1731 1885/2099/1650 1888/2105/1656
f 1610/2071/1744 1887/2104/1655 1611/2020/1695
f 1618/2073/1746 1883/2095/1645 1886/2101/1652
f 1603/2072/1745 1882/2092/1642 1885/2099/1650
f 1609/2067/1740 1884/2098/1649 1610/2071/1744
f 1617/2070/1743 1879/2089/1674 1883/2095/1645
f 1601/2069/1742 1881/2107/1658 1882/2092/1642
f 1608/2065/1738 1880/2091/1622 1609/2067/1740
f 1616/2066/1739 1877/2087/1672 1879/2089/1674
f 1607/2063/1736 1878/2086/1620 1608/2065/1738
f 1614/2062/1735 1877/2084/1672 1615/2064/1737
f 1606/2061/1734 1876/2082/1670 1607/2063/1736
f 1613/2060/1733 1875/2080/1668 1614/2062/1735
f 1605/2059/1732 1874/2079/1666 1606/2061/1734
f 1612/2021/1696 1872/2057/1664 1613/2060/1733
f 1121/2211/1102 1137/2212/1117 1145/2213/1124
f 1582/2214/1680 1906/2050/1724 1893/2054/1728
f 1565/2215/1693 1891/2022/1697 1567/2216/1678
f 1574/2217/1641 1904/2046/1720 1889/1982/1675
f 1581/2218/1679 1903/2043/1718 1906/2050/1724
f 1566/2219/1683 1905/2049/1723 1565/2215/1693
f 1573/2220/1640 1902/2041/1716 1904/2046/1720
f 1580/2221/1692 1901/2222/1715 1903/2043/1718
f 1572/2223/1691 1900/2037/1712 1902/2041/1716
f 1579/2224/1690 1899/2036/1711 1901/2040/1715
f 1571/2225/1689 1898/2034/1709 1900/2037/1712
f 1577/2226/1686 1899/2036/1711 1578/2227/1688
f 1570/2228/1687 1896/2030/1705 1898/2034/1709
f 1576/2229/1684 1897/2032/1707 1577/2226/1686
f 1568/2230/1682 1896/2030/1705 1569/2231/1685
f 1575/2232/1681 1895/2028/1703 1576/2229/1684
f 1566/2219/1683 1893/2054/1728 1894/2025/1700
f 1567/2216/1678 1892/2024/1699 1568/2230/1682
f 1574/2217/1641 1890/1984/1677 1575/2232/1681
f 2/1/1 4/4/4 3/2/2
f 4/4/4 6/6/6 5/5/5
f 6/6/6 8/8/8 7/7/7
f 8/8/8 10/55/51 9/9/9
f 9/9/9 10/55/51 12/10/10
f 11/11/11 12/10/10 14/12/12
f 14/12/12 16/43/40 15/14/14
f 15/14/14 16/43/40 18/15/15
f 17/16/16 18/15/15 20/17/17
f 19/18/18 20/17/17 22/19/19
f 21/20/20 22/19/19 24/21/21
f 23/22/22 24/21/21 26/23/23
f 25/24/24 26/23/23 28/25/25
f 28/25/25 30/28/28 29/27/27
f 30/28/28 32/30/30 31/29/29
f 32/30/30 30/28/28 51/31/31
f 32/30/30 34/34/34 33/33/33
f 34/34/34 36/59/55 35/35/35
f 35/2233/35 1/2234/3 3/2235/2
f 3/2235/2 5/2236/5 7/36/7
f 7/36/7 9/2237/9 11/2238/11
f 11/2238/11 13/2239/13 15/2240/14
f 15/2240/14 17/2241/16 19/2242/18
f 19/2242/18 21/2243/20 23/37/22
f 23/37/22 25/2244/24 27/2245/26
f 27/2245/26 29/2246/27 31/38/29
f 31/38/29 33/2247/33 35/2233/35
f 35/2233/35 3/2235/2 7/36/7
f 7/36/7 11/2238/11 15/2240/14
f 15/2240/14 19/2242/18 23/37/22
f 23/37/22 27/2245/26 31/38/29
f 31/38/29 35/2233/35 7/36/7
f 7/36/7 15/2240/14 23/37/22
f 43/39/36 42/60/56 60/40/37
f 6/6/6 39/57/53 40/42/39
f 16/43/40 44/58/54 45/44/41
f 2/1/1 38/2248/46 37/45/42
f 28/25/25 26/23/23 49/46/43
f 2/48/1 36/59/55 54/49/45
f 12/10/10 42/60/56 43/39/36
f 24/21/21 22/19/19 47/51/47
f 34/34/34 32/30/30 52/32/32
f 8/8/8 40/42/39 41/54/50
f 18/15/15 45/44/41 46/56/52
f 30/28/28 28/25/25 50/47/44
f 4/4/4 37/45/42 39/57/53
f 14/12/12 43/39/36 44/58/54
f 26/23/23 24/21/21 48/52/48
f 36/59/55 34/34/34 53/53/49
f 10/55/51 41/54/50 42/60/56
f 22/19/19 20/17/17 46/56/52
f 50/47/44 68/77/72 69/61/57
f 44/58/54 43/39/36 61/41/38
f 51/31/31 69/61/57 70/63/59
f 45/44/41 44/58/54 62/62/58
f 37/45/42 38/2248/46 56/65/61
f 52/32/32 70/63/59 71/67/63
f 46/56/52 45/44/41 63/64/60
f 39/57/53 37/45/42 55/66/62
f 53/53/49 71/67/63 72/70/66
f 46/56/52 64/68/64 65/71/67
f 40/42/39 39/57/53 57/69/65
f 54/49/45 72/70/66 56/73/61
f 47/51/47 65/71/67 66/74/69
f 41/54/50 40/42/39 58/72/68
f 48/52/48 66/74/69 67/76/71
f 42/60/56 41/54/50 59/75/70
f 49/46/43 67/76/71 68/77/72
f 57/2249/65 55/2250/62 56/2251/61
f 56/2251/61 72/2252/66 71/78/63
f 71/78/63 70/2253/59 69/2254/57
f 69/2254/57 68/2255/72 67/2256/71
f 67/2256/71 66/2257/69 65/2258/67
f 65/2258/67 64/2259/64 63/79/60
f 63/79/60 62/2260/58 61/2261/38
f 61/2261/38 60/2262/37 59/80/70
f 59/80/70 58/2263/68 57/2249/65
f 57/2249/65 56/2251/61 71/78/63
f 71/78/63 69/2254/57 67/2256/71
f 67/2256/71 65/2258/67 63/79/60
f 63/79/60 61/2261/38 59/80/70
f 59/80/70 57/2249/65 71/78/63
f 71/78/63 67/2256/71 63/79/60
f 36/59/55 2/48/1 1/81/3
f 123/82/73 105/92/83 108/83/74
f 125/85/76 122/93/84 104/86/77
f 121/88/79 103/96/87 106/89/80
f 120/91/82 102/98/89 105/92/83
f 122/93/84 111/116/106 93/94/85
f 119/95/86 101/100/91 103/96/87
f 118/97/88 100/102/93 102/98/89
f 117/99/90 99/104/95 101/100/91
f 116/101/92 98/106/97 100/102/93
f 115/103/94 97/108/99 99/104/95
f 116/101/92 114/109/100 96/105/96
f 113/107/98 95/212/103 97/108/99
f 114/109/100 112/114/104 94/110/101
f 113/111/98 110/117/107 92/112/102
f 112/114/104 109/118/108 91/115/105
f 126/84/75 108/83/74 93/94/85
f 110/117/107 125/85/76 107/87/78
f 109/118/108 124/90/81 106/89/80
f 82/119/109 124/153/81 109/120/108
f 76/122/111 75/154/125 125/123/76
f 74/125/112 90/155/126 126/126/75
f 84/128/113 83/121/110 109/120/108
f 76/122/111 110/124/107 113/130/98
f 84/128/113 112/129/104 114/132/100
f 77/134/114 113/2264/98 115/135/94
f 85/133/115 114/132/100 116/137/92
f 79/139/118 78/136/116 115/135/94
f 86/138/117 116/137/92 118/141/88
f 80/143/120 79/139/118 117/140/90
f 88/145/121 87/142/119 118/141/88
f 81/147/122 80/143/120 119/144/86
f 74/125/112 111/127/106 122/149/84
f 89/151/124 88/145/121 120/146/82
f 82/119/109 81/147/122 121/148/79
f 73/150/123 122/149/84 125/123/76
f 90/155/126 89/151/124 123/152/73
f 164/156/127 165/188/158 166/157/128
f 163/159/130 167/167/138 158/160/131
f 160/162/133 161/209/178 168/163/134
f 159/158/129 166/157/128 169/165/136
f 167/167/138 170/210/179 147/168/139
f 157/164/135 168/163/134 171/169/140
f 156/166/137 169/165/136 172/171/142
f 155/170/141 171/169/140 173/173/144
f 154/172/143 172/171/142 174/175/146
f 153/174/145 173/173/144 175/177/148
f 174/175/146 176/181/152 150/179/150
f 175/177/148 177/211/154 149/180/151
f 176/181/152 178/186/156 148/182/153
f 177/183/154 179/213/180 146/184/155
f 178/186/156 180/189/159 145/187/157
f 147/168/139 170/210/179 165/188/158
f 146/184/155 179/213/180 163/159/130
f 180/189/159 161/209/178 160/162/133
f 137/190/160 145/187/157 160/162/133
f 130/192/162 146/184/155 162/161/132
f 147/168/139 164/156/127 144/194/164
f 138/196/166 148/182/153 145/187/157
f 131/197/167 149/185/151 146/184/155
f 139/198/168 150/179/150 148/182/153
f 151/178/149 149/180/151 131/199/167
f 140/201/170 152/176/147 150/179/150
f 153/174/145 151/178/149 132/200/169
f 141/203/172 154/172/143 152/176/147
f 155/170/141 153/174/145 133/202/171
f 156/166/137 154/172/143 141/203/172
f 157/164/135 155/170/141 134/204/173
f 127/207/176 158/160/131 147/168/139
f 159/158/129 156/166/137 142/205/174
f 160/162/133 157/164/135 135/206/175
f 129/193/163 162/161/132 158/160/131
f 164/156/127 159/158/129 143/208/177
f 102/98/89 169/165/136 166/157/128
f 161/209/178 180/189/159 91/115/105
f 141/203/172 140/201/170 86/138/117
f 170/210/179 167/167/138 104/86/77
f 73/150/123 127/207/176 128/195/165
f 142/205/174 141/203/172 87/142/119
f 101/100/91 171/169/140 168/163/134
f 75/154/125 129/193/163 127/207/176
f 143/208/177 142/205/174 88/145/121
f 100/102/93 172/171/142 169/165/136
f 76/122/111 130/192/162 129/193/163
f 144/194/164 143/208/177 89/151/124
f 99/104/95 173/173/144 171/169/140
f 77/131/114 131/197/167 130/192/162
f 128/195/165 144/194/164 90/155/126
f 174/175/146 172/171/142 100/102/93
f 132/200/169 131/199/167 77/134/114
f 97/108/99 175/177/148 173/173/144
f 133/202/171 132/200/169 78/136/116
f 176/181/152 174/175/146 98/106/97
f 134/204/173 133/202/171 79/139/118
f 177/211/154 175/177/148 97/108/99
f 135/206/175 134/204/173 80/143/120
f 178/186/156 176/181/152 96/105/96
f 136/191/161 135/206/175 81/147/122
f 179/213/180 177/183/154 95/113/103
f 83/121/110 137/190/160 136/191/161
f 105/92/83 166/157/128 165/188/158
f 180/189/159 178/186/156 94/110/101
f 84/128/113 138/196/166 137/190/160
f 167/167/138 163/159/130 107/87/78
f 108/83/74 165/188/158 170/210/179
f 85/133/115 139/198/168 138/196/166
f 103/96/87 168/163/134 161/209/178
f 163/159/130 179/213/180 92/112/102
f 86/138/117 140/201/170 139/198/168
f 216/214/181 213/223/190 231/215/182
f 233/217/184 215/246/212 212/218/185
f 232/220/187 214/339/285 211/221/188
f 213/223/190 210/227/194 228/224/191
f 212/218/185 201/340/286 219/225/192
f 211/221/188 209/229/196 227/226/193
f 210/227/194 208/341/198 226/228/195
f 209/229/196 207/234/200 225/230/197
f 208/231/198 206/342/287 224/232/199
f 207/234/200 205/238/204 223/235/201
f 224/232/199 206/342/287 204/236/202
f 205/238/204 203/343/288 221/239/205
f 222/237/203 204/236/202 202/240/206
f 221/239/205 203/343/288 200/242/208
f 220/241/207 202/240/206 199/244/210
f 219/225/192 201/340/286 216/214/181
f 218/243/209 200/242/208 215/246/212
f 199/244/210 214/339/285 232/220/187
f 217/247/211 232/2265/187 190/248/213
f 218/250/209 233/281/184 183/251/215
f 182/253/217 219/2266/192 234/254/183
f 220/256/207 217/247/211 191/249/214
f 221/258/205 218/250/209 184/252/216
f 222/260/203 220/256/207 192/257/219
f 186/262/222 223/266/201 221/258/205
f 224/263/199 222/260/203 193/261/221
f 187/265/224 225/270/197 223/266/201
f 226/267/195 224/263/199 194/264/223
f 188/269/226 227/275/193 225/270/197
f 196/271/227 228/279/191 226/272/195
f 189/274/228 229/280/189 227/275/193
f 230/276/186 219/2266/192 182/253/217
f 197/278/230 231/282/182 228/279/191
f 190/248/213 232/2265/187 229/280/189
f 233/281/184 230/276/186 181/277/229
f 198/255/218 234/254/183 231/282/182
f 272/283/231 267/292/240 274/284/232
f 266/286/234 275/295/243 271/287/235
f 265/289/237 276/297/245 269/290/238
f 267/292/240 264/298/246 277/293/241
f 266/286/234 255/317/264 278/294/242
f 265/289/237 263/300/248 279/296/244
f 264/298/246 262/2267/251 280/299/247
f 263/300/248 261/305/252 281/301/249
f 260/302/250 282/308/255 280/303/247
f 261/305/252 259/309/256 283/306/253
f 258/307/254 284/312/259 282/308/255
f 259/309/256 257/314/261 285/310/257
f 256/311/258 286/316/263 284/312/259
f 254/313/260 287/318/265 285/310/257
f 253/315/262 288/319/266 286/316/263
f 272/283/231 273/285/233 278/294/242
f 270/288/236 271/287/235 287/318/265
f 268/291/239 269/290/238 288/319/266
f 244/320/267 268/291/239 253/315/262
f 238/322/269 237/337/283 270/288/236
f 236/323/270 252/338/284 272/283/231
f 246/324/271 245/321/268 253/315/262
f 239/325/272 238/322/269 254/313/260
f 247/326/273 246/324/271 256/311/258
f 239/325/272 257/314/261 259/309/256
f 248/328/275 247/326/273 258/307/254
f 240/327/274 259/309/256 261/305/252
f 249/330/277 248/328/275 260/302/250
f 241/329/276 261/305/252 263/300/248
f 249/332/277 262/2267/251 264/298/246
f 242/331/278 263/300/248 265/289/237
f 236/323/270 255/317/264 266/286/234
f 250/333/279 264/298/246 267/292/240
f 244/320/267 243/334/280 265/289/237
f 237/337/283 235/335/281 266/286/234
f 251/336/282 267/292/240 272/283/231
f 210/227/194 213/223/190 274/284/232
f 214/339/285 199/244/210 288/319/266
f 195/268/225 194/264/223 248/328/275
f 201/340/286 212/218/185 275/295/243
f 182/253/217 236/323/270 235/335/281
f 195/273/225 249/332/277 250/333/279
f 209/229/196 211/221/188 276/297/245
f 183/251/215 181/277/229 235/335/281
f 196/271/227 250/333/279 251/336/282
f 208/341/198 210/227/194 277/293/241
f 184/252/216 183/251/215 237/337/283
f 197/278/230 251/336/282 252/338/284
f 207/234/200 209/229/196 279/296/244
f 185/259/220 184/252/216 238/322/269
f 182/253/217 198/255/218 252/338/284
f 208/231/198 280/303/247 282/308/255
f 185/259/220 239/325/272 240/327/274
f 205/238/204 207/234/200 281/301/249
f 186/262/222 240/327/274 241/329/276
f 206/342/287 282/308/255 284/312/259
f 187/265/224 241/329/276 242/331/278
f 203/343/288 205/238/204 283/306/253
f 188/269/226 242/331/278 243/334/280
f 204/236/202 284/312/259 286/316/263
f 190/248/213 189/274/228 243/334/280
f 203/343/288 285/310/257 287/318/265
f 190/248/213 244/320/267 245/321/268
f 213/223/190 216/214/181 273/285/233
f 202/240/206 286/316/263 288/319/266
f 192/257/219 191/249/214 245/321/268
f 215/246/212 271/287/235 275/295/243
f 201/340/286 278/294/242 273/285/233
f 193/261/221 192/257/219 246/324/271
f 214/339/285 269/290/238 276/297/245
f 200/242/208 287/318/265 271/287/235
f 194/264/223 193/261/221 247/326/273
f 398/344/289 399/347/292 393/345/290
f 399/347/292 400/478/410 394/348/293
f 349/349/294 343/382/327 348/350/295
f 339/352/297 340/418/361 334/353/298
f 396/355/300 402/469/402 397/356/301
f 331/358/303 325/378/323 330/359/304
f 362/361/306 368/368/313 369/362/307
f 342/364/309 336/360/305 335/365/310
f 375/367/312 369/362/307 368/368/313
f 365/370/315 366/466/399 360/371/316
f 376/373/318 382/403/348 383/374/319
f 326/376/321 320/456/391 319/377/322
f 310/379/324 311/401/346 305/380/325
f 343/382/327 349/349/294 350/383/328
f 343/382/327 337/391/336 342/364/309
f 357/385/330 351/432/371 350/383/328
f 427/387/332 433/585/506 438/388/333
f 338/390/335 332/426/369 331/358/303
f 363/363/308 369/362/307 370/392/337
f 301/394/339 306/435/374 312/395/340
f 369/362/307 375/367/312 376/373/318
f 316/397/342 310/379/324 309/398/343
f 310/379/324 316/397/342 317/400/345
f 387/402/347 388/406/351 382/403/348
f 389/405/350 383/374/319 382/403/348
f 333/354/299 334/353/298 328/407/352
f 359/409/317 353/471/400 352/410/354
f 347/412/356 353/467/400 354/351/296
f 334/353/298 335/615/310 329/413/357
f 393/345/290 394/348/293 388/406/351
f 395/414/358 389/405/350 388/406/351
f 391/357/302 392/346/291 386/415/359
f 347/417/356 341/616/311 340/418/361
f 296/420/363 297/439/376 291/421/364
f 392/346/291 393/345/290 387/402/347
f 378/423/366 373/462/395 367/424/367
f 338/390/335 339/352/297 333/354/299
f 396/355/300 390/450/386 389/427/350
f 317/429/345 318/454/389 312/395/340
f 345/431/370 344/384/329 350/383/328
f 386/415/359 380/434/373 379/433/372
f 386/415/359 387/402/347 381/404/349
f 351/432/371 352/410/354 346/419/362
f 332/426/369 333/354/299 327/408/353
f 311/430/346 312/395/340 306/435/374
f 377/375/320 371/2268/375 370/392/337
f 377/437/320 378/423/366 372/425/368
f 356/386/331 362/361/306 363/363/308
f 297/439/376 303/443/380 304/381/326
f 298/440/377 304/381/326 305/380/325
f 295/442/379 300/447/384 306/435/374
f 358/411/355 352/410/354 351/432/371
f 303/443/380 297/439/376 296/420/363
f 323/445/382 329/453/357 330/359/304
f 307/396/341 308/461/394 302/444/381
f 331/358/303 332/426/369 326/376/321
f 305/436/325 306/435/374 300/447/384
f 385/416/360 379/433/372 384/449/385
f 329/413/357 323/2269/382 322/451/387
f 327/408/353 328/407/352 322/451/387
f 397/356/301 398/344/289 392/346/291
f 336/360/305 330/359/304 329/453/357
f 319/377/322 313/455/390 318/454/389
f 344/384/329 338/390/335 337/391/336
f 313/455/390 319/377/322 320/456/391
f 365/458/315 359/409/317 358/411/355
f 316/397/342 315/399/344 321/452/388
f 390/450/386 384/449/385 383/459/319
f 322/451/387 323/2269/382 317/400/345
f 360/371/316 355/460/393 349/349/294
f 325/378/323 319/377/322 324/446/383
f 320/456/391 321/452/388 315/399/344
f 355/460/393 356/386/331 350/383/328
f 307/396/341 313/455/390 314/457/392
f 380/434/373 374/369/314 373/462/395
f 309/398/343 303/443/380 302/444/381
f 383/459/319 384/449/385 378/423/366
f 326/376/321 327/408/353 321/452/388
f 384/449/385 379/433/372 373/462/395
f 345/431/370 346/419/362 340/418/361
f 375/367/312 381/404/349 382/403/348
f 294/463/396 300/447/384 295/442/379
f 394/348/293 400/478/410 401/465/398
f 324/446/383 318/454/389 317/429/345
f 366/466/399 361/472/404 355/460/393
f 310/379/324 304/381/326 303/443/380
f 359/372/317 360/371/316 354/351/296
f 299/441/378 293/2270/403 292/468/401
f 295/442/379 296/420/363 290/422/365
f 355/460/393 361/472/404 362/361/306
f 395/428/358 401/2271/398 402/469/402
f 315/399/344 309/398/343 308/461/394
f 293/470/403 299/448/378 300/447/384
f 353/471/400 347/417/356 346/419/362
f 297/439/376 298/440/377 292/468/401
f 344/384/329 345/431/370 339/352/297
f 372/425/368 367/424/367 361/472/404
f 367/424/367 368/368/313 362/361/306
f 357/385/330 363/363/308 364/393/338
f 371/438/375 372/425/368 366/466/399
f 370/392/337 371/2268/375 365/458/315
f 373/462/395 374/369/314 368/368/313
f 348/350/295 342/364/309 341/366/311
f 381/404/349 375/367/312 374/369/314
f 390/450/386 396/355/300 391/357/302
f 397/356/301 402/469/402 408/473/405
f 397/356/301 403/474/406 404/475/407
f 398/344/289 404/475/407 405/476/408
f 399/347/292 405/476/408 406/477/409
f 401/465/398 400/478/410 406/477/409
f 402/469/402 401/2271/398 407/480/411
f 456/481/412 451/523/452 457/482/413
f 518/484/415 512/547/475 513/485/416
f 514/487/418 520/598/516 519/486/417
f 453/488/419 459/500/429 458/489/420
f 455/491/422 456/481/412 462/483/414
f 517/493/424 522/602/520 516/494/425
f 461/496/423 460/511/440 454/497/427
f 464/499/428 458/489/420 459/500/429
f 446/502/431 445/561/486 439/503/432
f 489/505/434 488/516/445 482/506/435
f 477/508/437 476/527/456 470/509/438
f 460/511/440 461/496/423 467/512/441
f 463/514/443 457/482/413 458/489/420
f 495/515/444 494/595/513 488/516/445
f 480/517/446 486/567/491 485/518/447
f 497/520/449 503/538/467 502/521/450
f 451/523/452 445/561/486 446/502/431
f 430/524/453 424/571/495 425/525/454
f 465/501/430 471/510/439 470/509/438
f 483/507/436 482/506/435 476/527/456
f 459/500/429 453/488/419 454/497/427
f 490/528/457 489/505/434 483/507/436
f 421/530/459 427/387/332 432/389/334
f 496/522/451 495/515/444 489/505/434
f 436/532/461 435/587/508 429/533/462
f 437/534/463 436/532/461 430/524/453
f 507/535/464 501/564/489 502/521/450
f 509/537/466 508/536/465 502/521/450
f 453/488/419 447/556/484 448/539/468
f 478/540/469 472/2272/1854 473/541/470
f 469/543/471 474/599/517 468/544/472
f 449/545/473 455/498/422 454/497/427
f 513/485/416 507/535/464 508/536/465
f 514/487/418 508/536/465 509/537/466
f 512/547/475 511/495/426 505/548/476
f 411/550/478 417/570/494 416/551/479
f 512/547/475 506/549/477 507/535/464
f 487/553/481 493/594/512 498/554/482
f 452/490/421 446/502/431 447/556/484
f 516/494/425 515/603/474 509/557/466
f 432/389/334 438/388/333 437/559/463
f 445/561/486 450/592/511 444/562/487
f 505/548/476 499/583/505 500/563/488
f 501/564/489 507/535/464 506/549/477
f 466/513/442 472/2272/1854 471/510/439
f 431/560/455 425/580/454 426/531/460
f 496/522/451 490/528/457 491/565/490
f 497/566/449 491/605/490 492/555/483
f 486/567/491 480/517/446 475/568/492
f 473/541/470 472/2272/1854 466/513/442
f 417/570/494 418/573/497 424/571/495
f 464/499/428 470/509/438 469/543/471
f 425/525/454 424/571/495 418/573/497
f 415/575/499 421/530/459 426/531/460
f 441/577/501 447/556/484 446/502/431
f 416/551/479 417/570/494 423/572/496
f 428/579/503 427/387/332 421/530/459
f 420/576/500 426/531/460 425/580/454
f 505/548/476 510/558/485 504/582/504
f 518/484/415 517/493/424 511/495/426
f 477/508/437 478/540/469 484/529/458
f 485/584/447 484/529/458 478/540/469
f 482/506/435 481/569/493 475/568/492
f 439/503/432 444/562/487 438/388/333
f 452/490/421 458/489/420 457/482/413
f 440/504/433 439/503/432 433/585/506
f 468/544/472 467/606/441 461/492/423
f 436/532/461 442/589/509 441/577/501
f 510/558/485 509/557/466 503/588/467
f 442/589/509 436/532/461 437/534/463
f 443/590/510 449/545/473 448/539/468
f 443/591/510 444/562/487 450/592/511
f 435/587/508 441/577/501 440/504/433
f 470/509/438 476/527/456 475/568/492
f 428/579/503 434/586/507 433/585/506
f 500/563/488 499/583/505 493/594/512
f 429/533/462 428/579/503 422/578/502
f 503/588/467 497/566/449 498/554/482
f 504/582/504 498/554/482 493/594/512
f 502/521/450 501/564/489 495/515/444
f 415/575/499 420/576/500 414/596/514
f 515/546/474 521/612/525 520/598/516
f 444/562/487 443/591/510 437/559/463
f 469/543/471 475/568/492 480/517/446
f 471/510/439 472/2272/1854 478/540/469
f 430/524/453 429/533/462 423/572/496
f 460/511/440 466/513/442 465/501/430
f 419/574/498 418/573/497 412/600/518
f 456/481/412 455/491/422 449/593/473
f 415/575/499 409/597/515 410/552/480
f 462/483/414 457/482/413 463/514/443
f 522/602/520 521/614/525 515/603/474
f 435/587/508 434/586/507 428/579/503
f 420/576/500 419/581/498 413/604/519
f 417/570/494 411/550/478 412/600/518
f 479/519/448 473/607/470 474/599/517
f 492/555/483 486/567/491 481/569/493
f 451/523/452 456/481/412 450/592/511
f 488/516/445 487/553/481 481/569/493
f 486/567/491 492/555/483 491/605/490
f 491/565/490 490/528/457 484/529/458
f 494/595/513 493/594/512 487/553/481
f 467/606/441 468/544/472 474/599/517
f 501/564/489 500/563/488 494/595/513
f 511/495/426 516/494/425 510/558/485
f 517/493/424 523/2273/1855 528/608/521
f 524/609/522 523/2273/1855 517/493/424
f 525/610/523 524/609/522 518/484/415
f 526/611/524 525/610/523 519/486/417
f 521/612/525 527/2274/526 526/611/524
f 522/602/520 528/608/521 527/613/526
f 336/360/305 342/364/309 337/391/336
f 421/530/459 415/575/499 416/551/479
f 301/394/339 302/444/381 296/420/363
f 318/454/389 313/455/390 307/396/341
f 447/556/484 441/577/501 442/589/509
f 335/615/310 334/353/298 340/418/361
f 545/617/527 536/2275/553 535/618/528
f 530/620/530 529/2276/552 544/621/531
f 538/623/533 540/644/551 550/624/534
f 537/626/536 539/641/550 554/627/537
f 532/629/539 543/666/542 541/630/540
f 543/632/542 542/658/532 556/633/543
f 548/635/545 546/664/554 533/636/546
f 547/638/529 546/661/554 552/639/548
f 549/640/549 552/639/548 539/641/550
f 551/625/535 550/624/534 548/642/545
f 553/634/544 556/633/543 540/644/551
f 555/628/538 554/627/537 544/645/531
f 541/646/540 544/645/531 529/647/552
f 536/649/553 534/660/547 533/650/546
f 550/652/534 540/2277/551 539/653/550
f 553/655/544 538/2278/533 537/656/536
f 532/648/539 530/647/530 542/658/532
f 554/659/537 556/665/543 542/622/532
f 535/660/528 533/649/546 546/661/554
f 549/662/549 551/663/535 545/617/527
f 537/656/536 538/2278/533 551/663/535
f 548/635/545 550/652/534 552/654/548
f 539/653/550 540/2277/551 556/665/543
f 543/666/542 553/655/544 555/657/538
f 545/643/527 548/642/545 534/667/547
f 532/650/539 531/2279/541 529/669/552
f 558/670/555 564/699/583 563/671/556
f 646/673/558 645/676/561 639/674/559
f 645/676/561 644/758/635 638/677/562
f 595/678/563 601/806/614 600/679/564
f 693/681/566 687/812/672 688/682/567
f 691/684/569 690/697/581 684/685/570
f 639/674/559 638/677/562 632/687/572
f 562/689/574 561/821/679 705/690/575
f 686/692/577 685/767/571 679/693/578
f 684/685/570 678/739/620 679/695/578
f 689/696/580 683/846/689 684/685/570
f 569/698/582 563/671/556 564/699/583
f 703/701/585 702/747/627 696/702/586
f 697/703/587 696/702/586 690/697/581
f 697/704/587 691/766/569 692/705/588
f 587/707/590 592/752/630 586/708/591
f 705/690/575 699/727/608 700/710/593
f 701/711/594 557/672/557 562/689/574
f 631/712/574 637/844/688 636/713/595
f 585/715/597 579/788/658 580/716/598
f 660/717/599 659/741/622 653/718/600
f 589/720/602 583/824/623 584/721/603
f 590/722/604 584/721/603 585/715/597
f 661/724/606 660/717/599 654/719/601
f 576/726/607 575/755/632 569/698/582
f 699/727/608 705/690/575 704/728/609
f 654/719/601 653/718/600 647/729/610
f 563/671/556 569/698/582 574/731/612
f 682/733/614 681/813/673 675/734/615
f 588/736/617 587/707/590 581/709/592
f 673/738/619 679/695/578 678/739/620
f 659/741/622 664/826/681 658/742/623
f 698/706/589 704/728/609 703/743/585
f 651/744/624 657/791/661 656/745/625
f 702/747/627 701/711/594 695/748/628
f 608/749/629 614/800/666 613/750/568
f 568/732/613 562/689/574 557/672/557
f 591/723/605 585/715/597 586/708/591
f 628/753/585 634/768/642 633/688/573
f 575/755/632 580/716/598 574/731/612
f 648/730/611 647/729/610 641/756/633
f 645/676/561 651/744/624 650/746/626
f 583/759/623 582/737/618 576/726/607
f 598/761/637 592/752/630 587/707/590
f 623/763/639 628/753/585 622/764/640
f 686/692/577 692/705/588 691/766/569
f 640/675/560 639/674/559 633/688/573
f 594/680/565 593/762/638 587/707/590
f 611/769/643 605/804/667 606/770/644
f 625/772/646 624/775/649 618/773/647
f 624/775/649 623/763/639 617/765/641
f 621/776/650 627/754/631 626/777/651
f 625/779/646 619/801/648 620/778/652
f 616/780/569 622/764/640 621/776/650
f 682/733/614 676/735/616 671/782/654
f 630/714/596 624/775/649 625/772/646
f 629/784/656 623/763/639 624/775/649
f 633/688/573 632/687/572 626/777/651
f 629/784/656 635/805/668 640/675/560
f 618/773/647 617/765/641 611/769/643
f 610/785/571 609/799/665 603/786/657
f 574/731/612 580/716/598 579/788/658
f 658/742/623 664/826/681 663/790/660
f 578/792/662 577/2280/636 571/793/558
f 661/795/606 655/840/591 656/745/625
f 581/709/592 586/708/591 580/716/598
f 650/746/626 649/841/598 643/797/612
f 619/774/648 618/773/647 612/771/645
f 610/785/571 616/780/569 615/781/653
f 620/778/652 614/800/666 615/781/653
f 614/800/666 620/778/652 619/801/648
f 571/802/558 577/760/636 576/726/607
f 594/680/565 588/736/617 589/803/602
f 627/754/631 621/776/650 622/764/640
f 617/765/641 622/764/640 616/780/569
f 616/780/569 610/785/571 605/804/667
f 662/796/664 656/745/625 657/791/661
f 630/714/596 636/713/595 635/805/668
f 701/711/594 706/691/576 700/710/593
f 606/770/644 600/679/564 601/806/614
f 600/679/564 606/770/644 605/804/667
f 596/809/670 590/722/604 591/723/605
f 598/761/637 597/810/671 591/723/605
f 652/811/636 651/744/624 645/676/561
f 687/812/672 686/692/577 680/694/579
f 603/786/657 602/816/675 596/809/670
f 610/785/571 604/787/578 599/808/669
f 629/784/656 634/768/642 628/753/585
f 604/787/578 603/786/657 597/810/671
f 638/677/562 637/845/688 631/814/574
f 681/813/673 680/694/579 674/815/674
f 609/799/665 608/749/629 602/816/675
f 596/809/670 595/842/563 589/720/602
f 613/798/568 612/771/645 606/770/644
f 608/749/629 607/751/567 601/817/614
f 631/814/574 625/779/646 626/777/651
f 589/803/602 588/736/617 582/737/618
f 565/818/676 571/802/558 570/700/584
f 693/681/566 699/727/608 698/706/589
f 573/789/659 572/794/663 566/819/677
f 568/732/613 567/820/678 561/821/679
f 559/822/642 565/818/676 564/699/583
f 655/725/591 654/719/601 648/730/611
f 653/718/600 658/742/623 652/811/636
f 582/737/618 581/709/592 575/755/632
f 573/789/659 579/788/658 578/792/662
f 583/824/623 577/2280/636 578/792/662
f 604/787/578 598/761/637 593/762/638
f 659/741/622 665/2281/685 670/825/680
f 666/827/682 665/2281/685 659/741/622
f 667/828/683 666/827/682 660/717/599
f 668/829/684 667/2282/683 661/795/606
f 663/790/660 669/2283/686 668/829/684
f 670/825/680 669/2283/686 663/790/660
f 671/782/654 676/735/616 670/830/680
f 666/832/682 672/740/621 671/782/654
f 673/738/619 672/740/621 666/832/682
f 668/834/684 674/815/674 673/835/619
f 675/734/615 674/815/674 668/834/684
f 670/830/680 676/735/616 675/734/615
f 615/781/653 614/800/666 608/749/629
f 567/820/678 566/819/677 560/838/687
f 704/728/609 560/838/687 559/839/642
f 703/701/585 559/822/642 558/670/555
f 574/731/612 573/789/659 567/820/678
f 650/746/626 656/745/625 655/840/591
f 699/727/608 693/681/566 694/683/568
f 705/690/575 561/821/679 560/838/687
f 693/681/566 692/705/588 686/692/577
f 558/670/555 557/672/557 701/711/594
f 602/816/675 601/817/614 595/842/563
f 649/823/598 648/730/611 642/757/634
f 688/682/567 687/812/672 681/813/673
f 641/756/633 635/805/668 636/713/595
f 642/757/634 636/713/595 637/844/688
f 644/758/635 643/797/612 637/845/688
f 689/696/580 694/683/568 688/682/567
f 688/682/567 682/733/614 677/783/655
f 678/739/620 684/685/570 683/846/689
f 635/805/668 641/756/633 646/673/558
f 680/694/579 679/693/578 673/835/619
f 566/819/677 565/847/676 559/839/642
f 672/740/621 678/739/620 677/783/655
f 584/721/603 578/792/662 579/788/658
f 695/748/628 700/710/593 694/683/568
f 641/756/633 647/729/610 652/811/636
f 657/791/661 651/744/624 652/811/636
f 572/794/663 571/793/558 565/847/676
f 696/702/586 695/748/628 689/696/580
f 594/680/565 600/679/564 599/808/669
f 857/848/690 863/1031/849 868/849/691
f 710/851/693 860/855/697 859/852/694
f 711/854/696 861/862/702 860/855/697
f 858/856/698 857/848/690 707/857/699
f 859/859/694 858/856/698 708/858/700
f 712/861/701 862/850/692 861/862/702
f 733/863/703 727/916/725 726/864/704
f 782/866/706 776/963/796 775/867/707
f 833/869/709 827/983/815 832/870/710
f 766/872/712 760/1013/835 759/873/713
f 841/875/715 835/981/813 834/876/716
f 751/878/718 752/965/797 746/879/719
f 774/881/721 775/1191/707 769/882/722
f 722/884/724 721/906/733 727/885/725
f 846/887/727 847/1024/843 841/875/715
f 841/888/715 847/2284/843 848/889/728
f 772/891/730 766/872/712 765/874/714
f 714/893/732 720/904/743 721/894/733
f 718/896/735 724/899/738 719/897/736
f 724/899/738 723/903/742 729/900/739
f 717/902/741 716/905/744 722/884/724
f 713/898/737 719/897/736 720/904/743
f 716/905/744 715/962/734 721/906/733
f 804/907/745 798/992/823 797/908/746
f 733/910/703 734/950/785 728/886/726
f 762/911/748 761/923/759 767/912/749
f 753/913/750 754/1018/838 748/914/751
f 728/886/726 729/900/739 723/903/742
f 720/904/743 726/864/704 727/916/725
f 719/897/736 725/929/765 726/864/704
f 742/917/753 748/914/751 743/918/754
f 791/920/756 792/927/763 786/921/757
f 772/891/730 767/912/749 761/923/759
f 799/924/760 800/939/775 794/925/761
f 792/927/763 793/1005/762 787/928/764
f 732/865/705 726/864/704 725/929/765
f 735/931/767 736/952/787 730/901/740
f 730/901/740 736/952/787 731/930/766
f 750/932/768 744/960/795 743/918/754
f 814/934/770 820/1002/830 815/935/771
f 748/914/751 754/1018/838 749/933/769
f 806/937/773 807/954/789 801/938/774
f 758/940/776 752/965/797 751/878/718
f 795/942/778 789/1015/836 788/943/779
f 771/892/731 777/973/805 778/944/780
f 767/912/749 772/891/730 778/944/780
f 755/946/782 756/970/802 750/932/768
f 731/930/766 737/919/755 738/947/783
f 739/948/784 733/863/703 732/865/705
f 739/949/784 740/953/788 734/950/785
f 741/951/786 742/917/753 736/952/787
f 735/931/767 734/950/785 740/953/788
f 781/868/708 787/1020/764 788/943/779
f 807/954/789 808/971/803 802/955/790
f 838/871/711 844/976/808 839/956/791
f 805/957/792 806/937/773 800/939/775
f 764/958/793 758/940/776 757/941/777
f 744/960/795 738/947/783 737/919/755
f 738/947/783 744/960/795 745/961/720
f 747/915/752 748/914/751 742/917/753
f 740/953/788 739/949/784 745/880/720
f 746/879/719 747/915/752 741/951/786
f 715/962/734 716/905/744 710/851/693
f 776/963/796 770/1003/831 769/964/722
f 759/873/713 753/913/750 752/965/797
f 773/945/781 774/881/721 768/883/723
f 842/890/729 843/969/801 837/966/798
f 842/890/729 848/889/728 849/968/800
f 756/970/802 755/946/782 761/923/759
f 803/909/747 797/908/746 802/955/790
f 784/972/804 778/944/780 777/973/805
f 850/975/807 845/1019/839 839/956/791
f 830/977/809 831/997/826 825/978/810
f 833/869/709 839/956/791 840/877/717
f 828/980/812 834/876/716 835/981/813
f 827/983/815 833/869/709 834/876/716
f 763/984/794 762/911/748 768/883/723
f 828/980/812 822/1010/834 821/985/816
f 843/969/801 844/976/808 838/871/711
f 773/945/781 778/944/780 784/972/804
f 819/987/818 820/1002/830 814/934/770
f 708/858/700 714/893/732 715/895/734
f 714/893/732 708/858/700 707/857/699
f 779/986/817 780/1016/837 774/881/721
f 818/989/820 819/987/818 813/988/819
f 827/983/815 821/985/816 826/991/822
f 776/963/796 782/866/706 783/974/806
f 798/992/823 804/907/745 805/993/792
f 803/909/747 809/936/772 810/995/824
f 816/996/825 810/995/824 809/936/772
f 831/997/826 832/870/710 826/991/822
f 823/998/827 824/979/811 818/989/820
f 824/979/811 825/978/810 819/987/818
f 762/911/748 763/984/794 757/1000/777
f 811/1001/829 812/990/821 806/937/773
f 820/1002/830 826/991/822 821/985/816
f 770/1003/831 764/958/793 763/959/794
f 829/1004/814 830/977/809 824/979/811
f 792/927/763 798/992/823 799/994/760
f 796/1006/832 791/920/756 785/922/758
f 811/1008/829 805/993/792 804/907/745
f 755/946/782 760/1013/835 766/872/712
f 717/902/741 718/896/735 712/861/701
f 758/940/776 764/958/793 765/874/714
f 823/1009/827 817/1014/828 816/996/825
f 790/1007/833 785/922/758 779/986/817
f 756/970/802 757/1000/777 751/1011/718
f 835/1012/813 836/967/799 830/977/809
f 825/978/810 826/991/822 820/1002/830
f 808/971/803 814/934/770 809/936/772
f 752/965/797 753/913/750 747/915/752
f 800/939/775 801/938/774 795/942/778
f 843/969/801 849/968/800 850/975/807
f 813/988/819 814/934/770 808/971/803
f 812/990/821 813/988/819 807/954/789
f 801/938/774 802/955/790 796/1006/832
f 760/1013/835 754/1018/838 753/913/750
f 810/995/824 816/996/825 817/1014/828
f 782/866/706 788/943/779 789/1015/836
f 796/1006/832 802/955/790 797/908/746
f 841/888/715 842/890/729 836/967/799
f 713/898/737 707/857/699 712/861/701
f 815/935/771 821/985/816 822/1010/834
f 836/967/799 837/966/798 831/997/826
f 837/966/798 838/871/711 832/870/710
f 785/922/758 786/921/757 780/1016/837
f 786/921/757 787/928/764 781/1017/708
f 760/1013/835 755/946/782 749/933/769
f 798/992/823 792/927/763 791/920/756
f 845/1019/839 846/887/727 840/877/717
f 789/1015/836 795/942/778 796/1006/832
f 787/1020/764 793/926/762 794/925/761
f 716/905/744 717/902/741 711/854/696
f 817/999/828 818/989/820 812/990/821
f 829/982/814 823/1009/827 822/1010/834
f 783/974/806 789/1015/836 790/1007/833
f 850/975/807 856/1028/846 851/1021/840
f 845/1019/839 851/1021/840 852/1022/841
f 846/887/727 852/1022/841 853/1023/842
f 848/889/728 847/2284/843 853/1025/842
f 849/968/800 848/889/728 854/1026/844
f 850/975/807 849/968/800 855/1027/845
f 866/1029/847 865/1135/948 859/852/694
f 867/1030/848 866/1029/847 860/855/697
f 863/1031/849 857/848/690 858/856/698
f 859/859/694 865/1159/948 864/1032/850
f 868/849/691 867/1030/848 861/862/702
f 857/848/690 862/850/692 712/861/701
f 905/1033/851 899/1117/932 900/1034/852
f 945/1036/854 944/1087/903 938/1037/855
f 941/1039/857 935/1178/979 936/1040/858
f 983/1042/860 988/1155/968 982/1043/861
f 877/1045/863 871/1134/947 872/1046/864
f 991/1048/866 990/1061/878 984/1049/867
f 897/1051/869 903/1136/949 902/1052/870
f 932/1054/872 931/1169/975 925/1055/873
f 925/1057/873 931/1182/975 930/1058/875
f 991/1048/866 997/1186/983 996/1060/877
f 998/1062/879 997/1188/983 991/1063/866
f 928/1065/881 927/1124/939 921/1066/882
f 886/1068/884 881/1086/902 887/1069/885
f 880/1071/887 886/1068/884 885/1072/888
f 918/1074/890 912/1080/896 913/1075/891
f 957/1077/893 956/1176/977 950/1078/894
f 912/1080/896 906/1035/853 907/1081/897
f 890/1082/898 884/1193/987 885/1072/888
f 875/1084/900 876/1153/966 882/1085/901
f 951/1079/895 950/1078/894 944/1087/903
f 929/1088/904 935/1178/979 940/1089/905
f 901/1091/907 900/1034/852 894/1092/908
f 900/1034/852 899/1117/932 893/1094/910
f 958/1095/911 953/1098/914 959/1096/912
f 953/1098/914 947/1121/936 948/1099/915
f 917/1101/917 923/1108/924 928/1065/881
f 949/1102/918 955/2285/1856 954/1100/916
f 873/1103/919 867/1030/848 868/849/691
f 915/1105/921 914/1111/926 908/1106/922
f 924/1059/876 930/1058/875 929/1088/904
f 892/1070/886 898/1177/978 897/1051/869
f 920/1109/925 919/1167/892 913/1110/891
f 973/1112/927 972/1152/965 966/1113/928
f 916/1115/930 915/1105/921 909/1107/923
f 910/1116/931 904/1192/986 899/1117/932
f 905/1033/851 911/1161/971 916/1115/930
f 939/1038/856 938/1037/855 932/1054/872
f 888/1119/934 887/1069/885 881/1086/902
f 952/1120/935 946/1157/970 941/1039/857
f 875/1084/900 880/1071/887 874/1104/920
f 960/1123/938 959/1096/912 953/1098/914
f 933/1118/933 932/1054/872 926/1056/874
f 901/1125/907 902/1052/870 908/1106/922
f 968/1127/940 962/1164/973 963/1128/941
f 867/1030/848 873/1103/919 872/1046/864
f 964/1097/913 970/1132/945 969/1129/942
f 878/1047/865 884/1193/987 883/1130/943
f 971/1131/944 976/1162/972 970/1132/945
f 866/1029/847 872/1046/864 871/1134/947
f 909/1107/923 908/1106/922 902/1052/870
f 940/1089/905 939/1038/856 933/1118/933
f 873/1103/919 879/1073/889 878/1047/865
f 987/1137/950 993/1140/953 992/1064/880
f 999/1139/952 998/1062/879 992/1064/880
f 954/1100/916 955/2285/1856 961/1141/954
f 943/1142/955 949/1102/918 948/1099/915
f 895/1093/909 894/1092/908 888/1119/934
f 1000/1144/957 994/1175/976 989/1145/958
f 980/1147/960 974/1166/974 975/1148/961
f 990/1061/878 989/1145/958 983/1042/860
f 985/1050/868 984/1049/867 978/1150/963
f 984/1049/867 983/1042/860 977/1044/862
f 919/1076/892 925/1057/873 924/1059/876
f 978/1150/963 977/1044/862 971/1131/944
f 876/1153/966 875/1084/900 869/1122/937
f 988/1155/968 994/1175/976 993/1140/953
f 942/1041/859 936/1040/858 937/1156/969
f 891/1083/899 885/1072/888 886/1068/884
f 952/1120/935 951/1079/895 945/1036/854
f 871/1158/947 870/1154/967 864/1032/850
f 870/1154/967 869/1122/937 863/1031/849
f 944/1087/903 943/1179/955 937/1160/969
f 891/1083/899 897/1051/869 896/1053/871
f 912/1080/896 918/1074/890 917/1101/917
f 977/1044/862 982/1043/861 976/1162/972
f 946/1157/970 945/1036/854 939/1038/856
f 934/1090/906 933/1118/933 927/1124/939
f 887/1069/885 888/1119/934 894/1092/908
f 967/1163/929 961/1180/954 962/1164/973
f 893/1094/910 898/1177/978 892/1070/886
f 981/1149/962 975/1148/961 976/1162/972
f 968/1127/940 974/1166/974 973/1165/927
f 974/1166/974 968/1127/940 969/1129/942
f 967/1114/929 966/1113/928 960/1123/938
f 965/1133/946 970/1132/945 964/1097/913
f 919/1167/892 920/1109/925 926/1056/874
f 979/1168/964 973/1165/927 974/1166/974
f 958/1095/911 952/1120/935 947/1121/936
f 881/1086/902 886/1068/884 880/1071/887
f 938/1037/855 937/1160/969 931/1169/975
f 906/1035/853 900/1034/852 901/1091/907
f 883/1170/943 882/1085/901 876/1153/966
f 918/1074/890 924/1059/876 923/1108/924
f 922/1067/883 921/1066/882 915/1105/921
f 890/1082/898 896/1053/871 895/1172/909
f 985/1174/868 979/1168/964 980/1147/960
f 970/1132/945 976/1162/972 975/1148/961
f 922/1067/883 916/1115/930 911/1161/971
f 1000/1144/957 999/1139/952 993/1140/953
f 870/1154/967 871/1158/947 877/1171/863
f 957/1077/893 963/1128/941 962/1164/973
f 898/1177/978 904/1192/986 903/1136/949
f 934/1090/906 928/1065/881 923/1108/924
f 906/1035/853 912/1080/896 911/1161/971
f 935/1178/979 929/1088/904 930/1058/875
f 986/1138/951 992/1064/880 991/1063/866
f 950/1078/894 949/1181/918 943/1179/955
f 869/1122/937 874/1104/920 868/849/691
f 972/1152/965 971/1131/944 965/1133/946
f 986/1138/951 980/1147/960 981/1149/962
f 987/1137/950 981/1149/962 982/1043/861
f 961/1180/954 955/2286/1856 956/1176/977
f 995/1146/959 989/1145/958 990/1061/878
f 899/1117/932 904/1192/986 898/1177/978
f 921/1066/882 920/1109/925 914/1111/926
f 958/1095/911 957/1077/893 951/1079/895
f 956/1176/977 955/2286/1856 949/1181/918
f 901/1125/907 895/1172/909 896/1053/871
f 979/1151/964 978/1150/963 972/1152/965
f 989/1145/958 994/1175/976 988/1155/968
f 889/1143/956 888/1119/934 882/1085/901
f 936/1040/858 930/1058/875 931/1182/975
f 1001/1183/980 1006/2287/1857 1000/1144/957
f 1002/1184/981 1001/1183/980 995/1146/959
f 1003/1185/982 1002/1184/981 996/1060/877
f 998/1062/879 1004/1189/984 1003/1187/982
f 999/1139/952 1005/1190/985 1004/1189/984
f 1000/1144/957 1006/2287/1857 1005/1190/985
f 935/1178/979 941/1039/857 946/1157/970
f 718/896/735 717/902/741 723/903/742
f 737/919/755 731/930/766 736/952/787
f 751/1011/718 745/961/720 744/960/795
f 771/892/731 765/874/714 764/958/793
f 770/1003/831 776/963/796 777/973/805
f 780/1016/837 781/1017/708 775/1191/707
f 907/1126/897 908/1106/922 914/1111/926
f 910/1116/931 909/1107/923 903/1136/949
f 920/1109/925 921/1066/882 927/1124/939
f 947/1121/936 941/1039/857 942/1041/859
f 963/1128/941 957/1077/893 958/1095/911
f 966/1113/928 965/1133/946 959/1096/912
f 889/1173/956 883/1130/943 884/1193/987
f 874/1104/920 880/1071/887 879/1073/889
f 879/1073/889 885/1072/888 884/1193/987
f 725/929/765 719/897/736 724/899/738
f 734/950/785 735/931/767 729/900/739
f 1060/1194/988 1042/1226/1019 1039/1195/989
f 1041/1197/991 1038/1205/999 1056/1198/992
f 1058/1200/994 1040/1320/1094 1037/1201/995
f 1057/1196/990 1039/1195/989 1036/1203/997
f 1038/1205/999 1027/1322/1095 1045/1206/1000
f 1055/1202/996 1037/1201/995 1035/1207/1001
f 1054/1204/998 1036/1203/997 1034/1209/1003
f 1053/1208/1002 1035/1207/1001 1033/1211/1005
f 1034/1209/1003 1032/1216/1010 1050/1213/1007
f 1051/1212/1006 1033/1211/1005 1031/1214/1008
f 1032/1216/1010 1030/1220/1014 1048/1217/1011
f 1049/1215/1009 1031/1214/1008 1029/1218/1012
f 1030/1220/1014 1028/1223/1017 1046/1221/1015
f 1029/1218/1012 1026/1227/1020 1044/1222/1016
f 1028/1223/1017 1025/1228/1021 1043/1224/1018
f 1045/1225/1000 1027/2288/1095 1042/1226/1019
f 1026/1227/1020 1041/1197/991 1059/1199/993
f 1025/1228/1021 1040/1320/1094 1058/1200/994
f 1017/1229/1022 1043/1239/1018 1058/1230/994
f 1010/1232/1024 1044/1241/1016 1059/1233/993
f 1045/1235/1000 1060/1264/988 1024/1236/1026
f 1018/1238/1028 1046/1243/1015 1043/1239/1018
f 1011/1240/1029 1047/2289/1013 1044/1241/1016
f 1019/1242/1030 1048/1247/1011 1046/1243/1015
f 1049/1244/1009 1047/2289/1013 1011/1240/1029
f 1020/1246/1032 1050/1251/1007 1048/1247/1011
f 1051/1248/1006 1049/1244/1009 1012/1245/1031
f 1021/1250/1034 1052/2290/1004 1050/1251/1007
f 1053/1252/1002 1051/1248/1006 1013/1249/1033
f 1054/1254/998 1052/2290/1004 1021/1250/1034
f 1055/1256/996 1053/1252/1002 1014/1253/1035
f 1007/1258/1038 1056/1263/992 1045/1259/1000
f 1057/1261/990 1054/1254/998 1022/1255/1036
f 1058/1230/994 1055/1256/996 1015/1257/1037
f 1009/1234/1025 1059/1233/993 1056/1263/992
f 1060/1264/988 1057/1261/990 1023/1262/1039
f 1098/1265/1040 1093/1274/1049 1100/1266/1041
f 1092/1268/1043 1101/1277/1052 1097/1269/1044
f 1094/1271/1046 1091/1278/1053 1102/1272/1047
f 1093/1274/1049 1090/1280/1055 1103/1275/1050
f 1081/1276/1051 1104/1321/1073 1101/1277/1052
f 1091/1278/1053 1089/1282/1057 1105/1279/1054
f 1090/1280/1055 1088/1285/1060 1106/1281/1056
f 1089/1282/1057 1087/1286/1061 1107/1283/1058
f 1086/1284/1059 1108/1289/1064 1106/1281/1056
f 1087/1286/1061 1085/1291/1066 1109/1287/1062
f 1084/1288/1063 1110/1293/1068 1108/1289/1064
f 1083/1290/1065 1111/1295/1070 1109/1287/1062
f 1082/1292/1067 1112/1297/1072 1110/1293/1068
f 1080/1294/1069 1113/1300/1074 1111/1295/1070
f 1079/1296/1071 1114/1301/1075 1112/1297/1072
f 1081/1298/1051 1098/1265/1040 1099/1267/1042
f 1096/1270/1045 1097/1269/1044 1113/1300/1074
f 1094/1271/1046 1095/1273/1048 1114/1301/1075
f 1071/1302/1076 1070/1318/1092 1094/1271/1046
f 1064/1303/1077 1063/1319/1093 1096/1270/1045
f 1078/1304/1078 1098/1265/1040 1081/1298/1051
f 1072/1306/1080 1071/1302/1076 1079/1296/1071
f 1065/1307/1081 1064/1303/1077 1080/1294/1069
f 1073/1308/1082 1072/1306/1080 1082/1292/1067
f 1065/1307/1081 1083/1290/1065 1085/1291/1066
f 1074/1310/1084 1073/1308/1082 1084/1288/1063
f 1066/1309/1083 1085/1291/1066 1087/1286/1061
f 1075/1312/1086 1074/1310/1084 1086/1284/1059
f 1067/1311/1085 1087/1286/1061 1089/1282/1057
f 1075/1312/1086 1088/1285/1060 1090/1280/1055
f 1068/1313/1087 1089/1282/1057 1091/1278/1053
f 1061/1316/1090 1062/1323/1079 1081/1276/1051
f 1076/1314/1088 1090/1280/1055 1093/1274/1049
f 1069/1315/1089 1091/1278/1053 1094/1271/1046
f 1063/1319/1093 1061/1316/1090 1092/1268/1043
f 1077/1317/1091 1093/1274/1049 1098/1265/1040
f 1036/1203/997 1039/1195/989 1100/1266/1041
f 1025/1228/1021 1114/1301/1075 1095/1273/1048
f 1020/1246/1032 1074/1310/1084 1075/1312/1086
f 1038/1205/999 1101/1277/1052 1104/1321/1073
f 1007/1258/1038 1008/1260/1027 1062/1323/1079
f 1021/1250/1034 1075/1312/1086 1076/1314/1088
f 1035/1207/1001 1037/1201/995 1102/1272/1047
f 1009/1234/1025 1007/1258/1038 1061/1316/1090
f 1022/1255/1036 1076/1314/1088 1077/1317/1091
f 1034/1209/1003 1036/1203/997 1103/1275/1050
f 1010/1232/1024 1009/1234/1025 1063/1319/1093
f 1023/1262/1039 1077/1317/1091 1078/1304/1078
f 1033/1211/1005 1035/1207/1001 1105/1279/1054
f 1011/1240/1029 1010/1232/1024 1064/1303/1077
f 1024/1236/1026 1078/1304/1078 1062/1305/1079
f 1034/1209/1003 1106/1281/1056 1108/1289/1064
f 1012/1245/1031 1011/1240/1029 1065/1307/1081
f 1031/1214/1008 1033/1211/1005 1107/1283/1058
f 1012/1245/1031 1066/1309/1083 1067/1311/1085
f 1032/1216/1010 1108/1289/1064 1110/1293/1068
f 1013/1249/1033 1067/1311/1085 1068/1313/1087
f 1029/1218/1012 1031/1214/1008 1109/1287/1062
f 1014/1253/1035 1068/1313/1087 1069/1315/1089
f 1030/1220/1014 1110/1293/1068 1112/1297/1072
f 1015/1257/1037 1069/1315/1089 1070/1318/1092
f 1029/1218/1012 1111/1295/1070 1113/1300/1074
f 1017/1229/1022 1016/1231/1023 1070/1318/1092
f 1039/1195/989 1042/1226/1019 1099/1267/1042
f 1028/1223/1017 1112/1297/1072 1114/1301/1075
f 1018/1238/1028 1017/1229/1022 1071/1302/1076
f 1041/1197/991 1097/1269/1044 1101/1277/1052
f 1042/1226/1019 1027/2288/1095 1104/1299/1073
f 1019/1242/1030 1018/1238/1028 1072/1306/1080
f 1037/1201/995 1040/1320/1094 1095/1273/1048
f 1026/1227/1020 1113/1300/1074 1097/1269/1044
f 1020/1246/1032 1019/1242/1030 1073/1308/1082
f 1115/1324/1096 1116/1373/1144 1118/1325/1097
f 1117/1326/1098 1118/1325/1097 1120/1327/1099
f 1119/1328/1100 1120/1327/1099 1122/1329/1101
f 1121/1330/1102 1122/1329/1101 1124/1331/1103
f 1124/1331/1103 1126/1334/1106 1125/1333/1105
f 1126/1334/1106 1128/1336/1108 1127/1335/1107
f 1128/1336/1108 1130/1338/1110 1129/1337/1109
f 1130/1338/1110 1132/1340/1112 1131/1339/1111
f 1132/1340/1112 1134/1366/1137 1133/1341/1113
f 1133/1341/1113 1134/1366/1137 1136/1342/1114
f 1135/1343/1115 1136/1342/1114 1138/1344/1116
f 1137/1345/1117 1138/1344/1116 1140/1346/1118
f 1139/1347/1119 1140/1346/1118 1142/1348/1120
f 1142/1348/1120 1144/1380/1123 1143/1350/1122
f 1144/1351/1123 1146/1354/1125 1145/1352/1124
f 1146/1354/1125 1148/1357/1128 1147/1355/1126
f 1138/1344/1116 1162/1360/1131 1163/1356/1127
f 1148/1357/1128 1150/1359/1130 1149/1358/1129
f 1150/1359/1130 1116/1373/1144 1115/1324/1096
f 1162/1360/1131 1180/1400/1168 1181/1361/1132
f 1150/1359/1130 1148/1357/1128 1167/1362/1133
f 1126/1334/1106 1124/1331/1103 1155/1364/1135
f 1134/1366/1137 1160/1378/1149 1161/1367/1138
f 1146/1354/1125 1144/1351/1123 1165/1368/1139
f 1120/1327/1099 1153/1381/1150 1154/1370/1141
f 1132/1340/1112 1130/1338/1110 1158/1371/1142
f 1116/1373/1144 1152/1376/1147 1151/1374/1145
f 1140/1346/1118 1163/1356/1127 1164/1375/1146
f 1116/1373/1144 1150/1359/1130 1168/1363/1134
f 1128/1336/1108 1126/1334/1106 1156/1365/1136
f 1136/1342/1114 1161/1367/1138 1162/1360/1131
f 1148/1357/1128 1146/1354/1125 1166/1369/1140
f 1122/1329/1101 1154/1370/1141 1155/1364/1135
f 1134/1366/1137 1132/1340/1112 1159/1372/1143
f 1142/1348/1120 1164/1375/1146 1165/1379/1139
f 1118/1325/1097 1151/1374/1145 1153/1381/1150
f 1130/1338/1110 1128/1336/1108 1157/1377/1148
f 1181/1361/1132 1199/1419/1186 1200/1382/1151
f 1156/1365/1136 1155/1364/1135 1173/1384/1153
f 1163/1356/1127 1181/1361/1132 1182/1383/1152
f 1157/1377/1148 1156/1365/1136 1174/1385/1154
f 1164/1375/1146 1182/1383/1152 1183/1387/1156
f 1158/1371/1142 1157/1377/1148 1175/1386/1155
f 1166/1369/1140 1165/1368/1139 1183/1389/1156
f 1159/1372/1143 1158/1371/1142 1176/1388/1157
f 1152/1376/1147 1170/1399/1167 1169/1392/1160
f 1167/1362/1133 1166/1369/1140 1184/1390/1158
f 1160/1378/1149 1159/1372/1143 1177/1391/1159
f 1151/1374/1145 1169/1392/1160 1171/1395/1163
f 1168/1363/1134 1167/1362/1133 1185/1393/1161
f 1160/1378/1149 1178/1394/1162 1179/1397/1165
f 1153/1381/1150 1171/1395/1163 1172/1398/1166
f 1152/1376/1147 1168/1363/1134 1186/1396/1164
f 1161/1367/1138 1179/1397/1165 1180/1400/1168
f 1154/1370/1141 1172/1398/1166 1173/1384/1153
f 1200/1382/1151 1218/1439/1205 1219/1401/1169
f 1175/1386/1155 1174/1385/1154 1192/1403/1171
f 1182/1383/1152 1200/1382/1151 1201/1402/1170
f 1176/1388/1157 1175/1386/1155 1193/1404/1172
f 1184/1390/1158 1183/1389/1156 1201/1406/1170
f 1177/1391/1159 1176/1388/1157 1194/1405/1173
f 1170/1399/1167 1188/1416/1183 1187/1409/1176
f 1185/1393/1161 1184/1390/1158 1202/1407/1174
f 1178/1394/1162 1177/1391/1159 1195/1408/1175
f 1169/1392/1160 1187/1409/1176 1189/1412/1179
f 1186/1396/1164 1185/1393/1161 1203/1410/1177
f 1178/1394/1162 1196/1411/1178 1197/1414/1181
f 1171/1395/1163 1189/1412/1179 1190/1415/1182
f 1170/1399/1167 1186/1396/1164 1204/1413/1180
f 1179/1397/1165 1197/1414/1181 1198/1417/1184
f 1172/1398/1166 1190/1415/1182 1191/1418/1185
f 1180/1400/1168 1198/1417/1184 1199/1419/1186
f 1174/1385/1154 1173/1384/1153 1191/1418/1185
f 1220/1420/1187 1219/1425/1169 1237/1421/1188
f 1194/1405/1173 1193/1404/1172 1211/1423/1190
f 1202/1407/1174 1201/1406/1170 1219/1425/1169
f 1195/1408/1175 1194/1405/1173 1212/1424/1191
f 1188/1416/1183 1206/1434/1200 1205/1427/1193
f 1203/1410/1177 1202/1407/1174 1220/1420/1187
f 1196/1411/1178 1195/1408/1175 1213/1426/1192
f 1187/1409/1176 1205/1427/1193 1207/1430/1196
f 1204/1413/1180 1203/1410/1177 1221/1428/1194
f 1196/1411/1178 1214/1429/1195 1215/1432/1198
f 1189/1412/1179 1207/1430/1196 1208/1433/1199
f 1188/1416/1183 1204/1413/1180 1222/1431/1197
f 1197/1414/1181 1215/1432/1198 1216/1435/1201
f 1190/1415/1182 1208/1433/1199 1209/1436/1202
f 1198/1417/1184 1216/1435/1201 1217/1437/1203
f 1191/1418/1185 1209/1436/1202 1210/1438/1204
f 1199/1419/1186 1217/1437/1203 1218/1439/1205
f 1193/1404/1172 1192/1403/1171 1210/1438/1204
f 1229/1440/1206 1228/1456/1222 1246/1441/1207
f 1213/1426/1192 1212/1424/1191 1230/1443/1209
f 1206/1434/1200 1224/1452/1218 1223/1445/1211
f 1221/1428/1194 1220/1420/1187 1238/1422/1189
f 1214/1429/1195 1213/1426/1192 1231/1444/1210
f 1205/1427/1193 1223/1445/1211 1225/1448/1214
f 1222/1431/1197 1221/1428/1194 1239/1446/1212
f 1214/1429/1195 1232/1447/1213 1233/1450/1216
f 1207/1430/1196 1225/1448/1214 1226/1451/1217
f 1206/1434/1200 1222/1431/1197 1240/1449/1215
f 1215/1432/1198 1233/1450/1216 1234/1453/1219
f 1208/1433/1199 1226/1451/1217 1227/1454/1220
f 1216/1435/1201 1234/1453/1219 1235/1455/1221
f 1210/1438/1204 1209/1436/1202 1227/1454/1220
f 1217/1437/1203 1235/1455/1221 1236/1457/1223
f 1211/1423/1190 1210/1438/1204 1228/1456/1222
f 1218/1439/1205 1236/1457/1223 1237/1458/1188
f 1212/1424/1191 1211/1423/1190 1229/1440/1206
f 1247/1459/1208 1265/1512/1258 1266/1460/1224
f 1237/1458/1188 1236/1457/1223 1254/1462/1226
f 1230/1443/1209 1229/1440/1206 1247/1442/1208
f 1238/1422/1189 1237/1421/1188 1255/1465/1227
f 1231/1444/1210 1230/1443/1209 1248/1464/1225
f 1224/1452/1218 1242/1475/1237 1241/1468/1230
f 1239/1446/1212 1238/1422/1189 1256/1466/1228
f 1232/1447/1213 1231/1444/1210 1249/1467/1229
f 1223/1445/1211 1241/1468/1230 1243/1471/1233
f 1240/1449/1215 1239/1446/1212 1257/1469/1231
f 1232/1447/1213 1250/1470/1232 1251/1473/1235
f 1225/1448/1214 1243/1471/1233 1244/1474/1236
f 1224/1452/1218 1240/1449/1215 1258/1472/1234
f 1233/1450/1216 1251/1473/1235 1252/1476/1238
f 1226/1451/1217 1244/1474/1236 1245/1477/1239
f 1234/1453/1219 1252/1476/1238 1253/1478/1240
f 1227/1454/1220 1245/1477/1239 1246/1441/1207
f 1235/1455/1221 1253/1478/1240 1254/1462/1226
f 1267/1479/1241 1266/1460/1224 1284/1480/1242
f 1255/1482/1227 1273/2291/1259 1274/1483/1244
f 1248/1461/1225 1266/1460/1224 1267/1479/1241
f 1241/1486/1230 1242/1501/1237 1260/1487/1245
f 1256/1484/1228 1274/1483/1244 1275/1489/1247
f 1249/1485/1229 1267/1479/1241 1268/1491/1248
f 1243/1493/1233 1241/1486/1230 1259/1488/1246
f 1257/1490/1231 1275/1489/1247 1276/1495/1250
f 1251/1497/1235 1250/1492/1232 1268/1491/1248
f 1244/1499/1236 1243/1493/1233 1261/1494/1249
f 1258/1496/1234 1276/1495/1250 1260/1487/1245
f 1252/1502/1238 1251/1497/1235 1269/1498/1251
f 1245/1504/1239 1244/1499/1236 1262/1500/1252
f 1253/1506/1240 1252/1502/1238 1270/1503/1253
f 1245/1504/1239 1263/1505/1254 1264/1508/1256
f 1254/1510/1226 1253/1506/1240 1271/1507/1255
f 1246/1509/1207 1264/1508/1256 1265/1512/1258
f 1255/1513/1227 1254/1510/1226 1272/1511/1257
f 1285/1515/1243 1303/1569/1295 1304/1516/1260
f 1260/1487/1245 1278/1526/1269 1277/1518/1262
f 1275/1489/1247 1274/1483/1244 1292/1519/1263
f 1268/1491/1248 1267/1479/1241 1285/1481/1243
f 1259/1488/1246 1277/1518/1262 1279/1522/1265
f 1276/1495/1250 1275/1489/1247 1293/1520/1264
f 1268/1491/1248 1286/1521/1261 1287/1524/1267
f 1261/1494/1249 1279/1522/1265 1280/1525/1268
f 1260/1487/1245 1276/1495/1250 1294/1523/1266
f 1269/1498/1251 1287/1524/1267 1288/1527/1270
f 1262/1500/1252 1280/1525/1268 1281/1528/1271
f 1270/1503/1253 1288/1527/1270 1289/1529/1272
f 1264/1508/1256 1263/1505/1254 1281/1528/1271
f 1271/1507/1255 1289/1529/1272 1290/1531/1274
f 1265/1512/1258 1264/1508/1256 1282/1530/1273
f 1272/1511/1257 1290/1531/1274 1291/1533/1276
f 1266/1460/1224 1265/1512/1258 1283/1532/1275
f 1274/1483/1244 1273/2291/1259 1291/1534/1276
f 1692/1535/1277 1691/1606/1330 1322/1536/1278
f 1279/1538/1265 1277/1570/1262 1295/1539/1280
f 1293/1541/1264 1311/1571/1296 1312/1542/1282
f 1287/1544/1267 1286/1517/1261 1304/1516/1260
f 1280/1546/1268 1279/1538/1265 1297/1540/1281
f 1294/1543/1266 1312/1542/1282 1296/1548/1285
f 1288/1550/1270 1287/1544/1267 1305/1545/1283
f 1281/1552/1271 1280/1546/1268 1298/1547/1284
f 1289/1554/1272 1288/1550/1270 1306/1551/1286
f 1281/1552/1271 1299/1553/1287 1300/1556/1289
f 1290/1558/1274 1289/1554/1272 1307/1555/1288
f 1282/1557/1273 1300/1556/1289 1301/1560/1291
f 1290/1558/1274 1308/1559/1290 1309/1562/1292
f 1283/1561/1275 1301/1560/1291 1302/1564/1293
f 1291/1566/1276 1309/2292/1292 1310/1567/1294
f 1284/1565/1242 1302/1564/1293 1303/1569/1295
f 1277/1570/1262 1278/1549/1269 1296/1548/1285
f 1292/1568/1263 1310/1567/1294 1311/1571/1296
f 1746/1572/1297 1745/1641/1364 1341/1573/1298
f 1694/1575/1300 1693/1607/1331 1315/1576/1301
f 1695/1578/1303 1330/1608/1332 1314/1579/1304
f 1697/1581/1306 1692/1535/1277 1323/1537/1279
f 1698/1583/1308 1694/1575/1300 1316/1577/1302
f 1699/1585/1310 1697/1581/1306 1324/1582/1307
f 1698/1583/1308 1317/1584/1309 1318/1587/1312
f 1701/1589/1314 1699/1585/1310 1325/1586/1311
f 1700/1588/1313 1318/1587/1312 1319/1591/1316
f 1701/1589/1314 1326/1590/1315 1327/1593/1318
f 1702/1592/1317 1319/1591/1316 1320/1595/1320
f 1703/1597/1319 1327/2206/1318 1328/1598/1322
f 1704/1596/1321 1320/1595/1320 1321/1600/1324
f 1707/1602/1326 1696/1580/1305 1314/1579/1304
f 1705/1599/1323 1328/1598/1322 1329/1604/1328
f 1706/1601/1325 1321/1600/1324 1322/1536/1278
f 1693/1607/1331 1707/1602/1326 1313/1603/1327
f 1708/1605/1329 1329/1604/1328 1330/1608/1332
f 1342/1574/1299 1360/1663/1385 1361/1609/1333
f 1748/1611/1335 1747/1642/1365 1334/1612/1336
f 1749/1614/1338 1746/1572/1297 1342/1574/1299
f 1748/1611/1335 1335/1613/1337 1336/1615/1339
f 1751/1617/1341 1749/1614/1338 1343/1610/1334
f 1750/1616/1340 1336/1615/1339 1337/1619/1343
f 1751/1617/1341 1344/1618/1342 1345/1621/1345
f 1752/1620/1344 1337/1619/1343 1338/1623/1347
f 1753/1625/1346 1345/2293/1345 1346/1626/1349
f 1754/1624/1348 1338/1623/1347 1339/1628/1351
f 1758/1630/1353 1757/1643/1366 1332/1631/1354
f 1755/1627/1350 1346/1626/1349 1347/1633/1356
f 1756/1629/1352 1339/1628/1351 1340/1635/1358
f 1761/1637/1360 1758/1630/1353 1331/1632/1355
f 1759/1634/1357 1347/1633/1356 1348/1639/1362
f 1745/1641/1364 1760/1636/1359 1340/1635/1358
f 1747/1642/1365 1761/1637/1360 1333/1638/1361
f 1762/1640/1363 1348/1639/1362 1332/1631/1354
f 1763/1644/1367 1379/1700/1420 1380/1645/1368
f 1335/1613/1337 1353/1664/1386 1354/1647/1370
f 1343/1610/1334 1361/1609/1333 1362/1648/1371
f 1336/1615/1339 1354/1647/1370 1355/1649/1372
f 1344/1618/1342 1362/1648/1371 1363/1650/1373
f 1337/1619/1343 1355/1649/1372 1356/1651/1374
f 1346/1626/1349 1345/2293/1345 1363/1652/1373
f 1338/1623/1347 1356/1651/1374 1357/1654/1376
f 1331/1632/1355 1332/1631/1354 1350/1655/1377
f 1347/1633/1356 1346/1626/1349 1364/1653/1375
f 1339/1628/1351 1357/1654/1376 1358/1658/1380
f 1333/1638/1361 1331/1632/1355 1349/1656/1378
f 1348/1639/1362 1347/1633/1356 1365/1657/1379
f 1340/1635/1358 1358/1658/1380 1359/1661/1383
f 1334/1612/1336 1333/1638/1361 1351/1659/1381
f 1332/1631/1354 1348/1639/1362 1366/1660/1382
f 1341/1573/1298 1359/1661/1383 1360/1663/1385
f 1335/1613/1337 1334/1612/1336 1352/1662/1384
f 1381/1665/1387 1380/1737/1368 1398/1666/1388
f 1766/1668/1390 1765/1701/1421 1372/1669/1391
f 1767/1671/1393 1764/1646/1369 1380/1645/1368
f 1768/1673/1394 1766/1668/1390 1373/1670/1392
f 1769/1675/1396 1767/2207/1393 1381/1676/1387
f 1770/1678/1398 1768/1673/1394 1374/1674/1395
f 1771/1680/1400 1368/1695/1415 1367/1681/1401
f 1773/1683/1403 1769/1675/1396 1382/1677/1397
f 1774/1685/1405 1770/1678/1398 1375/1679/1399
f 1772/1682/1402 1367/1681/1401 1369/1687/1407
f 1776/1689/1409 1773/1683/1403 1383/1684/1404
f 1774/1685/1405 1376/1686/1406 1377/1691/1411
f 1775/1688/1408 1369/1687/1407 1370/1693/1413
f 1771/1680/1400 1776/1689/1409 1384/1690/1410
f 1777/1692/1412 1377/1691/1411 1378/1696/1416
f 1778/1694/1414 1370/1693/1413 1371/1698/1418
f 1779/1697/1417 1378/1696/1416 1379/1700/1420
f 1780/1699/1419 1371/1698/1418 1372/1669/1391
f 1782/1702/1422 1781/2208/1473 1417/1703/1423
f 1373/1705/1392 1391/1738/1440 1392/1706/1425
f 1381/1708/1387 1399/2294/1389 1400/1709/1426
f 1374/1707/1395 1392/1706/1425 1393/1711/1427
f 1367/1713/1401 1368/1728/1415 1386/1714/1428
f 1382/1710/1397 1400/1709/1426 1401/1716/1430
f 1375/1712/1399 1393/1711/1427 1394/1718/1431
f 1369/1720/1407 1367/1713/1401 1385/1715/1429
f 1383/1717/1404 1401/1716/1430 1402/1722/1433
f 1377/1724/1411 1376/1719/1406 1394/1718/1431
f 1370/1726/1413 1369/1720/1407 1387/1721/1432
f 1384/1723/1410 1402/1722/1433 1386/1714/1428
f 1378/1729/1416 1377/1724/1411 1395/1725/1434
f 1371/1731/1418 1370/1726/1413 1388/1727/1435
f 1379/1733/1420 1378/1729/1416 1396/1730/1436
f 1371/1731/1418 1389/1732/1437 1390/1735/1439
f 1380/1737/1368 1379/1733/1420 1397/1734/1438
f 1372/1736/1391 1390/1735/1439 1391/1738/1440
f 1404/1739/1441 1422/1783/1484 1421/1740/1442
f 1784/1742/1444 1783/1773/1474 1410/1743/1445
f 1785/1745/1447 1404/1739/1441 1403/1741/1443
f 1787/1747/1449 1782/1702/1422 1418/1704/1424
f 1788/1749/1451 1784/1742/1444 1411/1744/1446
f 1786/1746/1448 1403/1741/1443 1405/1751/1453
f 1790/1753/1455 1787/1747/1449 1419/1748/1450
f 1788/1749/1451 1412/1750/1452 1413/1755/1457
f 1789/1752/1454 1405/1751/1453 1406/1757/1459
f 1785/1745/1447 1790/1753/1455 1420/1754/1456
f 1791/1756/1458 1413/1755/1457 1414/1759/1461
f 1792/1758/1460 1406/1757/1459 1407/1761/1463
f 1793/1760/1462 1414/1759/1461 1415/1763/1465
f 1794/1762/1464 1407/1761/1463 1408/1765/1467
f 1795/1764/1466 1415/1763/1465 1416/1767/1469
f 1798/1769/1471 1796/1766/1468 1408/1765/1467
f 1797/1768/1470 1416/1767/1469 1417/1771/1423
f 1783/1773/1474 1798/1769/1471 1409/1770/1472
f 1421/1740/1442 1439/1811/1510 1441/1774/1475
f 1419/1748/1450 1418/1704/1424 1436/1776/1477
f 1412/1750/1452 1411/1744/1446 1429/1778/1479
f 1403/1741/1443 1421/1740/1442 1423/1775/1476
f 1420/1754/1456 1419/1748/1450 1437/1777/1478
f 1412/1750/1452 1430/1779/1480 1431/1781/1482
f 1405/1751/1453 1423/1775/1476 1424/1782/1483
f 1404/1739/1441 1420/1754/1456 1438/1780/1481
f 1413/1755/1457 1431/1781/1482 1432/1784/1485
f 1406/1757/1459 1424/1782/1483 1425/1785/1486
f 1414/1759/1461 1432/1784/1485 1433/1786/1487
f 1407/1761/1463 1425/1785/1486 1426/1787/1488
f 1415/1763/1465 1433/1786/1487 1434/1788/1489
f 1409/1770/1472 1408/1765/1467 1426/1787/1488
f 1416/1767/1469 1434/1788/1489 1435/1790/1491
f 1410/1743/1445 1409/1770/1472 1427/1789/1490
f 1418/1704/1424 1417/1703/1423 1435/1792/1491
f 1411/1744/1446 1410/1743/1445 1428/1791/1492
f 1442/1793/1493 1441/1774/1475 1459/1794/1494
f 1438/1780/1481 1437/1777/1478 1455/1796/1496
f 1430/1779/1480 1448/1812/1511 1449/1798/1498
f 1423/1775/1476 1441/1774/1475 1442/1793/1493
f 1422/1783/1484 1438/1780/1481 1456/1797/1497
f 1431/1781/1482 1449/1798/1498 1450/1800/1500
f 1424/1782/1483 1442/1793/1493 1443/1801/1501
f 1432/1784/1485 1450/1800/1500 1451/1802/1502
f 1426/1787/1488 1425/1785/1486 1443/1801/1501
f 1433/1786/1487 1451/1802/1502 1452/1804/1504
f 1427/1789/1490 1426/1787/1488 1444/1803/1503
f 1434/1788/1489 1452/1804/1504 1453/1806/1506
f 1428/1791/1492 1427/1789/1490 1445/1805/1505
f 1436/1776/1477 1435/1792/1491 1453/1808/1506
f 1429/1778/1479 1428/1791/1492 1446/1807/1507
f 1422/1783/1484 1440/1799/1499 1439/1811/1510
f 1437/1777/1478 1436/1776/1477 1454/1809/1508
f 1430/1779/1480 1429/1778/1479 1447/1810/1509
f 1800/1813/1512 1799/1867/1564 1478/1814/1513
f 1440/1799/1499 1456/1797/1497 1474/1816/1515
f 1449/1798/1498 1467/1832/1530 1468/1818/1517
f 1443/1801/1501 1442/1793/1493 1460/1795/1495
f 1450/1800/1500 1468/1818/1517 1469/1820/1519
f 1443/1801/1501 1461/1819/1518 1462/1821/1520
f 1451/1802/1502 1469/1820/1519 1470/1822/1521
f 1444/1803/1503 1462/1821/1520 1463/1823/1522
f 1452/1804/1504 1470/1822/1521 1471/1824/1523
f 1445/1805/1505 1463/1823/1522 1464/1825/1524
f 1454/1809/1508 1453/1808/1506 1471/1826/1523
f 1446/1807/1507 1464/1825/1524 1465/1828/1526
f 1439/1811/1510 1440/1799/1499 1458/1817/1516
f 1455/1796/1496 1454/1809/1508 1472/1827/1525
f 1447/1810/1509 1465/1828/1526 1466/1831/1529
f 1441/1774/1475 1439/1811/1510 1457/1829/1527
f 1456/1797/1497 1455/1796/1496 1473/1830/1528
f 1448/1812/1511 1466/1831/1529 1467/1832/1530
f 1818/1833/1531 1817/1903/1599 1497/1834/1532
f 1802/1836/1534 1801/1869/1566 1486/1837/1535
f 1800/1813/1512 1479/1815/1514 1480/1839/1537
f 1804/1841/1539 1802/1836/1534 1487/1838/1536
f 1803/1840/1538 1480/1839/1537 1481/1843/1541
f 1806/1845/1543 1804/1841/1539 1488/1842/1540
f 1805/1844/1542 1481/1843/1541 1482/1847/1545
f 1806/1849/1543 1489/2295/1544 1490/1850/1547
f 1807/1848/1546 1482/1847/1545 1483/1852/1549
f 1811/1854/1551 1810/1868/1565 1476/1855/1552
f 1808/1851/1548 1490/1850/1547 1491/1857/1554
f 1809/1853/1550 1483/1852/1549 1484/1859/1556
f 1814/1861/1558 1811/1854/1551 1475/1856/1553
f 1812/1858/1555 1491/1857/1554 1492/1863/1560
f 1816/1865/1562 1813/1860/1557 1484/1859/1556
f 1799/1867/1564 1814/1861/1558 1477/1862/1559
f 1815/1864/1561 1492/1863/1560 1476/1855/1552
f 1801/1869/1566 1816/1865/1562 1485/1866/1563
f 1498/1835/1533 1516/1923/1618 1517/1870/1567
f 1819/1872/1569 1505/1904/1600 1506/1873/1570
f 1821/1875/1572 1818/1833/1531 1498/1835/1533
f 1820/1874/1571 1506/1873/1570 1507/1876/1573
f 1823/1878/1575 1821/1875/1572 1499/1871/1568
f 1824/1880/1577 1822/2209/1574 1507/1881/1573
f 1825/1883/1579 1823/1878/1575 1500/1879/1576
f 1826/1885/1581 1494/1900/1596 1493/1886/1582
f 1828/1888/1584 1824/1880/1577 1508/1882/1578
f 1829/1890/1586 1825/1883/1579 1501/1884/1580
f 1827/1887/1583 1493/1886/1582 1495/1892/1588
f 1831/1894/1590 1828/1888/1584 1509/1889/1585
f 1829/1890/1586 1502/1891/1587 1503/1896/1592
f 1830/1893/1589 1495/1892/1588 1496/1898/1594
f 1826/1885/1581 1831/1894/1590 1510/1895/1591
f 1832/1897/1593 1503/1896/1592 1504/1901/1597
f 1833/1899/1595 1496/1898/1594 1497/1834/1532
f 1834/1902/1598 1504/1901/1597 1505/1904/1600
f 1518/1905/1601 1517/1870/1567 1535/1906/1602
f 1506/1873/1570 1524/1924/1619 1525/1908/1604
f 1499/1871/1568 1517/1870/1567 1518/1905/1601
f 1508/1882/1578 1507/1881/1573 1525/1909/1604
f 1500/1879/1576 1518/1905/1601 1519/1911/1606
f 1493/1886/1582 1494/1900/1596 1512/1912/1607
f 1509/1889/1585 1508/1882/1578 1526/1910/1605
f 1501/1884/1580 1519/1911/1606 1520/1915/1610
f 1495/1892/1588 1493/1886/1582 1511/1913/1608
f 1510/1895/1591 1509/1889/1585 1527/1914/1609
f 1502/1891/1587 1520/1915/1610 1521/1918/1613
f 1496/1898/1594 1495/1892/1588 1513/1916/1611
f 1494/1900/1596 1510/1895/1591 1528/1917/1612
f 1503/1896/1592 1521/1918/1613 1522/1920/1615
f 1497/1834/1532 1496/1898/1594 1514/1919/1614
f 1504/1901/1597 1522/1920/1615 1523/1922/1617
f 1498/1835/1533 1497/1834/1532 1515/1921/1616
f 1505/1904/1600 1523/1922/1617 1524/1924/1619
f 1853/1925/1620 1554/1979/1673 1555/1926/1621
f 1526/1910/1605 1525/1909/1604 1543/1928/1623
f 1519/1911/1606 1518/1905/1601 1536/1907/1603
f 1512/1912/1607 1530/1938/1633 1529/1931/1626
f 1527/1914/1609 1526/1910/1605 1544/1929/1624
f 1520/1915/1610 1519/1911/1606 1537/1930/1625
f 1511/1913/1608 1529/1931/1626 1531/1934/1629
f 1528/1917/1612 1527/1914/1609 1545/1932/1627
f 1520/1915/1610 1538/1933/1628 1539/1936/1631
f 1513/1916/1611 1531/1934/1629 1532/1937/1632
f 1512/1912/1607 1528/1917/1612 1546/1935/1630
f 1521/1918/1613 1539/1936/1631 1540/1939/1634
f 1514/1919/1614 1532/1937/1632 1533/1940/1635
f 1522/1920/1615 1540/1939/1634 1541/1941/1636
f 1516/1923/1618 1515/1921/1616 1533/1940/1635
f 1523/1922/1617 1541/1941/1636 1542/1943/1638
f 1517/1870/1567 1516/1923/1618 1534/1942/1637
f 1525/1908/1604 1524/1924/1619 1542/1943/1638
f 1836/1945/1639 1835/2016/1639 1573/1946/1640
f 1856/1948/1642 1855/1964/1658 1548/1949/1643
f 1858/1951/1645 1857/1981/1674 1562/1952/1646
f 1854/1927/1622 1555/1926/1621 1556/1954/1648
f 1860/1956/1650 1856/1948/1642 1547/1950/1644
f 1861/1958/1652 1858/1951/1645 1563/1953/1647
f 1859/1955/1649 1556/1954/1648 1557/1960/1654
f 1863/1962/1656 1860/1956/1650 1549/1957/1651
f 1855/1964/1658 1861/1958/1652 1564/1959/1653
f 1862/1961/1655 1557/1960/1654 1558/1965/1659
f 1865/1967/1661 1863/1962/1656 1550/1963/1657
f 1864/1966/1660 1558/1965/1659 1559/1969/1663
f 1865/1967/1661 1551/1968/1662 1552/1971/1665
f 1866/1970/1664 1559/1969/1663 1560/1973/1667
f 1867/1972/1666 1552/1971/1665 1553/1975/1669
f 1868/1974/1668 1560/1973/1667 1561/1977/1671
f 1869/1976/1670 1553/1975/1669 1554/1979/1673
f 1870/1980/1672 1561/2296/1671 1562/1952/1646
f 1889/1982/1675 1592/2052/1726 1593/1983/1676
f 1837/1985/1639 1565/2017/1693 1567/1986/1678
f 1840/1988/1639 1839/2018/1639 1581/1989/1679
f 1836/1945/1639 1574/1947/1641 1575/1991/1681
f 1838/1987/1639 1567/1986/1678 1568/1993/1682
f 1843/1995/1639 1840/1988/1639 1582/1990/1680
f 1841/1992/1639 1575/1991/1681 1576/1997/1684
f 1842/1994/1639 1568/1993/1682 1569/1999/1685
f 1844/1998/1639 1576/1997/1684 1577/2001/1686
f 1847/2003/1639 1845/2000/1639 1569/1999/1685
f 1846/2002/1639 1577/2001/1686 1578/2005/1688
f 1849/2007/1639 1847/2003/1639 1570/2004/1687
f 1848/2006/1639 1578/2005/1688 1579/2009/1690
f 1851/2011/1639 1849/2007/1639 1571/2008/1689
f 1852/2013/1639 1850/2210/1639 1579/2014/1690
f 1835/2016/1639 1851/2011/1639 1572/2012/1691
f 1843/1995/1639 1566/1996/1683 1565/2017/1693
f 1839/2018/1639 1852/2013/1639 1580/2015/1692
f 1594/2019/1694 1593/1983/1676 1611/2020/1695
f 1891/2022/1697 1585/2053/1727 1586/2023/1698
f 1894/2025/1700 1893/2054/1728 1600/2026/1701
f 1890/1984/1677 1593/1983/1676 1594/2019/1694
f 1892/2024/1699 1586/2023/1698 1587/2029/1704
f 1895/2028/1703 1594/2019/1694 1595/2031/1706
f 1896/2030/1705 1587/2029/1704 1588/2033/1708
f 1897/2032/1707 1595/2031/1706 1596/2035/1710
f 1900/2037/1712 1898/2034/1709 1588/2033/1708
f 1899/2036/1711 1596/2035/1710 1597/2039/1714
f 1902/2041/1716 1900/2037/1712 1589/2038/1713
f 1903/2043/1718 1901/2222/1715 1597/2044/1714
f 1904/2046/1720 1902/2041/1716 1590/2042/1717
f 1894/2025/1700 1584/2027/1702 1583/2048/1722
f 1906/2050/1724 1903/2043/1718 1598/2045/1719
f 1889/1982/1675 1904/2046/1720 1591/2047/1721
f 1905/2049/1723 1583/2048/1722 1585/2053/1727
f 1893/2054/1728 1906/2050/1724 1599/2051/1725
f 1871/2055/1729 1630/2108/1764 1631/2056/1730
f 1587/2029/1704 1586/2023/1698 1604/2058/1731
f 1595/2031/1706 1594/2019/1694 1612/2021/1696
f 1587/2029/1704 1605/2059/1732 1606/2061/1734
f 1596/2035/1710 1595/2031/1706 1613/2060/1733
f 1588/2033/1708 1606/2061/1734 1607/2063/1736
f 1596/2035/1710 1614/2062/1735 1615/2064/1737
f 1589/2038/1713 1607/2063/1736 1608/2065/1738
f 1597/2044/1714 1615/2297/1737 1616/2066/1739
f 1590/2042/1717 1608/2065/1738 1609/2067/1740
f 1583/2048/1722 1584/2027/1702 1602/2068/1741
f 1598/2045/1719 1616/2066/1739 1617/2070/1743
f 1591/2047/1721 1609/2067/1740 1610/2071/1744
f 1585/2053/1727 1583/2048/1722 1601/2069/1742
f 1599/2051/1725 1617/2070/1743 1618/2073/1746
f 1593/1983/1676 1592/2052/1726 1610/2071/1744
f 1586/2023/1698 1585/2053/1727 1603/2072/1745
f 1600/2026/1701 1618/2073/1746 1602/2068/1741
f 1632/2074/1747 1631/2056/1730 1649/2075/1748
f 1873/2077/1661 1623/2109/1765 1624/2078/1750
f 1872/2057/1664 1631/2056/1730 1632/2074/1747
f 1874/2079/1666 1624/2078/1750 1625/2081/1751
f 1875/2080/1668 1632/2074/1747 1633/2083/1752
f 1876/2082/1670 1625/2081/1751 1626/2085/1753
f 1877/2087/1672 1633/2114/1752 1634/2088/1754
f 1878/2086/1620 1626/2085/1753 1627/2090/1755
f 1882/2092/1642 1881/2107/1658 1620/2093/1756
f 1883/2095/1645 1879/2089/1674 1634/2088/1754
f 1880/2091/1622 1627/2090/1755 1628/2097/1759
f 1885/2099/1650 1882/2092/1642 1619/2094/1757
f 1886/2101/1652 1883/2095/1645 1635/2096/1758
f 1884/2098/1649 1628/2097/1759 1629/2103/1762
f 1888/2105/1656 1885/2099/1650 1621/2100/1760
f 1881/2107/1658 1886/2101/1652 1636/2102/1761
f 1887/2104/1655 1629/2103/1762 1630/2108/1764
f 1873/2077/1661 1888/2105/1656 1622/2106/1763
f 1650/2076/1749 1668/2147/1801 1669/2110/1766
f 1624/2078/1750 1642/2127/1782 1643/2112/1768
f 1632/2074/1747 1650/2076/1749 1651/2111/1767
f 1625/2081/1751 1643/2112/1768 1644/2113/1769
f 1633/2114/1752 1651/2298/1767 1652/2115/1770
f 1626/2085/1753 1644/2113/1769 1645/2116/1771
f 1619/2094/1757 1620/2093/1756 1638/2117/1772
f 1634/2088/1754 1652/2115/1770 1653/2119/1774
f 1627/2090/1755 1645/2116/1771 1646/2120/1775
f 1621/2100/1760 1619/2094/1757 1637/2118/1773
f 1635/2096/1758 1653/2119/1774 1654/2122/1777
f 1629/2103/1762 1628/2097/1759 1646/2120/1775
f 1622/2106/1763 1621/2100/1760 1639/2121/1776
f 1636/2102/1761 1654/2122/1777 1638/2117/1772
f 1630/2108/1764 1629/2103/1762 1647/2123/1778
f 1623/2109/1765 1622/2106/1763 1640/2124/1779
f 1631/2056/1730 1630/2108/1764 1648/2125/1780
f 1623/2109/1765 1641/2126/1781 1642/2127/1782
f 1670/2128/1783 1669/2133/1766 1687/2129/1784
f 1644/2113/1769 1643/2112/1768 1661/2131/1786
f 1652/2115/1770 1651/2298/1767 1669/2133/1766
f 1645/2116/1771 1644/2113/1769 1662/2132/1787
f 1638/2117/1772 1656/2142/1796 1655/2135/1789
f 1653/2119/1774 1652/2115/1770 1670/2128/1783
f 1646/2120/1775 1645/2116/1771 1663/2134/1788
f 1637/2118/1773 1655/2135/1789 1657/2138/1792
f 1654/2122/1777 1653/2119/1774 1671/2136/1790
f 1646/2120/1775 1664/2137/1791 1665/2140/1794
f 1639/2121/1776 1657/2138/1792 1658/2141/1795
f 1638/2117/1772 1654/2122/1777 1672/2139/1793
f 1647/2123/1778 1665/2140/1794 1666/2143/1797
f 1640/2124/1779 1658/2141/1795 1659/2144/1798
f 1648/2125/1780 1666/2143/1797 1667/2145/1799
f 1642/2127/1782 1641/2126/1781 1659/2144/1798
f 1649/2075/1748 1667/2145/1799 1668/2147/1801
f 1643/2112/1768 1642/2127/1782 1660/2146/1800
f 1675/2299/1808 1673/2300/1806 1674/2301/1812
f 1674/2301/1812 1690/2302/1809 1689/2148/1802
f 1689/2148/1802 1688/2303/1785 1687/2304/1784
f 1687/2304/1784 1686/2305/1816 1685/2306/1814
f 1685/2306/1814 1684/2307/1813 1683/2308/1810
f 1683/2308/1810 1682/2309/1807 1681/2149/1803
f 1681/2149/1803 1680/2310/1805 1679/2311/1817
f 1679/2311/1817 1678/2312/1815 1677/2150/1804
f 1677/2150/1804 1676/2313/1811 1675/2299/1808
f 1675/2299/1808 1674/2301/1812 1689/2148/1802
f 1689/2148/1802 1687/2304/1784 1685/2306/1814
f 1685/2306/1814 1683/2308/1810 1681/2149/1803
f 1681/2149/1803 1679/2311/1817 1677/2150/1804
f 1677/2150/1804 1675/2299/1808 1689/2148/1802
f 1689/2148/1802 1685/2306/1814 1681/2149/1803
f 1663/2134/1788 1662/2132/1787 1680/2151/1805
f 1656/2142/1796 1674/2160/1812 1673/2153/1806
f 1671/2136/1790 1670/2128/1783 1688/2130/1785
f 1664/2137/1791 1663/2134/1788 1681/2152/1803
f 1655/2135/1789 1673/2153/1806 1675/2156/1808
f 1672/2139/1793 1671/2136/1790 1689/2154/1802
f 1664/2137/1791 1682/2155/1807 1683/2158/1810
f 1657/2138/1792 1675/2156/1808 1676/2159/1811
f 1656/2142/1796 1672/2139/1793 1690/2157/1809
f 1665/2140/1794 1683/2158/1810 1684/2161/1813
f 1658/2141/1795 1676/2159/1811 1677/2162/1804
f 1666/2143/1797 1684/2161/1813 1685/2163/1814
f 1659/2144/1798 1677/2162/1804 1678/2164/1815
f 1667/2145/1799 1685/2163/1814 1686/2165/1816
f 1661/2131/1786 1660/2146/1800 1678/2164/1815
f 1668/2147/1801 1686/2165/1816 1687/2167/1784
f 1662/2132/1787 1661/2131/1786 1679/2166/1817
f 1307/1555/1288 1721/2170/1820 1722/2168/1818
f 1706/1601/1325 1739/2180/1830 1737/2169/1819
f 1306/1551/1286 1720/2173/1823 1721/2170/1820
f 1696/1580/1305 1707/1602/1326 1740/2171/1821
f 1305/1545/1283 1719/2177/1827 1720/2173/1823
f 1691/1606/1330 1692/1535/1277 1727/2174/1824
f 1708/1605/1329 1741/2187/1837 1738/2176/1826
f 1304/1516/1260 1718/2182/1832 1719/2177/1827
f 1693/1607/1331 1694/1575/1300 1728/2178/1828
f 1691/1606/1330 1742/2175/1825 1739/2180/1830
f 1304/1516/1260 1303/1569/1295 1717/2181/1831
f 1696/1580/1305 1729/2172/1822 1744/2183/1833
f 1303/1569/1295 1302/1564/1293 1716/2184/1834
f 1707/1602/1326 1693/1607/1331 1743/2179/1829
f 1692/1535/1277 1697/1581/1306 1730/2185/1835
f 1302/1564/1293 1301/1560/1291 1715/2186/1836
f 1695/1578/1303 1744/2183/1833 1741/2187/1837
f 1694/1575/1300 1698/1583/1308 1731/2188/1838
f 1725/2189/1839 1741/2187/1837 1744/2183/1833
f 1711/2191/1841 1709/2193/1843 1740/2171/1821
f 1717/2181/1831 1739/2180/1830 1742/2175/1825
f 1724/2192/1842 1738/2176/1826 1741/2187/1837
f 1709/2193/1843 1710/2203/1852 1729/2172/1822
f 1716/2184/1834 1737/2169/1819 1739/2180/1830
f 1723/2194/1844 1736/2205/1846 1738/2176/1826
f 1715/2186/1836 1735/2199/1848 1737/2169/1819
f 1723/2195/1844 1722/2168/1818 1734/2196/1845
f 1714/2198/1847 1733/2201/1850 1735/2199/1848
f 1722/2168/1818 1721/2170/1820 1732/2200/1849
f 1714/2198/1847 1713/2202/1851 1731/2188/1838
f 1721/2170/1820 1720/2173/1823 1730/2185/1835
f 1713/2202/1851 1712/2204/1853 1728/2178/1828
f 1720/2173/1823 1719/2177/1827 1727/2174/1824
f 1726/2190/1840 1744/2183/1833 1729/2172/1822
f 1712/2204/1853 1711/2191/1841 1743/2179/1829
f 1719/2177/1827 1718/2182/1832 1742/2175/1825
f 1705/1599/1323 1738/2176/1826 1736/2205/1846
f 1704/1596/1321 1737/2169/1819 1735/2199/1848
f 1308/1559/1290 1722/2168/1818 1723/2195/1844
f 1296/1548/1285 1710/2203/1852 1709/2193/1843
f 1703/1594/1319 1736/2197/1846 1734/2196/1845
f 1310/1567/1294 1309/2292/1292 1723/2194/1844
f 1295/1539/1280 1709/2193/1843 1711/2191/1841
f 1702/1592/1317 1735/2199/1848 1733/2201/1850
f 1311/1571/1296 1310/1567/1294 1724/2192/1842
f 1297/1540/1281 1711/2191/1841 1712/2204/1853
f 1699/1585/1310 1701/1589/1314 1734/2196/1845
f 1312/1542/1282 1311/1571/1296 1725/2189/1839
f 1298/1547/1284 1712/2204/1853 1713/2202/1851
f 1700/1588/1313 1733/2201/1850 1731/2188/1838
f 1296/1548/1285 1312/1542/1282 1726/2190/1840
f 1300/1556/1289 1299/1553/1287 1713/2202/1851
f 1697/1581/1306 1699/1585/1310 1732/2200/1849
f 1301/1560/1291 1300/1556/1289 1714/2198/1847
f 1330/1608/1332 1762/1640/1363 1757/1643/1366
f 1316/1577/1302 1315/1576/1301 1761/1637/1360
f 1323/1537/1279 1322/1536/1278 1760/1636/1359
f 1329/1604/1328 1759/1634/1357 1762/1640/1363
f 1315/1576/1301 1313/1603/1327 1758/1630/1353
f 1321/1600/1324 1756/1629/1352 1760/1636/1359
f 1328/1598/1322 1755/1627/1350 1759/1634/1357
f 1313/1603/1327 1314/1579/1304 1757/1643/1366
f 1320/1595/1320 1754/1624/1348 1756/1629/1352
f 1327/2206/1318 1753/1625/1346 1755/1627/1350
f 1319/1591/1316 1752/1620/1344 1754/1624/1348
f 1326/1590/1315 1751/1617/1341 1753/1622/1346
f 1318/1587/1312 1750/1616/1340 1752/1620/1344
f 1326/1590/1315 1325/1586/1311 1749/1614/1338
f 1317/1584/1309 1748/1611/1335 1750/1616/1340
f 1325/1586/1311 1324/1582/1307 1746/1572/1297
f 1317/1584/1309 1316/1577/1302 1747/1642/1365
f 1324/1582/1307 1323/1537/1279 1745/1641/1364
f 1353/1664/1386 1780/1699/1419 1765/1701/1421
f 1360/1663/1385 1779/1697/1417 1763/1644/1367
f 1352/1662/1384 1778/1694/1414 1780/1699/1419
f 1359/1661/1383 1777/1692/1412 1779/1697/1417
f 1350/1655/1377 1366/1660/1382 1776/1689/1409
f 1351/1659/1381 1775/1688/1408 1778/1694/1414
f 1358/1658/1380 1774/1685/1405 1777/1692/1412
f 1366/1660/1382 1365/1657/1379 1773/1683/1403
f 1349/1656/1378 1772/1682/1402 1775/1688/1408
f 1358/1658/1380 1357/1654/1376 1770/1678/1398
f 1365/1657/1379 1364/1653/1375 1769/1675/1396
f 1350/1655/1377 1771/1680/1400 1772/1682/1402
f 1357/1654/1376 1356/1651/1374 1768/1673/1394
f 1364/1653/1375 1363/1652/1373 1767/2207/1393
f 1356/1651/1374 1355/1649/1372 1766/1668/1390
f 1363/1650/1373 1362/1648/1371 1764/1646/1369
f 1355/1649/1372 1354/1647/1370 1765/1701/1421
f 1361/1609/1333 1763/1644/1367 1764/1646/1369
f 1392/1706/1425 1391/1738/1440 1798/1769/1471
f 1399/1667/1389 1398/1666/1388 1797/1768/1470
f 1391/1738/1440 1390/1735/1439 1796/1766/1468
f 1397/1734/1438 1795/1764/1466 1797/1768/1470
f 1390/1735/1439 1389/1732/1437 1794/1762/1464
f 1396/1730/1436 1793/1760/1462 1795/1764/1466
f 1388/1727/1435 1792/1758/1460 1794/1762/1464
f 1395/1725/1434 1791/1756/1458 1793/1760/1462
f 1386/1714/1428 1402/1722/1433 1790/1753/1455
f 1387/1721/1432 1789/1752/1454 1792/1758/1460
f 1394/1718/1431 1788/1749/1451 1791/1756/1458
f 1402/1722/1433 1401/1716/1430 1787/1747/1449
f 1385/1715/1429 1786/1746/1448 1789/1752/1454
f 1394/1718/1431 1393/1711/1427 1784/1742/1444
f 1401/1716/1430 1400/1709/1426 1782/1702/1422
f 1386/1714/1428 1785/1745/1447 1786/1746/1448
f 1393/1711/1427 1392/1706/1425 1783/1773/1474
f 1400/1709/1426 1399/2294/1389 1781/2208/1473
f 1468/1818/1517 1467/1832/1530 1816/1865/1562
f 1474/1816/1515 1815/1864/1561 1810/1868/1565
f 1460/1795/1495 1459/1794/1494 1814/1861/1558
f 1467/1832/1530 1466/1831/1529 1813/1860/1557
f 1473/1830/1528 1812/1858/1555 1815/1864/1561
f 1459/1794/1494 1457/1829/1527 1811/1854/1551
f 1465/1828/1526 1809/1853/1550 1813/1860/1557
f 1472/1827/1525 1808/1851/1548 1812/1858/1555
f 1457/1829/1527 1458/1817/1516 1810/1868/1565
f 1464/1825/1524 1807/1848/1546 1809/1853/1550
f 1471/1826/1523 1806/1849/1543 1808/1851/1548
f 1463/1823/1522 1805/1844/1542 1807/1848/1546
f 1470/1822/1521 1804/1841/1539 1806/1845/1543
f 1462/1821/1520 1803/1840/1538 1805/1844/1542
f 1470/1822/1521 1469/1820/1519 1802/1836/1534
f 1461/1819/1518 1800/1813/1512 1803/1840/1538
f 1469/1820/1519 1468/1818/1517 1801/1869/1566
f 1461/1819/1518 1460/1795/1495 1799/1867/1564
f 1486/1837/1535 1834/1902/1598 1819/1872/1569
f 1478/1814/1513 1833/1899/1595 1817/1903/1599
f 1485/1866/1563 1832/1897/1593 1834/1902/1598
f 1476/1855/1552 1492/1863/1560 1831/1894/1590
f 1477/1862/1559 1830/1893/1589 1833/1899/1595
f 1484/1859/1556 1829/1890/1586 1832/1897/1593
f 1492/1863/1560 1491/1857/1554 1828/1888/1584
f 1475/1856/1553 1827/1887/1583 1830/1893/1589
f 1484/1859/1556 1483/1852/1549 1825/1883/1579
f 1491/1857/1554 1490/1850/1547 1824/1880/1577
f 1476/1855/1552 1826/1885/1581 1827/1887/1583
f 1483/1852/1549 1482/1847/1545 1823/1878/1575
f 1490/1850/1547 1489/2295/1544 1822/2209/1574
f 1482/1847/1545 1481/1843/1541 1821/1875/1572
f 1488/1842/1540 1820/1874/1571 1822/1877/1574
f 1481/1843/1541 1480/1839/1537 1818/1833/1531
f 1487/1838/1536 1819/1872/1569 1820/1874/1571
f 1479/1815/1514 1817/1903/1599 1818/1833/1531
f 1563/1953/1647 1562/1952/1646 1852/2013/1639
f 1548/1949/1643 1843/1995/1639 1837/1985/1639
f 1555/1926/1621 1554/1979/1673 1851/2011/1639
f 1562/1952/1646 1561/2296/1671 1850/2210/1639
f 1554/1979/1673 1553/1975/1669 1849/2007/1639
f 1560/1973/1667 1848/2006/1639 1850/2010/1639
f 1553/1975/1669 1552/1971/1665 1847/2003/1639
f 1559/1969/1663 1846/2002/1639 1848/2006/1639
f 1551/1968/1662 1845/2000/1639 1847/2003/1639
f 1558/1965/1659 1844/1998/1639 1846/2002/1639
f 1550/1963/1657 1842/1994/1639 1845/2000/1639
f 1557/1960/1654 1841/1992/1639 1844/1998/1639
f 1548/1949/1643 1564/1959/1653 1840/1988/1639
f 1549/1957/1651 1838/1987/1639 1842/1994/1639
f 1556/1954/1648 1836/1945/1639 1841/1992/1639
f 1564/1959/1653 1563/1953/1647 1839/2018/1639
f 1547/1950/1644 1837/1985/1639 1838/1987/1639
f 1556/1954/1648 1555/1926/1621 1835/2016/1639
f 1544/1929/1624 1543/1928/1623 1870/1980/1672
f 1535/1906/1602 1869/1976/1670 1853/1925/1620
f 1542/1943/1638 1868/1974/1668 1870/1978/1672
f 1534/1942/1637 1867/1972/1666 1869/1976/1670
f 1541/1941/1636 1866/1970/1664 1868/1974/1668
f 1533/1940/1635 1865/1967/1661 1867/1972/1666
f 1540/1939/1634 1864/1966/1660 1866/1970/1664
f 1533/1940/1635 1532/1937/1632 1863/1962/1656
f 1539/1936/1631 1862/1961/1655 1864/1966/1660
f 1530/1938/1633 1546/1935/1630 1861/1958/1652
f 1532/1937/1632 1531/1934/1629 1860/1956/1650
f 1538/1933/1628 1859/1955/1649 1862/1961/1655
f 1546/1935/1630 1545/1932/1627 1858/1951/1645
f 1531/1934/1629 1529/1931/1626 1856/1948/1642
f 1537/1930/1625 1854/1927/1622 1859/1955/1649
f 1545/1932/1627 1544/1929/1624 1857/1981/1674
f 1529/1931/1626 1530/1938/1633 1855/1964/1658
f 1536/1907/1603 1853/1925/1620 1854/1927/1622
f 1605/2059/1732 1604/2058/1731 1888/2105/1656
f 1611/2020/1695 1887/2104/1655 1871/2055/1729
f 1602/2068/1741 1618/2073/1746 1886/2101/1652
f 1604/2058/1731 1603/2072/1745 1885/2099/1650
f 1610/2071/1744 1884/2098/1649 1887/2104/1655
f 1618/2073/1746 1617/2070/1743 1883/2095/1645
f 1603/2072/1745 1601/2069/1742 1882/2092/1642
f 1609/2067/1740 1880/2091/1622 1884/2098/1649
f 1617/2070/1743 1616/2066/1739 1879/2089/1674
f 1601/2069/1742 1602/2068/1741 1881/2107/1658
f 1608/2065/1738 1878/2086/1620 1880/2091/1622
f 1616/2066/1739 1615/2297/1737 1877/2087/1672
f 1607/2063/1736 1876/2082/1670 1878/2086/1620
f 1614/2062/1735 1875/2080/1668 1877/2084/1672
f 1606/2061/1734 1874/2079/1666 1876/2082/1670
f 1613/2060/1733 1872/2057/1664 1875/2080/1668
f 1605/2059/1732 1873/2077/1661 1874/2079/1666
f 1612/2021/1696 1871/2055/1729 1872/2057/1664
f 1149/2314/1129 1115/2315/1096 1117/2316/1098
f 1117/2316/1098 1119/2317/1100 1121/2211/1102
f 1121/2211/1102 1123/2318/1104 1125/2319/1105
f 1125/2319/1105 1127/2320/1107 1129/2321/1109
f 1129/2321/1109 1131/2322/1111 1133/2323/1113
f 1133/2323/1113 1135/2324/1115 1137/2212/1117
f 1137/2212/1117 1139/2325/1119 1141/2326/1121
f 1141/2326/1121 1143/2327/1122 1145/2213/1124
f 1145/2213/1124 1147/2328/1126 1149/2314/1129
f 1149/2314/1129 1117/2316/1098 1121/2211/1102
f 1121/2211/1102 1125/2319/1105 1129/2321/1109
f 1129/2321/1109 1133/2323/1113 1137/2212/1117
f 1137/2212/1117 1141/2326/1121 1145/2213/1124
f 1145/2213/1124 1149/2314/1129 1121/2211/1102
f 1121/2211/1102 1129/2321/1109 1137/2212/1117
f 1582/2214/1680 1581/2218/1679 1906/2050/1724
f 1565/2215/1693 1905/2049/1723 1891/2022/1697
f 1574/2217/1641 1573/2220/1640 1904/2046/1720
f 1581/2218/1679 1580/2221/1692 1903/2043/1718
f 1566/2219/1683 1894/2025/1700 1905/2049/1723
f 1573/2220/1640 1572/2223/1691 1902/2041/1716
f 1580/2221/1692 1579/2329/1690 1901/2222/1715
f 1572/2223/1691 1571/2225/1689 1900/2037/1712
f 1579/2224/1690 1578/2227/1688 1899/2036/1711
f 1571/2225/1689 1570/2228/1687 1898/2034/1709
f 1577/2226/1686 1897/2032/1707 1899/2036/1711
f 1570/2228/1687 1569/2231/1685 1896/2030/1705
f 1576/2229/1684 1895/2028/1703 1897/2032/1707
f 1568/2230/1682 1892/2024/1699 1896/2030/1705
f 1575/2232/1681 1890/1984/1677 1895/2028/1703
f 1566/2219/1683 1582/2214/1680 1893/2054/1728
f 1567/2216/1678 1891/2022/1697 1892/2024/1699
f 1574/2217/1641 1889/1982/1675 1890/1984/1677
